-- phpMyAdmin SQL Dump
-- version 5.1.0
-- https://www.phpmyadmin.net/
--
-- Host: 127.0.0.1
-- Generation Time: May 19, 2021 at 10:44 AM
-- Server version: 10.4.18-MariaDB
-- PHP Version: 7.4.16

SET SQL_MODE = "NO_AUTO_VALUE_ON_ZERO";
START TRANSACTION;
SET time_zone = "+00:00";


/*!40101 SET @OLD_CHARACTER_SET_CLIENT=@@CHARACTER_SET_CLIENT */;
/*!40101 SET @OLD_CHARACTER_SET_RESULTS=@@CHARACTER_SET_RESULTS */;
/*!40101 SET @OLD_COLLATION_CONNECTION=@@COLLATION_CONNECTION */;
/*!40101 SET NAMES utf8mb4 */;

--
-- Database: `dentist_management_system`
--

-- --------------------------------------------------------

--
-- Table structure for table `addresses`
--

CREATE TABLE `addresses` (
  `address_id` int(11) NOT NULL,
  `p_ssn` varchar(15) NOT NULL,
  `city` varchar(20) NOT NULL,
  `street` varchar(20) NOT NULL,
  `zip_code` varchar(10) NOT NULL
) ENGINE=InnoDB DEFAULT CHARSET=utf8;

--
-- Dumping data for table `addresses`
--

INSERT INTO `addresses` (`address_id`, `p_ssn`, `city`, `street`, `zip_code`) VALUES
(1, '684-62-3046', 'Kenitra', 'Algoma', '41741'),
(2, '241-98-5233', 'Caihe', 'Golf', '97329'),
(3, '811-37-5545', 'Villa Serrano', 'Donald', '91631'),
(4, '155-31-4795', 'Manikchari', 'Daystar', '56977'),
(5, '257-82-9962', 'Masty', 'Rowland', '52984'),
(6, '642-62-5698', 'Minneapolis', 'Hoffman', '60247'),
(7, '467-98-4939', 'Basak', 'Randy', '54460'),
(8, '128-27-0031', 'Quỳnh Côi', 'Thompson', '62429'),
(9, '518-67-8017', 'Kisovec', 'Sloan', '93054'),
(10, '876-69-8302', 'Aparecida', 'Hallows', '90598'),
(11, '271-54-4443', 'Fort-de-France', 'Bluejay', '79359'),
(12, '202-34-7844', 'Pontivy', 'Evergreen', '62483'),
(13, '739-92-1260', 'Maple Creek', 'Schlimgen', '22478'),
(14, '842-82-6241', 'Gongping', 'Moulton', '83654'),
(15, '861-50-8531', 'Banjar Jagasatru', 'Twin Pines', '31245'),
(16, '596-82-6362', 'Shizi', 'Clyde Gallagher', '15400'),
(17, '233-42-6148', 'Tulsa', 'Mosinee', '96687'),
(18, '709-65-3199', 'Mehron', 'Ridgeway', '78067'),
(19, '732-76-7488', 'Grytviken', 'Hooker', '89890'),
(20, '808-60-5254', 'Huangrangping', 'Stuart', '40799'),
(21, '804-96-7203', 'Synya', 'Corben', '50623'),
(22, '262-63-8830', 'Nazir Town', 'Everett', '24640'),
(23, '679-32-9670', 'Xinli', 'Pawling', '37297'),
(24, '876-08-3247', 'Changyi', 'Moland', '26054'),
(25, '394-72-2829', 'Nkwerre', 'Bartelt', '39215'),
(26, '115-90-0204', 'La Cumbre', 'Sullivan', '72201'),
(27, '739-58-7746', 'Fatumuti', 'Erie', '56461'),
(28, '702-40-0846', 'Malumfashi', 'Transport', '97800'),
(29, '724-56-4588', 'Berat', 'Menomonie', '47098'),
(30, '658-81-9464', 'Roboré', 'Bartillon', '57715'),
(31, '585-47-5039', 'Cibeureum', '6th', '68867'),
(32, '348-17-8332', 'Ringim', 'Commercial', '55622'),
(33, '552-17-2356', 'Westonaria', 'Kinsman', '21503'),
(34, '425-19-2062', 'Jambangan', 'Coolidge', '24418'),
(35, '372-57-7187', 'Iida', 'David', '41831'),
(36, '796-91-3736', 'Morro Agudo', 'Kennedy', '54891'),
(37, '117-39-8781', 'Nandong', 'Garrison', '21619'),
(38, '234-67-4530', 'Longquan', 'Parkside', '78309'),
(39, '463-09-8446', 'Malway', 'Talisman', '36711'),
(40, '603-75-5338', 'San José', 'Bellgrove', '58032'),
(41, '452-06-5236', 'Xinkaikou', 'Packers', '65227'),
(42, '703-14-9621', 'Cergy-Pontoise', 'Reinke', '24054'),
(43, '369-93-6607', 'Indang', 'Cottonwood', '66651'),
(44, '170-68-8098', 'Glazov', 'Mallard', '19826'),
(45, '159-11-6268', 'Đồng Mỏ', 'Killdeer', '67205'),
(46, '423-01-8442', 'Leeuwarden', 'Erie', '26932'),
(47, '371-33-3055', 'Talisay', 'Goodland', '54074'),
(48, '552-90-1812', 'Yuli', 'Delaware', '10836'),
(49, '708-88-8361', 'Berlin', 'Garrison', '56844'),
(50, '191-91-1128', 'Portela', 'Weeping Birch', '81435'),
(51, '161-63-1632', 'Kvasice', 'Dixon', '03405'),
(52, '160-58-6094', 'Kochani', 'Clemons', '09516'),
(53, '398-78-0483', 'Rongdoi', 'Bunting', '40975'),
(54, '822-82-8832', 'Siekierczyn', 'Vera', '85058'),
(55, '446-14-0262', 'Sapele', 'Moulton', '21502'),
(56, '225-87-8017', 'Goght’', 'Ridge Oak', '79892'),
(57, '892-09-4576', 'Okpo', 'Eggendart', '73035'),
(58, '597-26-7228', 'Kampong Thom', 'Garrison', '47457'),
(59, '538-49-7646', 'Hova', 'Holy Cross', '10498'),
(60, '768-02-3100', 'Bang Rakam', 'Anthes', '87689'),
(61, '889-75-7874', 'Bukonyo', 'Vernon', '16141'),
(62, '775-45-9628', 'Mamoudzou', 'Manley', '87523'),
(63, '414-07-9755', 'Mpongwe', 'Lotheville', '53409'),
(64, '386-71-3024', 'Torez', 'Mccormick', '01844'),
(65, '276-22-5143', 'Kahuripan', 'West', '35911'),
(66, '259-26-4030', 'Kristinehamn', 'Sunbrook', '37520'),
(67, '830-21-8351', 'Ishikari', 'Bunting', '75695'),
(68, '767-43-3886', 'Ipatinga', 'Spaight', '06761'),
(69, '833-70-9820', 'Laojieji', 'Parkside', '09997'),
(70, '818-34-8345', 'Ddmashen', 'Muir', '69679'),
(71, '524-31-0241', 'Zhuozishan', 'Dorton', '92550'),
(72, '511-65-8142', 'Jbaïl', 'Delladonna', '56326'),
(73, '881-94-8827', 'Neresnytsya', 'Anzinger', '27483'),
(74, '840-85-8092', 'Xinhe', 'Anhalt', '92546'),
(75, '262-84-1557', 'La Reforma', 'Ruskin', '84613'),
(76, '473-90-5942', 'Pasiraman', 'Sachs', '24143'),
(77, '373-91-9159', 'Tyret’ Pervaya', 'Schlimgen', '30698'),
(78, '730-55-1286', 'Jiyang', 'Schmedeman', '50702'),
(79, '451-81-9101', 'Kajansi', 'Hovde', '29953'),
(80, '743-40-1988', 'Kuantan', 'Gateway', '32387'),
(81, '456-99-7580', 'Werbkowice', 'Claremont', '57320'),
(82, '577-10-3406', 'Marcabal', 'Gerald', '09618'),
(83, '807-08-3911', 'Duodaoshi', 'Jenna', '86446'),
(84, '521-75-7690', 'Condoroma', 'Susan', '19483'),
(85, '724-96-7512', 'Huliao', 'Forest', '99954'),
(86, '160-30-8677', 'Wuyao', 'Texas', '88400'),
(87, '243-81-1229', 'Keren', 'Oriole', '03925'),
(88, '166-48-9399', 'Wielka Nieszawka', 'Bobwhite', '08050'),
(89, '765-95-0286', 'Xumai', 'Daystar', '61310'),
(90, '394-98-4477', 'Lindavista', 'Armistice', '29630'),
(91, '266-32-8627', 'Bulgan', 'Pine View', '69019'),
(92, '578-02-8765', 'Göteborg', 'Schlimgen', '54547'),
(93, '817-49-7902', 'Heerlen', 'Clarendon', '97306'),
(94, '807-42-5551', 'Al Karmil', 'Mesta', '07564'),
(95, '634-53-8423', 'Machado', 'Rieder', '29944'),
(96, '249-87-9777', 'Palmeiros', 'Knutson', '12439'),
(97, '636-45-4607', 'Guozhen', 'Oriole', '63770'),
(98, '395-13-4270', 'Miskindzha', 'Maryland', '81261'),
(99, '571-69-7762', 'İsmayıllı', 'Everett', '86919'),
(100, '851-78-2842', 'Cancela', 'Ridgeview', '09851'),
(101, '840-29-4856', 'Miao’ertan', 'Homewood', '13382'),
(102, '332-68-3093', 'Livadiya', 'Westerfield', '75081'),
(103, '650-53-2947', 'Matsena', 'Calypso', '35390'),
(104, '262-64-1484', 'Alukama', 'Forest', '03562'),
(105, '431-32-9368', 'Puor', 'Stone Corner', '82690'),
(106, '125-90-6382', 'Pontes', 'Corry', '24005'),
(107, '382-80-4282', 'Duwe', 'Bobwhite', '48513'),
(108, '148-34-9768', 'Yanshi', 'Roxbury', '91186'),
(109, '561-27-5730', 'Tonggoh', 'Pawling', '92306'),
(110, '471-45-2246', 'Siilinjärvi', 'Fairview', '71378'),
(111, '238-36-7153', 'Bolondrón', 'Hansons', '19768'),
(112, '322-63-3278', 'Studená', 'Hudson', '24842'),
(113, '319-13-0608', 'Lagdo', 'Prairieview', '86778'),
(114, '851-94-4663', 'Gusau', 'Cascade', '15933'),
(115, '577-62-3066', 'Hucheng', 'Rockefeller', '49122'),
(116, '409-74-3965', 'Amirabad', 'Montana', '41252'),
(117, '686-97-2501', 'Dunmanway', 'Ryan', '57517'),
(118, '359-11-3115', 'Cergy-Pontoise', 'Commercial', '42439'),
(119, '313-40-5866', 'Annecy', 'Logan', '14128'),
(120, '577-05-9599', 'Mijiang', 'Sloan', '21121'),
(121, '880-43-2775', 'Kranggan', 'Huxley', '64255'),
(122, '888-86-6227', 'Alīpur', 'Carberry', '24280'),
(123, '505-88-5463', 'Sanchang', 'Dwight', '67471'),
(124, '274-38-0040', 'Mežica', 'Tennessee', '36968'),
(125, '223-09-5658', 'Pangkalan Kasai', 'Towne', '98454'),
(126, '756-82-0402', 'Pinayagan Norte', 'Rusk', '42669'),
(127, '747-66-2205', 'Khiliomódhi', 'Burrows', '64477'),
(128, '617-50-0708', 'Fuwah', 'Fremont', '31900'),
(129, '743-36-9780', 'Izumi', 'Algoma', '82799'),
(130, '896-12-3024', 'Auch', 'Shelley', '69265'),
(131, '454-46-0906', 'Ohafia-Ifigh', 'East', '20735'),
(132, '797-19-9061', 'Novobiryusinskiy', 'Vahlen', '63504'),
(133, '441-74-2740', 'Cibetung Dua', 'Portage', '38895'),
(134, '330-83-6556', 'Chengyang', 'Northridge', '13457'),
(135, '221-18-2753', 'Las Palmas', 'Melvin', '94285'),
(136, '888-33-9535', 'Três Pontas', 'New Castle', '37609'),
(137, '720-52-8972', 'Guadalupe', 'Merrick', '66700'),
(138, '216-67-5182', 'Jinotega', 'Atwood', '91282'),
(139, '800-59-9489', 'Trondheim', 'Emmet', '16607'),
(140, '732-82-9776', 'Ngora', 'Bonner', '66221'),
(141, '203-22-4674', 'Lianhe', 'Rowland', '46963'),
(142, '586-61-8598', 'Zhirnovsk', 'Fair Oaks', '75443'),
(143, '889-31-5962', 'Saint-Rémi', 'Redwing', '30739'),
(144, '618-13-9793', 'Rungis', 'Blue Bill Park', '89824'),
(145, '538-25-2185', 'Cherven Bryag', 'Bunting', '83972'),
(146, '208-64-5756', 'Nicoya', 'Hanson', '28849'),
(147, '688-32-5987', 'Timashëvsk', 'Hudson', '36669'),
(148, '145-51-7290', 'Québec', 'Sherman', '35272'),
(149, '457-13-0933', 'Monte Novo', 'Becker', '34485'),
(150, '510-35-4648', 'Mukdahan', 'Londonderry', '90721'),
(151, '852-78-8121', 'Hinvi', 'Jackson', '78251'),
(152, '494-56-7710', 'Banikoara', 'Bluestem', '87604'),
(153, '215-89-8871', 'Machakos', 'Pond', '90498'),
(154, '560-51-3785', 'Itápolis', 'Mayfield', '62013'),
(155, '467-01-7184', 'Ccuntuma', 'Columbus', '64262'),
(156, '631-57-1854', 'Perrelos', 'Manley', '67529'),
(157, '537-53-2806', 'Arroyo Seco', 'Forest Dale', '34391'),
(158, '830-68-7425', 'Naryn', 'Monterey', '56847'),
(159, '211-61-4868', 'Hŭngju-dong', 'Ridgeview', '10364'),
(160, '184-93-4911', 'Lajeosa do Mondego', 'Pawling', '10009'),
(161, '643-09-3027', 'Belgorod', 'Kinsman', '19373'),
(162, '672-97-1189', 'Apodi', 'Shasta', '94363'),
(163, '346-41-1191', 'Calhetas', 'Fallview', '17719'),
(164, '608-21-4931', 'Beihe', 'Lien', '65034'),
(165, '703-63-1713', 'Junyang', 'Sutteridge', '64500'),
(166, '371-34-5525', 'Punta Cana', 'Glendale', '55713'),
(167, '543-10-1410', 'Lidköping', 'Longview', '14748'),
(168, '855-73-4379', 'Shenshu', 'Wayridge', '29030'),
(169, '289-10-7693', 'Sihai', 'Bartillon', '60883'),
(170, '610-93-3910', 'Tamandaré', 'Garrison', '71901'),
(171, '466-73-7683', 'Chýnov', 'Westport', '48479'),
(172, '623-33-1862', 'Fajã de Cima', 'Laurel', '72295'),
(173, '820-80-0850', 'Zlaté Hory', 'Summerview', '58624'),
(174, '372-85-7919', 'Jianchang', 'Lillian', '97481'),
(175, '340-91-2496', 'Mehendiganj', 'Onsgard', '42473'),
(176, '451-57-5903', 'Kaliwates', 'Judy', '84376'),
(177, '629-26-2083', 'Nanhai', 'Maryland', '53277'),
(178, '341-58-4352', 'Jingcheng', 'Onsgard', '32014'),
(179, '349-81-2585', 'Nizui', 'Sage', '65757'),
(180, '783-52-1079', 'Zandak', 'Tennessee', '05275'),
(181, '517-40-7912', 'Vitoria-Gasteiz', 'Darwin', '56768'),
(182, '255-02-7008', 'Aix-en-Provence', 'Golf', '35826'),
(183, '467-71-5567', 'Komyshnya', 'Reindahl', '22860'),
(184, '564-18-3798', 'Koszarawa', 'Lillian', '13540'),
(185, '787-01-6737', 'Baishi', 'Green', '07504'),
(186, '426-62-1490', 'Sokoto', 'Oxford', '01908'),
(187, '153-43-1521', 'Indaial', 'Milwaukee', '52159'),
(188, '734-02-6926', 'Huohua', 'John Wall', '10684'),
(189, '544-02-6992', 'Fengshan', 'Oriole', '19332'),
(190, '232-22-3735', 'Montongtebolak', 'Holy Cross', '33443'),
(191, '310-48-7574', 'Puro', 'Heffernan', '91088'),
(192, '236-44-1064', 'Datong', 'Meadow Vale', '59698'),
(193, '804-23-9849', 'Portoviejo', 'Novick', '12237'),
(194, '165-44-0842', 'Sukadana', 'Arizona', '58822'),
(195, '774-42-9197', 'Đông Thành', 'Loftsgordon', '95854'),
(196, '196-96-2007', 'Eindhoven', 'Declaration', '20952'),
(197, '815-08-3009', 'Gongrong', 'Bluestem', '61354'),
(198, '612-20-5024', 'Dongjin', 'Golf', '16504'),
(199, '118-76-3468', 'Xianan', 'Northview', '58271'),
(200, '769-93-7303', 'San Isidro', 'Summit', '01220'),
(201, '685-67-2225', 'Itapetinga', 'Spaight', '56202'),
(202, '726-43-0278', 'Parramos', 'Towne', '67151'),
(203, '735-03-3141', 'Gadžin Han', 'Fairview', '87718'),
(204, '732-36-5188', 'Përmet', 'Talmadge', '04482'),
(205, '529-32-9145', 'Marne-la-Vallée', '5th', '39865'),
(206, '593-46-2743', 'Singida', 'Comanche', '60072'),
(207, '775-17-4708', 'Quípama', 'Stang', '68018'),
(208, '737-38-2968', 'Chernyshevsk', 'Glendale', '74914'),
(209, '326-56-0290', 'Labney', 'American Ash', '20610'),
(210, '378-15-2108', 'Yabluniv', 'Sunnyside', '97502'),
(211, '368-42-8392', 'Hengpi', 'Mosinee', '44328'),
(212, '337-08-2557', 'Yanyang', 'Talmadge', '21132'),
(213, '539-95-1168', 'Aksu', 'Tony', '48702'),
(214, '887-15-9476', 'Quevedo', 'Florence', '81044'),
(215, '834-56-5869', 'Iles', 'Ridgeway', '20525'),
(216, '551-32-2772', 'Werasari', 'Dottie', '80370'),
(217, '575-08-7466', 'Gakem', 'Luster', '03909'),
(218, '217-07-0123', 'Pogag', 'Steensland', '85789'),
(219, '577-29-3521', 'Wiślica', 'Schlimgen', '21097'),
(220, '444-47-5938', 'Zhenzhushan', 'Michigan', '69128'),
(221, '195-16-4905', 'Ji’an', 'Duke', '06958'),
(222, '311-61-6765', 'Guisguis', 'Eastlawn', '34623'),
(223, '602-63-5736', 'Kumla', 'Reinke', '64104'),
(224, '814-80-4763', 'Jincun', 'Hayes', '68657'),
(225, '158-56-6288', 'Supu', 'Moose', '61167'),
(226, '800-26-7360', 'Baiyang', 'Eliot', '17225'),
(227, '377-21-0549', 'Jevíčko', 'Carioca', '91793'),
(228, '653-09-8892', 'Santiago', 'John Wall', '17800'),
(229, '678-32-3955', 'Bayān', 'Oxford', '82661'),
(230, '169-17-3188', 'Colombes', 'Sutteridge', '32352'),
(231, '352-59-1937', 'Timashëvsk', 'John Wall', '94344'),
(232, '787-83-6039', 'Bangekdewa', 'Pine View', '39509'),
(233, '669-08-4073', 'Aurora', 'Hoepker', '27297'),
(234, '751-84-4766', 'Myaydo', 'Warbler', '30847'),
(235, '474-74-1685', 'Kunshan', 'Kropf', '59606'),
(236, '578-31-8831', 'Na Yong', 'Burrows', '81911'),
(237, '203-98-7500', 'Villa Atamisqui', 'Prentice', '94082'),
(238, '544-54-2565', 'Sarae', 'Hoffman', '33728'),
(239, '846-64-1111', 'Aqtöbe', 'Spaight', '50376'),
(240, '852-76-7965', 'Palotina', 'Monument', '59824'),
(241, '702-16-3462', 'Castlemartyr', 'Schurz', '52171'),
(242, '154-29-4386', 'Zhoutou', 'Union', '47614'),
(243, '227-77-9015', 'Juarez', '5th', '67518'),
(244, '789-41-9299', 'Kataba', 'Kensington', '40896'),
(245, '691-79-3603', 'Krzyżanowice', 'Morning', '46530'),
(246, '872-23-3292', 'Lamadong', 'Ohio', '06192'),
(247, '702-48-4976', 'Nikol’sk', 'Upham', '96216'),
(248, '836-48-1910', 'Lijiaxiang', 'Cambridge', '80472'),
(249, '106-75-2595', 'Chinhoyi', 'Rusk', '84863'),
(250, '380-78-2221', 'Pineleng', 'Westridge', '31694'),
(251, '546-96-1446', 'Athy', 'Graceland', '69363'),
(252, '763-95-9097', 'Garnich', 'Blackbird', '07606'),
(253, '325-85-0423', 'Chiri-Yurt', 'Sloan', '89612'),
(254, '446-91-0723', 'San Jose', 'Spenser', '74773'),
(255, '483-78-9589', 'Nowlamary', 'Bartelt', '23181'),
(256, '346-84-8686', 'Cristalina', 'Pleasure', '33410'),
(257, '870-08-9284', 'Qiaotou', 'Elka', '37241'),
(258, '652-02-8840', 'Haarlem', 'Monica', '94950'),
(259, '786-11-7629', 'Idi Iroko', 'Hintze', '82336'),
(260, '863-81-4444', 'Bar', 'Sherman', '03256'),
(261, '437-01-8495', 'Tengah', 'Cherokee', '49324'),
(262, '833-78-5947', 'Baisha', 'Charing Cross', '86416'),
(263, '240-77-8677', 'Alenquer', 'Buena Vista', '09464'),
(264, '250-61-2985', 'Bologna', 'Blue Bill Park', '32444'),
(265, '495-27-5999', 'Duobaoshan', 'Northridge', '25249'),
(266, '415-69-0176', 'Artémida', 'West', '12888'),
(267, '639-37-2985', 'Shajing', 'Maple Wood', '56781'),
(268, '500-35-9100', 'Krosno', 'Hauk', '50114'),
(269, '222-45-3479', 'Dabola', 'Hagan', '61678'),
(270, '748-97-7451', 'Xiaolou', 'Utah', '80068'),
(271, '565-23-3692', 'Campos', 'Bluejay', '44648'),
(272, '182-62-2648', 'Catujal', 'Ruskin', '04023'),
(273, '586-76-8316', 'Roriz', 'Sachtjen', '60135'),
(274, '363-85-6401', 'Semey', 'Meadow Ridge', '56246'),
(275, '508-29-1069', 'Qila Abdullāh', 'Hermina', '17547'),
(276, '106-09-0996', 'Nasielsk', 'Milwaukee', '63806'),
(277, '847-20-3618', 'Qianfoling', 'Old Shore', '83616'),
(278, '171-34-0185', 'La Hacienda', 'Old Shore', '14698'),
(279, '801-85-1527', 'Il’ya', 'Ludington', '79907'),
(280, '811-36-4889', 'Kendal', 'Gulseth', '05871'),
(281, '384-45-9153', 'Petit Valley', 'Dawn', '18355'),
(282, '876-90-5898', 'Madalena do Mar', 'Warrior', '78385'),
(283, '329-92-6978', 'Shangyong', 'Lyons', '68350'),
(284, '451-23-9048', 'Sanlidian', 'Farragut', '40260'),
(285, '267-88-8001', 'Amaigbo', 'Holy Cross', '22838'),
(286, '516-18-4635', 'Sohag', 'Tony', '44382'),
(287, '412-23-7351', 'Chang Klang', 'Gulseth', '32819'),
(288, '161-46-6918', 'Nymburk', 'Shasta', '06152'),
(289, '695-33-1585', 'Xinji', '1st', '45448'),
(290, '251-54-6723', 'Stockholm', 'Mockingbird', '58419'),
(291, '693-18-7521', 'Meixian', 'Sheridan', '46679'),
(292, '161-97-7963', 'Benito Juarez', 'Melvin', '85863'),
(293, '247-13-5373', 'Kotabaru', 'Prentice', '42737'),
(294, '506-58-6334', 'Bromölla', 'Sachtjen', '30661'),
(295, '828-67-8176', 'Ujmisht', 'Lighthouse Bay', '00984'),
(296, '682-59-9824', 'Lieqiao', 'Warner', '05900'),
(297, '511-64-5187', 'Astypálaia', 'Nobel', '99463'),
(298, '129-74-3140', 'Boucinhas', 'Northport', '46565'),
(299, '359-77-2367', 'Grangwav', 'Forest Run', '35449'),
(300, '251-59-8030', 'Kingsport', 'Shoshone', '88401'),
(301, '472-13-1344', 'Petrolera', 'Troy', '53211'),
(302, '549-14-1516', 'Gryaznovskoye', 'Hollow Ridge', '97850'),
(303, '702-85-4920', 'Ganyesa', 'Pierstorff', '46810'),
(304, '202-72-3604', 'Jince', 'Dryden', '62512'),
(305, '636-76-2699', 'Barkol', 'Melvin', '11544'),
(306, '295-89-1479', 'Bohorodchany', 'Katie', '06120'),
(307, '403-24-1276', 'Coro', 'Mitchell', '91644'),
(308, '403-58-7791', 'Karanganyar', 'Miller', '31516'),
(309, '684-84-8132', 'Donghe', 'Merrick', '80806'),
(310, '199-26-3344', 'Salavat', 'Mockingbird', '77582'),
(311, '270-93-6006', 'Xing’an', 'Golf View', '21175'),
(312, '309-93-8249', 'Stockholm', 'Express', '88622'),
(313, '293-44-0293', 'Changjiang', 'Darwin', '87484'),
(314, '408-34-7588', 'Dodol', 'Graedel', '65619'),
(315, '431-16-8238', 'Vale Covo', 'Vera', '20009'),
(316, '622-84-2600', 'Argotirto Krajan', 'Dunning', '08846'),
(317, '845-58-9096', 'Ma’an', 'Huxley', '33600'),
(318, '769-41-4283', 'Nueve de Julio', 'Grayhawk', '67843'),
(319, '263-85-7697', 'Nyköping', 'Trailsway', '84177'),
(320, '112-93-5065', 'Freixo de Numão', 'Heffernan', '53376'),
(321, '716-65-9180', 'Isaka', 'Tennessee', '28220'),
(322, '592-48-6373', 'Aix-en-Provence', 'Bunker Hill', '50273'),
(323, '203-38-6399', 'Shuimen', 'Messerschmidt', '03096'),
(324, '652-50-6648', 'Garies', 'Algoma', '51630'),
(325, '419-49-2373', 'Rymättylä', 'Kingsford', '16748'),
(326, '196-50-1976', 'Coronel Martínez', 'Nevada', '72635'),
(327, '891-79-3700', 'Alebtong', 'Duke', '31266'),
(328, '516-89-3752', 'Binonga', '3rd', '03638'),
(329, '394-89-3790', 'Baiba', 'Michigan', '60326'),
(330, '630-56-0269', 'Runsonglaozhai', 'Parkside', '22252'),
(331, '402-73-4363', 'Huashixia', 'Warner', '13521'),
(332, '223-38-4069', 'Lions Bay', 'Surrey', '96836'),
(333, '214-68-7594', 'Medeiros Neto', 'Talisman', '66960'),
(334, '199-28-7671', 'Borūjen', 'Elmside', '95015'),
(335, '236-63-2125', 'Wolfville', 'Alpine', '44102'),
(336, '527-72-5288', 'Bromma', 'Arkansas', '68228'),
(337, '115-91-6600', 'Prigi', 'Redwing', '71748'),
(338, '507-81-6480', 'Hongkou', 'Glacier Hill', '85265'),
(339, '485-63-9973', 'Huangjiazhai', 'Maryland', '28529'),
(340, '768-76-8705', 'Promna', 'Calypso', '42370'),
(341, '543-54-3315', 'Simuay', 'Claremont', '08766'),
(342, '533-98-9625', 'Jianshe', 'Laurel', '64259'),
(343, '418-20-0967', 'Guapimirim', 'Westend', '38248'),
(344, '190-48-0909', 'Nozdrzec', 'Bunting', '37831'),
(345, '341-32-5974', 'Banyuresmi', 'Iowa', '64021'),
(346, '377-18-0853', 'Jarada', 'Cambridge', '93211'),
(347, '744-01-1652', 'Jablonné nad Orlicí', 'Mccormick', '54097'),
(348, '606-83-1174', 'Cheping', 'Gulseth', '68287'),
(349, '885-97-7624', 'Tumpukrenteng', 'Katie', '18655'),
(350, '269-63-2975', 'Villeneuve-la-Garenn', 'Declaration', '74859'),
(351, '552-44-4303', 'Kajok', 'Scofield', '91395'),
(352, '779-40-6788', 'Hiseti', 'Lindbergh', '65425'),
(353, '106-91-9649', 'Moulay Bouchta', 'Shasta', '58975'),
(354, '275-31-9451', 'Pudoc', 'Waxwing', '26958'),
(355, '760-80-8812', 'Nglego', 'Summit', '34436'),
(356, '103-99-6905', 'Azurva', 'Fremont', '91049'),
(357, '714-02-1327', 'Al Muţayrifī', 'Browning', '96842'),
(358, '150-61-0211', 'Huanglong', 'Onsgard', '67905'),
(359, '161-30-9436', 'Souto da Casa', 'Oriole', '30312'),
(360, '644-17-1240', 'Damietta', 'Maryland', '58327'),
(361, '329-99-9542', 'Mudon', 'Rutledge', '49976'),
(362, '380-86-9806', 'Piedra del Águila', 'Golf', '33956'),
(363, '175-77-7823', 'Pingfeng', 'Jenna', '10653'),
(364, '669-14-0893', 'Yishan', 'Clove', '86868'),
(365, '414-88-3295', 'Liuhou', 'Butterfield', '66452'),
(366, '360-86-8467', 'Villeurbanne', 'Red Cloud', '77575'),
(367, '893-26-5785', 'Campo Mourão', 'Artisan', '02650'),
(368, '842-04-9083', 'Zelenogorsk', 'Village Green', '08660'),
(369, '857-68-6817', 'Shabo', 'Village Green', '24074'),
(370, '141-39-2601', 'Boston', 'Sunnyside', '99189'),
(371, '751-30-7378', 'Soasio', 'Cardinal', '47791'),
(372, '290-38-6905', 'Tromsø', 'Granby', '73218'),
(373, '215-54-5800', 'Sorinomo', 'Pearson', '62198'),
(374, '209-64-2920', 'Mortka', 'Sommers', '99052'),
(375, '374-79-9908', 'La Plaine-Saint-Deni', 'Shelley', '05644'),
(376, '465-54-0898', 'Divača', 'Center', '49442'),
(377, '386-71-2125', 'As Sūq al Jadīd', 'Welch', '51075'),
(378, '876-60-7488', 'Mutum Biyu', 'Hauk', '71337'),
(379, '487-11-8367', 'General Emilio Aguin', 'Stone Corner', '84660'),
(380, '682-89-4191', 'Kan’onjichō', 'Kings', '93565'),
(381, '571-01-7964', 'Derbent', 'Butternut', '98731'),
(382, '858-30-3108', 'Shiye', 'Kenwood', '05032'),
(383, '883-48-1646', 'Vinha', 'Hollow Ridge', '01362'),
(384, '113-15-0898', 'Gaur', 'Kensington', '80874'),
(385, '285-84-3811', 'Zijin', 'Troy', '08487'),
(386, '759-12-9489', 'Ognevka', 'Fremont', '00732'),
(387, '604-51-6600', 'Madruga', 'Barby', '51784'),
(388, '417-35-5751', 'Magtangol', 'Myrtle', '03410'),
(389, '468-43-4167', 'Nan’an', 'Stoughton', '26983'),
(390, '425-21-5198', 'Pedinó', 'Homewood', '92890'),
(391, '440-64-1426', 'Kentau', 'Northland', '24138'),
(392, '457-37-6128', 'Chengdong', 'Linden', '71555'),
(393, '131-59-0059', 'Totora', 'Doe Crossing', '40236'),
(394, '867-97-5207', 'Jepuro', 'Stuart', '88471'),
(395, '247-89-4796', 'El Mirador', '6th', '31661'),
(396, '460-98-6093', 'La Hacienda', 'Bultman', '67568'),
(397, '105-66-6671', 'Huillapima', 'Nobel', '01751'),
(398, '284-02-0666', 'Ra-ngae', 'Tennessee', '04185'),
(399, '663-51-6583', 'Eucaliptus', 'Porter', '10591'),
(400, '818-22-6689', 'Itaberaba', 'Algoma', '08127'),
(401, '733-43-3608', 'Pavlovskiy Posad', 'Mifflin', '78932'),
(402, '892-97-1136', 'Olivia', 'Moland', '57444'),
(403, '263-30-5235', 'San', 'Springview', '49872'),
(404, '561-01-4458', 'Przesmyki', 'Eastwood', '93369'),
(405, '678-49-6929', 'Chok Chai', 'Prentice', '96194'),
(406, '116-14-7741', 'Alpiarça', 'Dayton', '09185'),
(407, '413-25-4328', 'Hehe', 'Calypso', '56326'),
(408, '265-46-3165', 'Chengnan', 'Bultman', '31941'),
(409, '682-68-2938', 'Ngembak', 'Stoughton', '35297'),
(410, '512-24-8190', 'Alukama', 'Kim', '34689'),
(411, '450-82-1380', 'Orlová', 'Burrows', '05663'),
(412, '297-26-5008', 'Caçapava do Sul', 'Saint Paul', '37468'),
(413, '646-01-0268', 'Bayramaly', 'Daystar', '91059'),
(414, '754-51-3356', 'Dachuan', 'Everett', '61137'),
(415, '591-37-2912', 'Tanjungbalai', 'Roxbury', '74408'),
(416, '554-74-2177', 'Sitajara', 'Crescent Oaks', '04351'),
(417, '310-41-7947', 'Winseler', 'Debra', '12575'),
(418, '243-59-6337', 'Medina Estates', 'Coleman', '58618'),
(419, '173-67-8954', 'Satun', '8th', '61498'),
(420, '739-66-5168', 'Lavradio', 'Carberry', '72143'),
(421, '304-18-4278', 'Firminy', 'Bellgrove', '22448'),
(422, '520-88-8981', 'Shilu', 'Goodland', '20122'),
(423, '340-44-6723', 'Burrel', 'Susan', '33025'),
(424, '413-99-6299', 'Dolinsk', 'Calypso', '44924'),
(425, '255-75-2639', 'Yanjiatai', 'Drewry', '66421'),
(426, '510-47-9934', 'Padang', 'Messerschmidt', '33449'),
(427, '111-26-7367', 'Leidian', 'Jenifer', '54073'),
(428, '617-46-4601', 'San José de Jáchal', 'Hanson', '02374'),
(429, '687-58-8017', 'Ciwidara', 'Hoffman', '63163'),
(430, '355-07-5198', 'Łęki Szlacheckie', 'Jenna', '34670'),
(431, '790-43-7498', 'Tucheng', 'Dakota', '17310'),
(432, '781-14-8946', 'Podu', 'Autumn Leaf', '56317'),
(433, '445-74-7964', 'Lefengzhen', 'Lighthouse Bay', '49710'),
(434, '442-86-1284', 'Plagiári', 'Thierer', '67760'),
(435, '425-54-6038', 'Puerto de Nutrias', 'Prairie Rose', '86064'),
(436, '320-96-1164', 'Tarikolot', 'Lyons', '76461'),
(437, '751-36-3383', 'Huqiu', 'Rigney', '50754'),
(438, '501-28-3011', 'Mulino', 'Union', '92010'),
(439, '451-73-7602', 'Garzón', 'Maryland', '33595'),
(440, '786-45-9024', 'Khoyniki', 'Northfield', '75735'),
(441, '327-66-0994', 'Albany', 'Dixon', '20270'),
(442, '457-38-5550', 'Magtaking', 'Badeau', '93980'),
(443, '871-68-0788', 'Dachang', 'Prairieview', '98073'),
(444, '386-29-7428', 'Kasangulu', 'Ridgeway', '91703'),
(445, '476-62-6662', 'Bagok', 'Arkansas', '08252'),
(446, '164-27-4140', 'Ad Dujayl', 'Washington', '16048'),
(447, '331-05-4778', 'Dallas', 'Burrows', '70518'),
(448, '417-19-9631', 'Pudong', 'Thackeray', '04973'),
(449, '198-89-8524', 'Goundi', 'Kinsman', '93503'),
(450, '781-31-0045', 'Niort', 'Arapahoe', '51732'),
(451, '873-39-9708', 'Mengdong', 'Old Shore', '70113'),
(452, '378-12-7643', 'Santiago de Cao', 'Warbler', '20883'),
(453, '600-96-9050', 'Dobrá', 'Veith', '75504'),
(454, '424-81-8687', 'Loanda', 'Columbus', '98670'),
(455, '884-03-5280', 'Alcantara', 'Veith', '65096'),
(456, '651-21-1371', 'Bahui', '8th', '19666'),
(457, '606-04-2470', 'Miami Beach', 'Tomscot', '39918'),
(458, '695-47-8197', 'Nguigmi', 'Melrose', '23580'),
(459, '633-40-6990', 'Saynshand', 'Stephen', '08203'),
(460, '305-71-5288', 'Sasebo', 'Derek', '47624'),
(461, '682-83-5336', 'Kowŏn-ŭp', 'Spenser', '36573'),
(462, '227-86-8435', 'Baturaja', 'Shoshone', '55895'),
(463, '351-50-0817', 'Solânea', 'Butterfield', '72839'),
(464, '756-87-4256', 'Monteros', 'Steensland', '02670'),
(465, '407-45-9469', 'Bussum', 'Sauthoff', '34542'),
(466, '107-05-6857', 'Jiatou', 'Hazelcrest', '84968'),
(467, '381-61-4435', 'Sievi', 'Bunker Hill', '83336'),
(468, '475-72-9152', 'Antanhol', 'Banding', '68369'),
(469, '556-34-4032', 'Gierłoż', 'Longview', '39963'),
(470, '499-63-2903', 'Parry Sound', 'Golf Course', '18643'),
(471, '706-01-5290', 'Arraga', 'Kingsford', '85493'),
(472, '326-05-5212', 'Guanyao', 'Porter', '19523'),
(473, '641-24-5810', 'Amolatar', 'Dixon', '06556'),
(474, '429-20-0478', 'Taen Tengah', '6th', '94631'),
(475, '319-14-2138', 'Sant Cugat Del Valle', 'Sundown', '99622'),
(476, '305-40-4439', 'Pindushi', 'Eagle Crest', '41532'),
(477, '555-32-0178', 'Weligama', 'Susan', '07636'),
(478, '107-03-6561', 'Pancoran', 'Hagan', '21468'),
(479, '494-77-3423', 'Tak Bai', 'Anthes', '89888'),
(480, '240-67-9349', 'Şānūr', 'Morrow', '16278'),
(481, '252-45-2928', 'Yafran', 'Esker', '58774'),
(482, '249-65-7775', 'Kluczbork', 'Namekagon', '18959'),
(483, '225-16-7919', 'Ararat', 'Crest Line', '74421'),
(484, '738-73-4064', 'Mirsíni', 'Bobwhite', '89544'),
(485, '505-94-6839', 'Guohe', 'Rockefeller', '59983'),
(486, '445-78-7130', 'Boyuibe', 'Cherokee', '12532'),
(487, '507-13-1729', 'Debelets', 'Dwight', '73047'),
(488, '875-17-0579', 'Rasūlnagar', 'Meadow Ridge', '01460'),
(489, '504-04-0030', 'Sharïngol', 'Montana', '55081'),
(490, '273-04-7352', 'Carmen', 'Hanover', '19384'),
(491, '724-08-3206', 'Pont-Rouge', 'Kingsford', '74106'),
(492, '866-13-8514', 'Daying', 'Sutherland', '45123'),
(493, '426-35-3632', 'Noyelles-sous-Lens', 'Banding', '96126'),
(494, '260-50-0904', 'Halmstad', 'North', '96334'),
(495, '823-53-3715', 'Américo Brasiliense', 'Michigan', '87520'),
(496, '150-69-0141', 'Vila Franca do Campo', 'Golden Leaf', '90980'),
(497, '138-86-5248', 'Bantiran', 'Warbler', '20349'),
(498, '377-99-8885', 'Cigeulis', 'Grayhawk', '19157'),
(499, '642-19-0102', 'Abuja', 'Texas', '95606'),
(500, '662-98-9550', 'Göteborg', 'Jackson', '17500'),
(501, '382-25-7091', 'San Isidro', 'Corscot', '94954'),
(502, '220-14-2018', 'Vacaria', 'Thackeray', '68655'),
(503, '645-92-4560', 'Rosario', 'Oriole', '75482'),
(504, '476-15-2697', 'San Miguel de Tucumá', 'Utah', '09883'),
(505, '510-73-8074', 'Nkwerre', 'Schmedeman', '36173'),
(506, '359-12-8801', 'Kävlinge', 'Ridge Oak', '28314'),
(507, '855-29-5727', 'Orzesze', 'Spohn', '99600'),
(508, '146-62-4335', 'Lesnoy', 'Harbort', '58151'),
(509, '337-33-1219', 'Chengbei', 'Rutledge', '54710'),
(510, '416-58-8737', 'Wahang Dua', 'Fisk', '42137'),
(511, '191-27-3930', 'Pesqueira', 'Washington', '41434'),
(512, '141-68-0561', 'Canguçu', 'Longview', '04020'),
(513, '208-55-1100', 'Fairbanks', 'Merrick', '56482'),
(514, '164-63-9224', 'Medina', 'Crescent Oaks', '13296'),
(515, '309-15-2265', 'Damaturu', 'Mallard', '66400'),
(516, '175-84-9669', 'Serowe', 'Raven', '22135'),
(517, '455-73-7943', 'Choszczno', 'Weeping Birch', '28541'),
(518, '273-17-7002', 'Xiangdian', 'Del Mar', '11974'),
(519, '394-35-2681', 'El Carmen de Bolívar', 'Myrtle', '25073'),
(520, '486-46-0533', 'Nesterovskaya', 'Dunning', '31180'),
(521, '626-41-2554', 'Shangdundu', 'Marquette', '40933'),
(522, '195-21-6074', 'Merdeka', 'Dorton', '14183'),
(523, '177-48-6187', 'Villa Paula de Sarmi', 'Kinsman', '96979'),
(524, '288-76-4758', 'Strzelin', 'Longview', '29378'),
(525, '211-72-2537', 'Сарај', 'Mitchell', '48078'),
(526, '570-30-3481', 'Basa', 'Toban', '30880'),
(527, '679-82-5040', 'Beauvais', 'Stoughton', '15097'),
(528, '625-38-7971', 'Lianfa', 'Menomonie', '74868'),
(529, '295-41-3174', 'Busilak', 'Hoepker', '53923'),
(530, '258-04-7487', 'Yushu', 'Macpherson', '62224'),
(531, '548-03-7813', 'Hengxianhe', 'Del Mar', '66127'),
(532, '466-69-7958', 'Kefang', 'Clyde Gallagher', '61355'),
(533, '817-80-2432', 'Qukou', 'Waubesa', '12057'),
(534, '486-89-5167', 'Trzcianka', 'Dixon', '57478'),
(535, '333-23-6528', 'Anjiang', 'Londonderry', '38525'),
(536, '287-31-1781', 'Libertad', 'Di Loreto', '82245'),
(537, '898-32-5331', 'Montería', 'Mallard', '39667'),
(538, '521-55-9114', 'Cipancur', 'Elka', '98795'),
(539, '638-41-5151', 'Nijmegen', 'Express', '54792'),
(540, '793-77-9794', 'Zhangjiawan', 'Butternut', '83477'),
(541, '488-14-7157', 'Santa Maria', 'Amoth', '99091'),
(542, '761-09-6439', 'San Antonio', 'Vahlen', '66555'),
(543, '812-76-6654', 'Terezín', 'Sherman', '98161'),
(544, '476-72-6066', 'Hexi', 'Morning', '31419'),
(545, '379-29-8189', 'Qinhong', 'Swallow', '25442'),
(546, '847-49-8582', 'Tacoma', 'Sheridan', '52030'),
(547, '756-39-0669', 'San Clemente', 'Tennessee', '07997'),
(548, '432-52-3170', 'Jingpeng', 'Everett', '61813'),
(549, '580-72-6655', 'Néa Karváli', 'Burrows', '75497'),
(550, '287-23-7266', 'Sviblovo', 'Bluestem', '59558'),
(551, '804-93-8560', 'Haugesund', 'Lerdahl', '84393'),
(552, '891-05-7554', 'Besançon', 'Elmside', '04636'),
(553, '549-64-9836', 'Khadan Khāk', 'Del Sol', '26548'),
(554, '487-06-9083', 'Gayny', 'Esker', '77651'),
(555, '651-86-7200', 'Huyang', 'Jackson', '79290'),
(556, '465-86-7503', 'Ludbreg', 'Fremont', '32947'),
(557, '293-90-3888', 'Borgarnes', 'Lindbergh', '16235'),
(558, '838-88-5785', 'Kizil', 'Ramsey', '70337'),
(559, '147-59-5262', 'Vagney', 'Sunnyside', '84648'),
(560, '604-43-8982', 'Makhalino', 'Rutledge', '70805'),
(561, '347-01-2457', 'Xarrë', 'Springs', '15186'),
(562, '237-61-6103', 'Ningzhong', 'Twin Pines', '02271'),
(563, '484-04-3221', 'Zgornje Bitnje', 'Sundown', '80240'),
(564, '896-05-9913', 'Bakung Utara', 'Eastwood', '04520'),
(565, '292-57-7157', 'Złoty Stok', 'Monument', '01874'),
(566, '617-61-4655', 'Wakuya', 'Northfield', '87548'),
(567, '156-41-8694', 'Rotterdam postbusnum', 'Thackeray', '48533'),
(568, '773-81-7597', 'Rajapeni', 'Barnett', '88939'),
(569, '717-36-9136', 'Rîbniţa', 'Springs', '40092'),
(570, '528-94-3153', 'Gunajaya', 'Artisan', '66948'),
(571, '784-96-3180', 'Pato Branco', 'Kim', '49070'),
(572, '459-34-5021', 'Lodoyo', 'Morningstar', '20927'),
(573, '297-75-8331', 'Yongding', 'Harbort', '63099'),
(574, '532-37-8192', 'Jingyao', 'Springs', '79135'),
(575, '441-41-1761', 'Zhongxiang', 'Delladonna', '83067'),
(576, '809-87-8719', 'Valerik', 'Victoria', '42077'),
(577, '521-06-2339', 'Qiaojia', 'Wayridge', '70765'),
(578, '636-33-8184', 'Longmenfan', 'Bunting', '04409'),
(579, '634-59-6404', 'Likasi', 'Rieder', '10324'),
(580, '580-89-1809', 'Amboanjo', 'Ohio', '88728'),
(581, '785-70-4434', 'Nongba', 'Mesta', '96130'),
(582, '603-79-0086', 'Pajo', 'Homewood', '25412'),
(583, '569-49-9496', 'Åmål', '7th', '53152'),
(584, '764-81-4706', 'Rio de Mouro', 'Lukken', '54473'),
(585, '797-52-2780', 'Sukth', 'Roxbury', '78889'),
(586, '503-93-5052', 'Privolzhsk', 'Lillian', '00778'),
(587, '867-56-6002', 'Xankandi', 'Blackbird', '59419'),
(588, '510-96-7564', 'Citundun', 'Hoffman', '35559'),
(589, '232-49-1854', 'Batiano', 'Briar Crest', '42255'),
(590, '879-84-4608', 'Casma', 'Anzinger', '99558'),
(591, '864-34-6918', 'Guchang', 'Bultman', '34321'),
(592, '364-88-8369', '‘Ayn al Bayḑā', 'Russell', '92237'),
(593, '529-46-9783', 'Huacapampa', 'Donald', '86774'),
(594, '482-73-0698', 'Międzyrzecz', 'Division', '73210'),
(595, '724-06-4077', 'Norrtälje', 'Iowa', '81342'),
(596, '553-35-4784', 'Chatan', 'Pearson', '64971'),
(597, '852-44-0246', 'Poroçan', 'Vahlen', '06341'),
(598, '405-36-4810', 'Shangying', 'Sutteridge', '38339'),
(599, '430-05-5942', 'Puerto Rico', 'Carioca', '16025'),
(600, '602-46-5799', 'Ágios Spyrídon', 'Farwell', '12640'),
(601, '853-05-9598', 'Salvacion', 'Aberg', '53460'),
(602, '148-59-1209', 'Al Ya‘rubīyah', 'Summit', '32192'),
(603, '515-91-8667', 'Yūki', 'Lerdahl', '02817'),
(604, '194-05-7994', 'Xinji', 'Longview', '09568'),
(605, '645-12-7778', 'Batutulis', 'Darwin', '49985'),
(606, '832-03-0528', 'Grand Sable', 'Pleasure', '16971'),
(607, '444-16-0959', 'El Cantón', 'Scott', '72342'),
(608, '663-15-8644', 'Los Fresnos', 'Dryden', '15449'),
(609, '773-77-0310', 'Krasiczyn', 'Banding', '35106'),
(610, '250-84-7293', 'Buffalo', 'Sunfield', '53762'),
(611, '565-89-1196', 'São Bento do Sul', 'Ridge Oak', '69857'),
(612, '787-87-4709', 'Zhaizigou', 'Evergreen', '16057'),
(613, '118-98-7157', 'Minas', 'Chinook', '60835'),
(614, '813-59-7740', 'Jintang', 'Artisan', '53847'),
(615, '385-83-8044', 'Khuan Don', 'Lakewood Gardens', '44018'),
(616, '192-87-6273', 'Sagarejo', 'Veith', '86924'),
(617, '698-56-0233', 'Naghalin', 'Packers', '52979'),
(618, '771-82-4988', 'Hongxi', 'Blaine', '45552'),
(619, '467-56-8301', 'Chone', 'Duke', '82244'),
(620, '466-25-0078', 'Longhuashan', 'Hoepker', '28861'),
(621, '761-18-7735', 'Kalanchak', 'Sutherland', '74970'),
(622, '606-86-9856', 'Stockholm', 'Granby', '75711'),
(623, '766-73-3359', 'Tanumshede', 'Di Loreto', '44561'),
(624, '513-45-7867', 'Manzanares', 'Johnson', '62656'),
(625, '559-02-8501', 'Bom Jesus da Lapa', 'Del Sol', '65517'),
(626, '709-21-1568', 'Boa Esperança', 'Kropf', '27513'),
(627, '163-60-9082', 'Manga', 'Hooker', '41828'),
(628, '153-83-6478', 'Arruda dos Vinhos', 'Rockefeller', '60630'),
(629, '870-26-2132', 'Świebodzice', 'Cardinal', '34458'),
(630, '597-74-7846', 'Flen', 'Warner', '07056'),
(631, '888-72-7266', 'Bamenda', 'Dorton', '64560'),
(632, '555-88-3194', 'Toupopu', 'Schmedeman', '23942'),
(633, '108-20-7064', 'Bandaran', 'Westerfield', '04309'),
(634, '693-72-1886', 'Lapa do Lobo', 'Manley', '02953'),
(635, '414-11-8433', 'Mokronog', '2nd', '87956'),
(636, '739-67-1940', 'Slovenske Konjice', 'Hagan', '92017'),
(637, '486-51-7401', 'Ejidal', 'Schiller', '30669'),
(638, '527-55-9195', 'Kabaty', 'Prairie Rose', '91738'),
(639, '668-77-1261', 'La Maná', 'Grasskamp', '02100'),
(640, '483-43-9848', 'Dongyuan', 'Clarendon', '94540'),
(641, '385-72-3298', 'Buriti Alegre', 'Rieder', '52386'),
(642, '450-57-4676', 'Alderetes', 'Waywood', '72908'),
(643, '209-04-5724', 'San Luis', 'Village', '25921'),
(644, '117-30-3504', 'Dongkeng', 'Stone Corner', '52024'),
(645, '227-35-2943', 'Palaiseau', 'North', '24159'),
(646, '758-36-2605', 'Issoudun', 'Granby', '65792'),
(647, '214-09-9897', 'Waddān', 'Lindbergh', '41236'),
(648, '112-59-9525', 'Ibotirama', 'Meadow Vale', '41343'),
(649, '252-47-1182', 'Salavat', 'Manufacturers', '07632'),
(650, '455-51-9442', 'Bīr Nabālā', 'Dayton', '69712'),
(651, '497-20-2207', 'Blangkejeren', 'Vermont', '17633'),
(652, '550-85-9422', 'Qingnianlu', 'Summer Ridge', '37382'),
(653, '219-11-6383', 'Tozkhurmato', 'Milwaukee', '64274'),
(654, '538-50-6249', 'Návsí u Jablunkova', 'Reinke', '32369'),
(655, '178-33-4013', 'Balut', 'Shasta', '66690'),
(656, '154-81-9152', 'Maoping', 'Express', '95629'),
(657, '700-85-1756', 'Bous', 'Delladonna', '84378'),
(658, '434-05-1317', 'Głuchów', 'Stuart', '60412'),
(659, '344-03-2321', 'Baitashan', 'Shelley', '71561'),
(660, '207-58-1716', 'Az̧ Z̧alī‘ah', 'Forest', '14655'),
(661, '453-01-4331', 'Ketapang', 'Dapin', '72877'),
(662, '122-66-8997', 'Novyy Svit', 'Saint Paul', '04808'),
(663, '681-44-2988', 'Wu’erqihan', 'Buell', '00380'),
(664, '131-72-0750', 'Praia de Mira', '6th', '39688'),
(665, '886-89-7338', 'Dzüünbulag', 'Claremont', '94048'),
(666, '527-66-6049', 'Sfax', 'Ramsey', '43455'),
(667, '373-26-8081', 'Svyetlahorsk', 'Lakeland', '84946'),
(668, '883-98-7678', 'Yangi-Nishon Shahri', 'Menomonie', '76159'),
(669, '678-48-1857', 'Cherepovets', 'Elka', '37797'),
(670, '145-72-1463', 'Tangkeng', 'Kinsman', '00113'),
(671, '782-86-3376', 'Maae', 'Fremont', '03409'),
(672, '820-77-7760', 'Niort', 'Truax', '88176'),
(673, '703-92-7371', 'Kalianda', 'Ludington', '25142'),
(674, '852-83-1134', 'Novokuz’minki', 'Harbort', '07185'),
(675, '745-83-5147', 'Erqu', 'Namekagon', '58959'),
(676, '151-06-2503', 'Nova Era', 'Northridge', '93003'),
(677, '760-12-6117', 'Naghalin', 'Oxford', '62289'),
(678, '342-38-0500', 'Tarbes', 'Dwight', '35801'),
(679, '512-96-9065', 'Parque Industrial', 'Northview', '75052'),
(680, '339-20-3042', 'Pataypampa', 'Atwood', '59525'),
(681, '541-21-1660', 'Aubagne', 'Charing Cross', '13603'),
(682, '693-71-3610', 'Ikedachō', 'Doe Crossing', '86066'),
(683, '862-74-6151', 'Tulle', 'Transport', '38283'),
(684, '395-32-7304', 'Oxford', 'Springview', '24541'),
(685, '291-36-5545', 'Malanday', 'Beilfuss', '58927'),
(686, '785-82-3343', 'Tiniguiban', 'Lawn', '41505'),
(687, '805-14-1069', 'Yuxi', 'Canary', '12566'),
(688, '284-04-6863', 'Dębe Wielkie', 'Morning', '24892'),
(689, '623-70-3071', 'Tsyelyakhany', 'Grasskamp', '53761'),
(690, '697-90-3616', 'Stockholm', 'Scofield', '51480'),
(691, '189-34-9137', 'Changshengqiao', 'Mandrake', '31402'),
(692, '221-80-2299', 'Machakos', 'Corscot', '63597'),
(693, '482-26-3919', 'Sukamaju', 'Dapin', '23932'),
(694, '402-97-9660', 'Chiang Khan', 'Comanche', '21150'),
(695, '728-08-5491', 'Rochester', 'Oneill', '44337'),
(696, '506-38-6137', 'Västerås', 'Merchant', '27239'),
(697, '855-74-2413', 'Dykan’ka', 'Menomonie', '10293'),
(698, '768-43-1024', 'Mabini', 'Scott', '93657'),
(699, '897-98-1273', 'Nongba', 'Jackson', '40996'),
(700, '287-75-5259', 'El Calvario', 'Carey', '46556'),
(701, '316-51-0637', 'Charleston', 'Monument', '35500'),
(702, '891-05-9249', 'Kerek', 'Towne', '70046'),
(703, '331-44-0651', 'Matsudo', 'Dayton', '86202'),
(704, '493-77-2287', 'Rząśnik', 'Jay', '57860'),
(705, '480-43-6165', 'Lagunas', 'Mosinee', '93546'),
(706, '208-22-5340', 'Yên Thành', 'Delladonna', '93785'),
(707, '333-29-0388', 'Kaa-Khem', 'Clyde Gallagher', '85564'),
(708, '756-96-3446', 'Shushicë', 'Anderson', '15279'),
(709, '757-76-0463', 'Zhangdun', 'Scofield', '24955'),
(710, '472-33-4608', 'Chongmin', 'Colorado', '20088'),
(711, '203-16-7719', 'Siguinon', 'Londonderry', '86222'),
(712, '139-08-4534', 'Belawang', 'Thompson', '78144'),
(713, '470-79-9698', 'Madrid', 'Evergreen', '27369'),
(714, '535-16-9276', 'Qiaoxi', 'Maywood', '06275'),
(715, '512-48-2055', 'Shendang', 'Arkansas', '81653'),
(716, '301-48-8272', 'Sulęcin', 'Amoth', '80041'),
(717, '276-98-3901', 'Taxisco', 'Gale', '88626'),
(718, '832-28-2224', 'Kuala Lumpur', 'Dennis', '51700'),
(719, '823-22-6571', 'Tilik', 'Rockefeller', '31614'),
(720, '304-60-0820', 'Tunguang', 'Golf Course', '76263'),
(721, '572-37-0732', 'Lunang', 'Golf', '80955'),
(722, '564-71-4406', 'Jiangkou', 'Thompson', '84945'),
(723, '662-67-1811', 'Sololá', 'Summit', '17995'),
(724, '174-40-0221', 'Kanada', 'Dorton', '02377'),
(725, '289-88-6058', 'Gary', 'Fair Oaks', '26311'),
(726, '465-79-1765', 'Independencia', 'Summer Ridge', '41342'),
(727, '184-34-8585', 'Pawing', 'Bonner', '12455'),
(728, '893-81-3515', 'Baoshan', 'Valley Edge', '38802'),
(729, '577-56-0680', 'Arthur’s Town', 'Shasta', '30242'),
(730, '183-48-7202', 'Broby', 'Petterle', '16703'),
(731, '492-18-2850', 'Wellington', 'Tennessee', '32119'),
(732, '697-58-5169', 'Luleå', 'Hazelcrest', '69963'),
(733, '355-95-9668', 'Khlong Luang', 'Acker', '57710'),
(734, '480-24-9450', 'Xipu', 'Dapin', '29561'),
(735, '250-53-1893', 'Créteil', 'Upham', '42735'),
(736, '312-90-0021', 'Markaryd', 'Miller', '86583'),
(737, '879-68-4980', 'Kupchino', 'Mayer', '62057'),
(738, '539-34-3809', 'Oksa', 'Hoard', '93460'),
(739, '273-30-2610', 'Ksour Essaf', 'Mayer', '20469'),
(740, '725-92-8067', 'Fengshan', 'Sloan', '02074'),
(741, '316-18-6147', 'Caobi', 'Moland', '38894'),
(742, '187-62-9554', 'Campos Belos', 'Summit', '56044'),
(743, '249-63-1376', 'Olofström', '4th', '79422'),
(744, '393-11-2962', 'Newport News', 'Pankratz', '23805'),
(745, '297-24-4700', 'La Gomera', 'Jay', '24023'),
(746, '428-72-7411', 'Tamaulipas', 'Summit', '12825'),
(747, '191-52-6602', 'Makueni', 'Lillian', '51938'),
(748, '215-38-4091', 'Bacong', 'Scofield', '94982'),
(749, '771-93-9651', 'Moriki', 'Tennyson', '20675'),
(750, '533-27-5991', 'Galižana', 'Amoth', '07415'),
(751, '891-84-8931', 'Proptisht', 'Lawn', '91187'),
(752, '338-55-0022', 'Gul’cha', 'Golf', '49725'),
(753, '226-61-8476', 'Krasnokuts’k', 'Helena', '48306'),
(754, '637-52-3517', 'Cockburn Town', 'Novick', '60471'),
(755, '409-30-8316', 'Cértegui', 'Meadow Vale', '92528'),
(756, '605-99-4513', 'Chang’an', 'Graedel', '91088'),
(757, '796-40-1529', 'Gegu', 'Haas', '02830'),
(758, '589-15-7125', 'Meziměstí', 'Meadow Valley', '71852'),
(759, '791-69-1783', 'Mayong', 'Service', '43466'),
(760, '352-73-7856', 'Dandai', 'Menomonie', '53820'),
(761, '382-87-4732', 'Ribaldeira', 'Hoepker', '16441'),
(762, '256-21-0282', 'Cunday', 'Di Loreto', '64845'),
(763, '676-29-4142', 'Iúna', 'Burning Wood', '33487'),
(764, '897-43-0397', 'Besançon', 'East', '43906'),
(765, '100-50-1722', 'Cibungur', 'Pine View', '22927'),
(766, '416-62-7302', 'Yên Lạc', 'Linden', '59829'),
(767, '656-93-0054', 'Loanda', 'Kensington', '90717'),
(768, '603-06-6955', 'Maicao', 'Birchwood', '90059'),
(769, '179-67-3780', 'Richmond', 'Autumn Leaf', '32385'),
(770, '729-98-9671', 'Belo Blato', 'Mosinee', '77741'),
(771, '524-96-7077', 'Dmytrivka', 'Bunker Hill', '82699'),
(772, '339-77-9936', 'Velké Opatovice', 'Magdeline', '88997'),
(773, '570-23-7351', 'Roa', 'Prairieview', '38262'),
(774, '225-05-6497', 'Frederico Westphalen', 'Arizona', '41810'),
(775, '490-19-0344', 'Jun’an', 'Montana', '91068'),
(776, '271-05-4953', 'Pizarrete', 'Park Meadow', '13170'),
(777, '552-11-1988', 'Dushan', 'Northfield', '52532'),
(778, '851-71-7263', 'Catabola', 'Randy', '42563'),
(779, '474-33-2932', 'Sepatan', 'Bartelt', '72738'),
(780, '503-27-0092', 'Wichita', 'Huxley', '95737'),
(781, '276-95-5577', 'La Paz', 'Utah', '52553'),
(782, '316-89-3353', 'Macaíba', 'Raven', '21868'),
(783, '613-14-0404', 'Al Quţayfah', 'Miller', '45812'),
(784, '843-94-5802', 'Troitsk', 'Vermont', '90853'),
(785, '116-62-1863', 'Clondalkin', 'Novick', '32977'),
(786, '761-45-1110', 'San Miguel de Cauri', 'Sauthoff', '93571'),
(787, '254-28-1542', 'Kazimierz Dolny', 'Pleasure', '65557'),
(788, '715-08-6020', 'Santa Rita', 'Victoria', '37156'),
(789, '657-38-1136', 'Zhantang', 'Weeping Birch', '16794'),
(790, '481-81-3680', 'Orlando', 'Marcy', '20879'),
(791, '258-58-3790', 'Ishiki', 'Huxley', '83518'),
(792, '849-76-2363', 'Riit', 'Annamark', '50637'),
(793, '214-69-9486', 'Segezha', 'Hagan', '67390'),
(794, '104-46-9870', 'Katsuyama', 'Cambridge', '97241'),
(795, '385-47-4340', 'Shuya', 'Warrior', '57782'),
(796, '425-35-0265', 'El Hajeb', 'Onsgard', '37973'),
(797, '431-97-8443', 'Aldeia da Piedade', 'Carioca', '27620'),
(798, '805-78-6950', 'Huifeng', 'Moulton', '69256'),
(799, '505-52-3560', 'Nizhnekamsk', 'Forest Dale', '52102'),
(800, '744-73-5680', 'Bima', 'Reindahl', '45252'),
(801, '235-26-3773', 'Noeltoko', 'Warner', '28374'),
(802, '499-75-3016', 'Strelitsa', 'Oak Valley', '65680'),
(803, '691-16-5002', 'Wachira Barami', 'Bartillon', '83996'),
(804, '132-02-8587', 'Sepulu', 'Northridge', '59057'),
(805, '283-38-6340', 'Sidomakmur', 'Washington', '12417'),
(806, '207-21-0767', 'Duishan', 'Aberg', '16162'),
(807, '313-02-6506', 'Wesoła', 'Lien', '00340'),
(808, '187-01-8377', 'Barkā’', 'Hintze', '77341'),
(809, '595-91-8282', 'Ngrejo', 'Magdeline', '64466'),
(810, '261-75-8530', 'Pasar Kidul', 'Clarendon', '98315'),
(811, '277-69-3008', 'Oussivo', 'Texas', '87329'),
(812, '289-73-2848', 'Yingcheng', 'Burning Wood', '54038'),
(813, '401-14-4630', 'Aasiaat', 'Lindbergh', '82142'),
(814, '596-28-7551', 'Abreus', 'Bluejay', '74669'),
(815, '852-59-3747', 'Huancheng', 'Roxbury', '09803'),
(816, '853-24-5498', 'Ma‘arrat an Nu‘mān', 'Hintze', '73501'),
(817, '187-72-0600', 'Kulautuva', 'Pennsylvania', '35050'),
(818, '305-38-0194', 'Hyères', 'Starling', '78723'),
(819, '421-16-0869', 'Brescia', 'Morning', '93155'),
(820, '653-80-6219', 'Bethal', 'Bonner', '17083'),
(821, '106-13-2714', 'Bauan', 'Summer Ridge', '23902'),
(822, '743-52-6654', 'Nambak Tengah', 'Larry', '12946'),
(823, '391-19-2204', 'Rejanegara', 'Talisman', '18466'),
(824, '277-88-8125', 'Bergen', 'Everett', '30542'),
(825, '425-01-1885', 'Pyin Oo Lwin', 'Goodland', '45029'),
(826, '705-39-5668', 'Yutsa', 'Rutledge', '62151'),
(827, '436-42-8650', 'Río Segundo', 'Gerald', '47021'),
(828, '192-93-0694', 'Maïné Soroa', 'Mitchell', '03918'),
(829, '173-11-2345', 'Baimajing', 'Duke', '63254'),
(830, '450-99-2719', 'Chirpan', 'Florence', '86323'),
(831, '741-35-5997', 'Jirny', 'Meadow Valley', '53879'),
(832, '623-45-3659', 'Novi Beograd', 'Sundown', '95797'),
(833, '457-82-7343', 'Imatra', 'Sullivan', '25105'),
(834, '396-11-6371', 'Olszanica', 'Mcbride', '46834'),
(835, '542-71-0842', 'Teminabuan', 'Alpine', '74167'),
(836, '355-46-4434', 'Campo Quijano', 'Armistice', '70386'),
(837, '297-42-3074', 'Ettal', 'Service', '77147'),
(838, '248-37-9632', 'Aguadulce', 'Monument', '83563'),
(839, '697-06-4338', 'Velyka Lepetykha', 'Duke', '62143'),
(840, '853-77-3237', 'Handaqi', 'Monterey', '47343'),
(841, '256-63-0507', 'Guangyi', 'Dunning', '96503'),
(842, '679-02-7109', 'Muzambinho', 'Cascade', '71328'),
(843, '208-04-6584', 'Pyra', 'Farmco', '04149'),
(844, '792-28-1025', 'Songgang', 'Pawling', '39810'),
(845, '401-41-9415', 'Dasuhe', 'Armistice', '56418'),
(846, '681-10-3556', 'Redakodi', 'Meadow Ridge', '71238'),
(847, '205-92-2122', 'Falun', 'Anderson', '52626'),
(848, '185-61-7711', 'Xuebu', 'Luster', '42883'),
(849, '777-03-9298', 'Simnas', 'Elmside', '69202'),
(850, '537-78-6072', 'Saint-Herblain', 'Rowland', '13158'),
(851, '614-39-9420', 'Piduhe', 'Melvin', '66834'),
(852, '375-90-3367', 'Zhongxing', 'Corry', '60077'),
(853, '734-70-6994', 'Haibara', 'Maple Wood', '64021'),
(854, '135-35-4802', 'Wattala', 'Mcguire', '36116'),
(855, '322-65-5648', 'Karangtengah Lor', 'Butternut', '72490'),
(856, '337-22-8435', 'Huarong Chengguanzhe', 'Fulton', '83343'),
(857, '265-63-3385', 'Aoji-ri', 'Continental', '44347'),
(858, '626-72-8849', 'Patitírion', 'Charing Cross', '20736'),
(859, '279-59-0147', 'Buíque', 'Katie', '55391'),
(860, '326-02-1865', 'Banjar Budakeling', 'Arapahoe', '92117'),
(861, '863-36-2734', 'La Plaine-Saint-Deni', 'Bayside', '52069'),
(862, '797-49-7929', 'Piltown', 'Declaration', '22763'),
(863, '604-49-5942', 'Huangwan', 'Springs', '97679'),
(864, '435-78-2413', 'Hyattsville', 'Bellgrove', '90937'),
(865, '889-24-1260', 'Yambol', 'Northfield', '70593'),
(866, '661-27-2229', 'Chaloem Phra Kiat', 'Johnson', '97965'),
(867, '803-51-4877', 'Pasirlaja', 'Bashford', '23083'),
(868, '499-11-6991', 'Grecheskoye', '1st', '88479'),
(869, '189-11-8402', 'Chengxi', 'Old Shore', '00954'),
(870, '118-53-2970', 'Dera Murād Jamāli', 'Messerschmidt', '30662'),
(871, '809-74-6201', 'Aghavnadzor', 'South', '02669'),
(872, '100-45-1173', 'Estoi', 'Lyons', '99255'),
(873, '884-73-0996', 'Sankoutang', 'Schiller', '69317'),
(874, '406-57-2927', 'El Refugio', '8th', '12315'),
(875, '515-80-1326', 'Mierzęcice', 'Pepper Wood', '95269'),
(876, '295-43-7642', 'Maszkienice', 'Kedzie', '15644'),
(877, '637-30-9717', 'Menol', 'Maryland', '25950'),
(878, '644-41-8006', 'Malāyer', 'Novick', '54725'),
(879, '236-55-6794', 'Escada', 'Toban', '95439'),
(880, '160-08-9107', 'Matoupu', 'Portage', '30963'),
(881, '292-54-1436', 'Langádhia', 'Dottie', '57190'),
(882, '617-58-5528', 'Sokoto', 'Kenwood', '66610'),
(883, '731-80-1386', 'Basista', 'Old Shore', '39426'),
(884, '774-16-6708', 'Los Angeles', 'West', '02847'),
(885, '669-92-8649', 'Maquiapo', 'Vahlen', '31308'),
(886, '697-59-2285', 'Alqueidão', 'Hayes', '83463'),
(887, '432-17-6991', 'Ariguaní', 'Tony', '07110'),
(888, '331-95-3762', 'Bantul', 'Harbort', '54529'),
(889, '626-20-9234', 'Kongoussi', 'Spaight', '69893'),
(890, '354-42-0625', 'Hongshanzui', 'Crowley', '01794'),
(891, '738-62-8528', 'Makiv', 'Anderson', '48452'),
(892, '349-46-0988', 'Šibenik', 'Dryden', '34037'),
(893, '258-36-6081', 'Liwu', 'Namekagon', '23851'),
(894, '597-57-1774', 'Jönköping', 'Dakota', '03942'),
(895, '844-88-8671', 'Albuquerque', 'Southridge', '17995'),
(896, '263-61-0061', 'Yakovlevo', 'Green Ridge', '08781'),
(897, '125-42-2363', 'Yuhuangding', 'Barby', '05520'),
(898, '758-07-3298', 'Viangxai', 'Schlimgen', '40361'),
(899, '535-22-7557', 'Baganga', 'Mayfield', '16126'),
(900, '715-42-9813', 'Egvekinot', 'Sullivan', '08404'),
(901, '813-01-6699', 'Yumbo', 'Pepper Wood', '39903'),
(902, '578-29-3237', 'Неготино', 'Fair Oaks', '09445'),
(903, '815-71-4222', 'Itō', 'Dapin', '02010'),
(904, '708-69-7072', 'Soukkouma', 'Schurz', '93071'),
(905, '761-66-6026', 'Sidomulyo', 'Express', '99619'),
(906, '463-38-1101', 'Bagroy', 'Forest Run', '71985'),
(907, '515-62-7632', 'Barrinha', 'Fair Oaks', '36220'),
(908, '211-49-0369', 'Mallow', 'Briar Crest', '04546'),
(909, '203-49-4665', 'Kampungtengah', 'Macpherson', '33491'),
(910, '605-52-4702', 'Laowobao', 'Rigney', '25003'),
(911, '639-79-3062', 'Trinidad', '5th', '41393'),
(912, '157-23-0922', 'Dankunku', 'Swallow', '79632'),
(913, '813-04-0108', 'Dunkerque', 'Waxwing', '12761'),
(914, '798-21-0991', 'Nova Granada', 'Chive', '18563'),
(915, '743-95-1482', 'Corupá', 'Buell', '36773'),
(916, '245-62-6501', 'Baoshan', 'Schmedeman', '59373'),
(917, '402-56-6960', 'Chating', 'Bonner', '10630'),
(918, '691-33-4870', 'Wanglinkou', 'Sunnyside', '54548'),
(919, '171-28-6103', 'Tigil’', 'Stang', '98717'),
(920, '756-51-4341', 'Bella Vista', 'North', '26745'),
(921, '438-96-5024', 'Jiangbu', 'Glendale', '97723'),
(922, '636-31-0799', 'Niugan', 'Mallory', '87576'),
(923, '357-72-9952', 'Göteborg', 'Northview', '52235'),
(924, '125-10-7895', 'Yara', 'Northport', '64058'),
(925, '620-02-5627', 'Wenfu', 'Coleman', '41360'),
(926, '222-02-4088', 'Giồng Riềng', 'Bunker Hill', '87269'),
(927, '704-17-5049', 'Shezhu', 'Old Gate', '86757'),
(928, '272-59-9377', 'Río Grande', 'Lotheville', '93593'),
(929, '253-74-4909', 'Pieńsk', 'Ilene', '16276'),
(930, '118-44-1381', 'Kembangarum', 'Texas', '19210'),
(931, '873-74-7696', 'La Labor', 'Cody', '43017'),
(932, '417-53-2287', 'Chejiazhuang', 'Walton', '53359'),
(933, '301-48-0967', 'Dorchester', 'Mallard', '11127'),
(934, '589-96-6735', 'Huaiya', 'Charing Cross', '20004'),
(935, '608-73-1214', 'Ryūō', 'Straubel', '86734'),
(936, '618-56-1618', 'Nová Paka', 'Grasskamp', '57626'),
(937, '801-47-8290', 'Dengfang', 'Birchwood', '48681'),
(938, '674-22-5493', 'Namyang-dong', 'Doe Crossing', '34098'),
(939, '785-75-4072', 'Cruz das Almas', 'Golden Leaf', '07949'),
(940, '574-32-0666', 'Bistrica pri Tržiču', 'Vernon', '95553'),
(941, '683-42-5177', 'Triteh', 'Novick', '48460'),
(942, '660-25-5678', 'Eixo', 'Red Cloud', '44472'),
(943, '827-91-3105', 'Ash Shajarah', 'Fremont', '93518'),
(944, '754-85-4941', 'Ampera', 'Hermina', '04044'),
(945, '587-34-1220', 'Yengimahalla', 'Macpherson', '43782'),
(946, '681-31-3894', 'Carhuamayo', 'Ridgeway', '46064');
INSERT INTO `addresses` (`address_id`, `p_ssn`, `city`, `street`, `zip_code`) VALUES
(947, '824-91-7458', 'Riangkroko', 'Fairfield', '14722'),
(948, '572-33-3745', 'Gunjur', 'Ramsey', '67417'),
(949, '731-81-3739', 'Malawag', '5th', '07210'),
(950, '755-25-9182', 'Shangyang', 'Oxford', '45654'),
(951, '694-99-3056', 'Shagamu', 'Saint Paul', '86399'),
(952, '651-91-0897', 'Si Ma Cai', 'Luster', '35949'),
(953, '351-22-4813', 'Zhamao', 'Victoria', '36730'),
(954, '862-16-1755', 'Gzy', 'Eagle Crest', '07979'),
(955, '105-63-8664', 'Arauco', 'Golf Course', '74740'),
(956, '312-38-5603', 'Huangtudian', 'Caliangt', '98446'),
(957, '540-91-0732', 'Ranua', 'Jenna', '57294'),
(958, '275-62-2289', 'Huichang', 'Forest', '74150'),
(959, '563-56-8835', 'Narsingdi', 'Maryland', '24417'),
(960, '125-94-5466', 'Lakeland', 'Del Mar', '41395'),
(961, '711-96-5574', 'Xingcheng', 'Maple Wood', '43758'),
(962, '571-86-9059', 'Ribaldeira', 'Grim', '47096'),
(963, '590-36-9528', 'Xixiang', 'Cordelia', '94061'),
(964, '510-13-2879', 'Smålandsstenar', 'Schlimgen', '19292'),
(965, '866-95-8785', 'Tacoma', 'Springview', '95291'),
(966, '432-57-5814', 'Kainantu', 'Clemons', '49566'),
(967, '512-65-1226', 'Niechanowo', 'Service', '43485'),
(968, '314-16-6340', 'Taremskoye', 'Shelley', '35138'),
(969, '790-03-1388', 'Pontevedra', 'Del Sol', '00563'),
(970, '615-63-0884', 'Yaogou', 'Summerview', '08418'),
(971, '257-69-1654', 'Shuishiying', 'Holy Cross', '38831'),
(972, '885-66-7865', 'Houzhai', 'Autumn Leaf', '92665'),
(973, '664-83-3704', 'Xia’ertai', 'Onsgard', '75008'),
(974, '824-52-4219', 'Lumijoki', 'Sommers', '25141'),
(975, '501-68-4212', 'Voznesen’ye', 'Waxwing', '10451'),
(976, '183-04-4116', 'Chengjiang', 'Granby', '58909'),
(977, '679-50-2711', 'Dodu Dua', 'Meadow Valley', '34566'),
(978, '434-43-8049', 'Esplanada', 'Westerfield', '49322'),
(979, '859-13-7308', 'Odolanów', 'West', '12717'),
(980, '264-94-9024', 'Makhalino', 'Waxwing', '54946'),
(981, '299-62-3583', 'El Banco', 'Iowa', '79049'),
(982, '765-93-8279', 'Zadawa', 'Dahle', '92706'),
(983, '112-09-4449', 'Goragorskiy', 'Muir', '27978'),
(984, '432-35-1103', 'Teutônia', 'Scofield', '26571'),
(985, '480-16-5021', 'Wulong', 'Comanche', '83405'),
(986, '650-60-1849', 'Buenos Aires', 'Monterey', '10356'),
(987, '746-23-8842', 'Tarariras', 'Northland', '38527'),
(988, '777-70-3464', 'Butterworth', 'Holy Cross', '31641'),
(989, '755-04-1927', 'Enköping', 'Anderson', '68927'),
(990, '593-92-2736', 'Narok', 'Knutson', '64903'),
(991, '332-36-0976', 'Yuanmen', 'Tomscot', '32395'),
(992, '685-33-0744', 'Huanoquite', 'Di Loreto', '27140'),
(993, '802-10-3029', 'Temenggungan', 'Kinsman', '80239'),
(994, '300-25-7396', 'Hveragerði', 'Mockingbird', '27067'),
(995, '581-88-0628', 'Dřevohostice', 'Russell', '26769'),
(996, '565-73-4465', 'Panggungwinong', 'Fordem', '43992'),
(997, '162-70-8170', 'Qinlan', 'Orin', '64781'),
(998, '709-60-7531', 'Nong Bun Nak', 'Walton', '16922'),
(999, '345-88-5962', 'Parravak’ar', 'Bellgrove', '06911'),
(1000, '268-98-7012', 'Turki', 'Hudson', '52422'),
(1002, '12312312312', 'City', 'Street', '12345');

-- --------------------------------------------------------

--
-- Table structure for table `appointments`
--

CREATE TABLE `appointments` (
  `appointment_id` int(11) NOT NULL,
  `d_id` int(11) NOT NULL,
  `p_id` int(11) NOT NULL,
  `room` varchar(5) NOT NULL,
  `hour` int(11) NOT NULL,
  `month` int(11) NOT NULL,
  `day` int(11) NOT NULL,
  `year` int(11) NOT NULL
) ENGINE=InnoDB DEFAULT CHARSET=utf8;

--
-- Dumping data for table `appointments`
--

INSERT INTO `appointments` (`appointment_id`, `d_id`, `p_id`, `room`, `hour`, `month`, `day`, `year`) VALUES
(1, 4, 227, '55582', 8, 8, 28, 2020),
(2, 25, 351, '26351', 9, 8, 15, 2019),
(3, 22, 743, '40083', 10, 9, 29, 2019),
(4, 2, 650, '79515', 11, 7, 28, 2021),
(5, 13, 566, '60815', 12, 10, 16, 2021),
(6, 5, 11, '26351', 15, 1, 20, 2019),
(7, 17, 818, '69850', 16, 6, 26, 2021),
(8, 15, 830, '69850', 8, 9, 21, 2019),
(9, 18, 235, '92058', 9, 11, 14, 2019),
(10, 10, 424, '55582', 10, 11, 25, 2020),
(11, 6, 784, '15669', 11, 1, 17, 2020),
(12, 13, 169, '26351', 12, 9, 27, 2020),
(13, 19, 128, '54048', 15, 8, 15, 2020),
(14, 4, 624, '35241', 16, 8, 19, 2021),
(15, 16, 940, '40083', 8, 12, 24, 2020),
(16, 23, 714, '41726', 9, 12, 21, 2019),
(17, 2, 15, '62022', 10, 10, 23, 2019),
(18, 10, 599, '15156', 11, 4, 10, 2019),
(19, 6, 782, '41726', 12, 12, 6, 2020),
(20, 20, 552, '41726', 15, 11, 18, 2021),
(21, 8, 511, '62022', 16, 3, 12, 2019),
(22, 18, 336, '81411', 8, 8, 6, 2021),
(23, 12, 248, '69850', 9, 10, 5, 2019),
(24, 1, 906, '28550', 10, 7, 19, 2019),
(25, 3, 598, '40083', 11, 7, 6, 2019),
(26, 1, 419, '62022', 12, 11, 17, 2020),
(27, 6, 206, '69850', 15, 7, 22, 2019),
(28, 15, 218, '28339', 16, 5, 2, 2021),
(29, 11, 157, '69850', 8, 8, 5, 2019),
(30, 9, 847, '87671', 9, 3, 23, 2021),
(31, 17, 377, '87671', 10, 6, 25, 2020),
(32, 13, 466, '15156', 11, 9, 15, 2020),
(33, 17, 740, '92058', 12, 1, 29, 2021),
(34, 25, 6, '60815', 15, 1, 10, 2020),
(35, 25, 553, '70851', 16, 3, 22, 2020),
(36, 16, 799, '28339', 8, 1, 15, 2021),
(37, 25, 258, '26351', 9, 12, 1, 2021),
(38, 13, 396, '54048', 10, 8, 15, 2020),
(39, 15, 418, '19425', 11, 11, 21, 2021),
(40, 2, 681, '81411', 12, 10, 30, 2019),
(41, 14, 648, '81411', 15, 3, 11, 2020),
(42, 18, 339, '55730', 16, 5, 21, 2020),
(43, 21, 583, '26351', 8, 3, 17, 2021),
(44, 8, 557, '69850', 9, 9, 29, 2019),
(45, 22, 593, '35241', 10, 2, 5, 2020),
(46, 19, 482, '60585', 11, 12, 24, 2021),
(47, 24, 835, '79515', 12, 2, 30, 2019),
(48, 25, 839, '92058', 15, 9, 28, 2021),
(49, 13, 167, '28339', 16, 6, 4, 2020),
(50, 6, 248, '79515', 8, 1, 16, 2019),
(51, 23, 380, '76343', 9, 4, 30, 2019),
(52, 22, 907, '28339', 10, 8, 5, 2019),
(53, 24, 920, '79515', 11, 6, 15, 2021),
(54, 12, 886, '60585', 12, 12, 9, 2021),
(55, 2, 890, '62022', 15, 1, 17, 2020),
(56, 23, 11, '15669', 16, 1, 11, 2019),
(57, 12, 58, '26351', 8, 4, 10, 2019),
(58, 10, 243, '40083', 9, 6, 6, 2019),
(59, 11, 393, '60815', 10, 4, 17, 2021),
(60, 11, 635, '15156', 11, 3, 22, 2019),
(61, 10, 277, '28339', 12, 9, 28, 2021),
(62, 14, 805, '35241', 15, 1, 9, 2020),
(63, 21, 397, '41726', 16, 1, 18, 2021),
(64, 16, 253, '83544', 8, 6, 23, 2019),
(65, 4, 421, '54048', 9, 4, 7, 2019),
(66, 18, 46, '81411', 10, 9, 18, 2021),
(67, 18, 68, '60585', 11, 3, 18, 2019),
(68, 23, 440, '55730', 12, 2, 19, 2020),
(69, 2, 21, '62022', 15, 12, 19, 2019),
(70, 17, 877, '28339', 16, 5, 6, 2021),
(71, 12, 31, '60815', 8, 12, 1, 2019),
(72, 14, 82, '02393', 9, 12, 28, 2021),
(73, 22, 859, '26351', 10, 9, 11, 2020),
(74, 21, 935, '02393', 11, 3, 26, 2020),
(75, 9, 282, '35241', 12, 9, 12, 2021),
(76, 25, 981, '02392', 15, 9, 9, 2019),
(77, 18, 922, '41726', 16, 3, 25, 2019),
(78, 9, 261, '60585', 8, 6, 2, 2021),
(79, 3, 558, '15669', 9, 7, 15, 2021),
(80, 11, 406, '28339', 10, 10, 10, 2019),
(81, 1, 853, '79515', 11, 7, 28, 2019),
(82, 14, 603, '02393', 12, 5, 8, 2019),
(83, 11, 626, '02392', 15, 6, 1, 2021),
(84, 13, 435, '83544', 16, 2, 3, 2020),
(85, 9, 921, '60585', 8, 10, 14, 2021),
(86, 25, 492, '87671', 9, 2, 17, 2020),
(87, 23, 191, '76343', 10, 5, 8, 2020),
(88, 15, 360, '02393', 11, 7, 4, 2021),
(89, 9, 685, '87671', 12, 4, 10, 2021),
(90, 25, 944, '60815', 15, 1, 15, 2021),
(91, 24, 250, '55730', 16, 3, 1, 2019),
(92, 1, 895, '28339', 8, 10, 13, 2019),
(93, 8, 379, '76343', 9, 4, 20, 2019),
(94, 20, 145, '69850', 10, 12, 3, 2019),
(95, 15, 771, '02392', 11, 9, 16, 2019),
(96, 7, 429, '28550', 12, 10, 30, 2021),
(97, 24, 381, '41726', 15, 9, 30, 2020),
(98, 4, 723, '54048', 16, 2, 1, 2020),
(99, 24, 520, '69850', 8, 2, 21, 2020),
(100, 24, 772, '87671', 9, 11, 9, 2021),
(101, 5, 335, '15669', 10, 7, 20, 2020),
(102, 16, 822, '02392', 11, 4, 30, 2020),
(103, 18, 355, '83544', 12, 2, 5, 2021),
(104, 20, 349, '76343', 15, 8, 4, 2020),
(105, 22, 13, '60815', 16, 2, 12, 2019),
(106, 23, 486, '81411', 8, 8, 22, 2020),
(107, 25, 465, '15669', 9, 5, 19, 2019),
(108, 4, 683, '15669', 10, 9, 18, 2021),
(109, 24, 664, '62022', 11, 9, 15, 2021),
(110, 7, 607, '02393', 12, 6, 4, 2021),
(111, 24, 937, '70851', 15, 8, 3, 2019),
(112, 21, 91, '92058', 16, 7, 1, 2020),
(113, 15, 858, '70851', 8, 11, 12, 2020),
(114, 9, 538, '35241', 9, 2, 14, 2020),
(115, 17, 888, '60585', 10, 2, 15, 2020),
(116, 8, 922, '83544', 11, 1, 18, 2019),
(117, 24, 874, '02392', 12, 7, 24, 2019),
(118, 7, 788, '62022', 15, 12, 20, 2021),
(119, 18, 305, '83544', 16, 12, 11, 2020),
(120, 14, 165, '87671', 8, 5, 21, 2019),
(121, 16, 867, '69850', 9, 2, 3, 2020),
(122, 24, 394, '60585', 10, 12, 2, 2020),
(123, 23, 848, '35241', 11, 7, 26, 2019),
(124, 21, 899, '79515', 12, 7, 22, 2021),
(125, 21, 597, '35241', 15, 8, 5, 2019),
(126, 7, 562, '62022', 16, 4, 26, 2019),
(127, 11, 248, '02393', 8, 3, 15, 2021),
(128, 8, 399, '28550', 9, 4, 28, 2020),
(129, 8, 679, '70851', 10, 5, 4, 2020),
(130, 1, 834, '15156', 11, 9, 17, 2021),
(131, 21, 50, '19425', 12, 12, 10, 2021),
(132, 16, 492, '15669', 15, 7, 23, 2021),
(133, 24, 843, '81411', 16, 11, 3, 2021),
(134, 24, 244, '19425', 8, 5, 5, 2020),
(135, 9, 784, '28339', 9, 5, 2, 2019),
(136, 18, 218, '35241', 10, 6, 5, 2020),
(137, 20, 413, '02392', 11, 6, 20, 2019),
(138, 2, 154, '15156', 12, 9, 30, 2019),
(139, 3, 390, '70851', 15, 12, 21, 2021),
(140, 24, 115, '55730', 16, 11, 13, 2021),
(141, 18, 66, '62022', 8, 10, 25, 2020),
(142, 14, 646, '41726', 9, 5, 23, 2019),
(143, 21, 98, '81411', 10, 8, 13, 2021),
(144, 9, 209, '60585', 11, 7, 12, 2020),
(145, 18, 548, '60585', 12, 11, 12, 2021),
(146, 16, 249, '19425', 15, 5, 24, 2021),
(147, 2, 935, '76343', 16, 4, 20, 2019),
(148, 22, 474, '19425', 8, 6, 15, 2021),
(149, 13, 998, '19425', 9, 6, 21, 2021),
(150, 14, 417, '62022', 10, 9, 22, 2019),
(151, 18, 316, '19425', 11, 7, 19, 2019),
(152, 6, 732, '60815', 12, 4, 20, 2021),
(153, 20, 453, '15669', 15, 11, 30, 2020),
(154, 12, 763, '40083', 16, 7, 1, 2021),
(155, 21, 281, '76343', 8, 2, 18, 2020),
(156, 9, 354, '40083', 9, 4, 19, 2021),
(157, 13, 975, '70851', 10, 6, 28, 2021),
(158, 22, 6, '15156', 11, 11, 8, 2019),
(159, 1, 167, '87671', 12, 8, 22, 2019),
(160, 24, 460, '28339', 15, 1, 10, 2021),
(161, 6, 578, '15156', 16, 9, 4, 2020),
(162, 25, 635, '26351', 8, 7, 26, 2021),
(163, 25, 533, '02393', 9, 12, 12, 2020),
(164, 25, 885, '60815', 10, 5, 18, 2021),
(165, 19, 563, '26351', 11, 6, 10, 2021),
(166, 1, 827, '62022', 12, 2, 29, 2021),
(167, 12, 587, '40083', 15, 12, 12, 2021),
(168, 9, 974, '60815', 16, 7, 20, 2021),
(169, 20, 713, '87671', 8, 11, 2, 2021),
(170, 2, 303, '54048', 9, 3, 1, 2020),
(171, 21, 580, '15669', 10, 3, 4, 2020),
(172, 11, 534, '79515', 11, 3, 10, 2020),
(173, 9, 284, '79515', 12, 4, 22, 2021),
(174, 20, 85, '60585', 15, 12, 30, 2020),
(175, 15, 962, '40083', 16, 3, 25, 2019),
(176, 18, 809, '55582', 8, 11, 23, 2021),
(177, 1, 583, '55582', 9, 7, 2, 2020),
(178, 24, 728, '54048', 10, 7, 14, 2021),
(179, 2, 505, '69850', 11, 6, 13, 2020),
(180, 4, 826, '40083', 12, 7, 25, 2019),
(181, 9, 485, '54048', 15, 11, 29, 2020),
(182, 13, 489, '60585', 16, 11, 7, 2019),
(183, 5, 584, '83544', 8, 1, 5, 2021),
(184, 18, 623, '70851', 9, 7, 27, 2021),
(185, 21, 779, '41726', 10, 10, 4, 2021),
(186, 16, 458, '87671', 11, 12, 14, 2021),
(187, 2, 297, '92058', 12, 12, 4, 2019),
(188, 9, 802, '41726', 15, 3, 24, 2019),
(189, 16, 920, '15156', 16, 3, 2, 2021),
(190, 16, 846, '83544', 8, 5, 25, 2020),
(191, 7, 426, '62022', 9, 6, 28, 2020),
(192, 10, 844, '69850', 10, 8, 11, 2019),
(193, 13, 898, '19425', 11, 11, 3, 2020),
(194, 23, 221, '19425', 12, 4, 3, 2021),
(195, 5, 303, '81411', 15, 8, 28, 2019),
(196, 25, 285, '28339', 16, 1, 6, 2020),
(197, 19, 305, '26351', 8, 11, 14, 2020),
(198, 1, 550, '79515', 9, 3, 5, 2021),
(199, 19, 361, '92058', 10, 5, 10, 2020),
(200, 12, 430, '76343', 11, 6, 8, 2020),
(201, 18, 512, '15669', 12, 12, 22, 2020),
(202, 12, 84, '15156', 15, 5, 23, 2020),
(203, 19, 317, '81411', 16, 10, 3, 2019),
(204, 19, 766, '41726', 8, 1, 8, 2020),
(205, 25, 337, '02393', 9, 9, 10, 2021),
(206, 21, 866, '92058', 10, 11, 25, 2020),
(207, 16, 76, '15669', 11, 1, 4, 2021),
(208, 15, 96, '69850', 12, 4, 4, 2020),
(209, 23, 855, '15156', 15, 10, 26, 2021),
(210, 11, 492, '92058', 16, 8, 25, 2020),
(211, 6, 133, '15669', 8, 11, 13, 2019),
(212, 5, 961, '81411', 9, 8, 14, 2020),
(213, 21, 290, '40083', 10, 5, 25, 2020),
(214, 16, 119, '55730', 11, 3, 22, 2019),
(215, 16, 297, '15156', 12, 11, 2, 2020),
(216, 6, 851, '35241', 15, 9, 28, 2019),
(217, 2, 80, '02392', 16, 9, 3, 2021),
(218, 2, 34, '60815', 8, 5, 11, 2021),
(219, 9, 104, '62022', 9, 5, 15, 2021),
(220, 23, 728, '62022', 10, 2, 12, 2021),
(221, 5, 278, '15669', 11, 4, 12, 2021),
(222, 23, 363, '41726', 12, 7, 20, 2020),
(223, 25, 582, '02393', 15, 4, 13, 2020),
(224, 4, 454, '28550', 16, 7, 6, 2020),
(225, 1, 259, '28339', 8, 8, 20, 2020),
(226, 1, 342, '87671', 9, 11, 6, 2019),
(227, 18, 590, '28339', 10, 8, 7, 2021),
(228, 21, 834, '02392', 11, 7, 7, 2019),
(229, 6, 795, '76343', 12, 1, 30, 2019),
(230, 9, 154, '87671', 15, 3, 2, 2019),
(231, 11, 757, '87671', 16, 9, 8, 2020),
(232, 14, 542, '69850', 8, 12, 10, 2020),
(233, 12, 690, '02392', 9, 3, 7, 2019),
(234, 23, 801, '87671', 10, 9, 14, 2019),
(235, 13, 322, '28550', 11, 12, 6, 2021),
(236, 15, 756, '15156', 12, 1, 5, 2020),
(237, 22, 648, '55730', 15, 9, 18, 2021),
(238, 19, 254, '55730', 16, 9, 7, 2019),
(239, 6, 42, '15669', 8, 7, 3, 2021),
(240, 4, 527, '40083', 9, 9, 10, 2019),
(241, 7, 45, '02393', 10, 9, 1, 2020),
(242, 18, 120, '15156', 11, 12, 12, 2021),
(243, 25, 653, '69850', 12, 12, 24, 2021),
(244, 21, 553, '55582', 15, 5, 14, 2021),
(245, 13, 447, '62022', 16, 2, 2, 2020),
(246, 4, 824, '70851', 8, 3, 21, 2020),
(247, 17, 750, '02393', 9, 1, 9, 2019),
(248, 9, 1, '15669', 10, 12, 20, 2019),
(249, 6, 660, '02393', 11, 12, 20, 2021),
(250, 2, 3, '55730', 12, 5, 23, 2020),
(251, 19, 446, '76343', 15, 7, 26, 2020),
(252, 25, 135, '60815', 16, 2, 16, 2021),
(253, 18, 435, '87671', 8, 2, 6, 2021),
(254, 21, 977, '70851', 9, 6, 16, 2019),
(255, 8, 369, '81411', 10, 8, 2, 2020),
(256, 9, 699, '69850', 11, 1, 28, 2019),
(257, 11, 630, '55582', 12, 5, 26, 2020),
(258, 9, 956, '55582', 15, 10, 29, 2021),
(259, 8, 585, '62022', 16, 1, 25, 2020),
(260, 8, 94, '02393', 8, 6, 16, 2021),
(261, 25, 723, '26351', 9, 1, 29, 2019),
(262, 5, 423, '92058', 10, 7, 4, 2019),
(263, 25, 960, '02392', 11, 7, 5, 2019),
(264, 2, 484, '83544', 12, 4, 15, 2020),
(265, 9, 227, '55582', 15, 3, 1, 2019),
(266, 1, 397, '87671', 16, 10, 17, 2021),
(267, 2, 755, '55582', 8, 12, 15, 2019),
(268, 25, 722, '55582', 9, 5, 26, 2021),
(269, 8, 705, '62022', 10, 7, 9, 2020),
(270, 23, 659, '81411', 11, 2, 21, 2019),
(271, 19, 218, '69850', 12, 8, 14, 2019),
(272, 3, 351, '81411', 15, 8, 9, 2020),
(273, 22, 138, '70851', 16, 1, 20, 2020),
(274, 16, 743, '15156', 8, 10, 27, 2021),
(275, 25, 273, '40083', 9, 9, 25, 2019),
(276, 10, 368, '70851', 10, 6, 16, 2021),
(277, 23, 314, '28550', 11, 1, 12, 2019),
(278, 11, 926, '92058', 12, 7, 7, 2021),
(279, 22, 164, '81411', 15, 10, 23, 2021),
(280, 9, 436, '69850', 16, 2, 4, 2020),
(281, 24, 86, '02392', 8, 6, 29, 2019),
(282, 17, 292, '15669', 9, 3, 2, 2021),
(283, 21, 139, '41726', 10, 8, 28, 2019),
(284, 11, 113, '81411', 11, 10, 17, 2021),
(285, 18, 273, '54048', 12, 1, 18, 2020),
(286, 8, 589, '55582', 15, 6, 4, 2020),
(287, 21, 220, '79515', 16, 9, 26, 2021),
(288, 23, 258, '87671', 8, 9, 12, 2020),
(289, 11, 565, '83544', 9, 10, 21, 2019),
(290, 7, 738, '79515', 10, 4, 10, 2020),
(291, 13, 91, '02393', 11, 5, 4, 2019),
(292, 19, 169, '60815', 12, 6, 23, 2020),
(293, 17, 262, '19425', 15, 4, 18, 2021),
(294, 14, 449, '92058', 16, 10, 18, 2020),
(295, 8, 480, '28339', 8, 2, 21, 2019),
(296, 19, 991, '02393', 9, 6, 7, 2021),
(297, 3, 365, '92058', 10, 8, 29, 2019),
(298, 6, 719, '81411', 11, 6, 14, 2020),
(299, 8, 507, '69850', 12, 4, 5, 2019),
(300, 25, 938, '54048', 15, 12, 5, 2020),
(301, 18, 494, '26351', 16, 11, 27, 2020),
(302, 10, 508, '02392', 8, 12, 4, 2021),
(303, 18, 724, '28550', 9, 10, 22, 2019),
(304, 8, 669, '19425', 10, 4, 14, 2020),
(305, 22, 715, '54048', 11, 3, 18, 2019),
(306, 25, 401, '87671', 12, 1, 6, 2021),
(307, 6, 558, '40083', 15, 8, 7, 2020),
(308, 6, 411, '87671', 16, 7, 2, 2019),
(309, 17, 465, '54048', 8, 2, 23, 2019),
(310, 23, 686, '76343', 9, 4, 4, 2021),
(311, 24, 853, '02393', 10, 11, 6, 2020),
(312, 25, 391, '76343', 11, 11, 15, 2020),
(313, 2, 774, '60815', 12, 4, 12, 2020),
(314, 4, 614, '41726', 15, 5, 11, 2019),
(315, 14, 79, '15669', 16, 6, 15, 2019),
(316, 21, 407, '40083', 8, 3, 27, 2021),
(317, 13, 961, '55582', 9, 12, 19, 2019),
(318, 15, 64, '15669', 10, 1, 29, 2019),
(319, 12, 375, '54048', 11, 1, 23, 2021),
(320, 3, 111, '69850', 12, 11, 7, 2019),
(321, 16, 878, '83544', 15, 4, 22, 2021),
(322, 11, 445, '83544', 16, 6, 6, 2021),
(323, 22, 452, '02392', 8, 11, 8, 2019),
(324, 20, 338, '28339', 9, 3, 24, 2020),
(325, 14, 544, '02393', 10, 5, 28, 2021),
(326, 15, 657, '76343', 11, 12, 27, 2020),
(327, 11, 354, '70851', 12, 5, 3, 2019),
(328, 19, 298, '26351', 15, 2, 10, 2019),
(329, 2, 62, '62022', 16, 8, 23, 2021),
(330, 23, 475, '40083', 8, 1, 12, 2020),
(331, 9, 615, '28339', 9, 3, 26, 2021),
(332, 1, 413, '83544', 10, 10, 19, 2021),
(333, 12, 58, '92058', 11, 6, 10, 2020),
(334, 13, 10, '87671', 12, 11, 23, 2021),
(335, 1, 783, '26351', 15, 12, 22, 2021),
(336, 23, 553, '81411', 16, 5, 9, 2019),
(337, 9, 894, '28550', 8, 3, 28, 2021),
(338, 13, 586, '28339', 9, 11, 3, 2021),
(339, 8, 585, '92058', 10, 10, 27, 2020),
(340, 20, 922, '60585', 11, 8, 18, 2020),
(341, 9, 730, '60585', 12, 12, 2, 2019),
(342, 22, 14, '81411', 15, 3, 5, 2021),
(343, 19, 333, '60585', 16, 4, 28, 2020),
(344, 9, 650, '55582', 8, 9, 26, 2019),
(345, 18, 945, '70851', 9, 6, 16, 2020),
(346, 20, 873, '60815', 10, 12, 22, 2019),
(347, 3, 287, '69850', 11, 10, 5, 2021),
(348, 17, 515, '62022', 12, 2, 6, 2021),
(349, 13, 582, '81411', 15, 9, 12, 2020),
(350, 8, 942, '69850', 16, 4, 30, 2019),
(351, 6, 952, '02392', 8, 7, 10, 2019),
(352, 12, 237, '55730', 9, 5, 19, 2019),
(353, 23, 357, '41726', 10, 3, 15, 2021),
(354, 21, 141, '02393', 11, 6, 18, 2019),
(355, 14, 109, '40083', 12, 1, 5, 2019),
(356, 12, 975, '83544', 15, 5, 21, 2021),
(357, 20, 563, '02392', 16, 3, 28, 2021),
(358, 9, 773, '02393', 8, 7, 1, 2020),
(359, 18, 562, '28550', 9, 10, 28, 2020),
(360, 19, 92, '60815', 10, 5, 4, 2021),
(361, 12, 878, '60585', 11, 2, 7, 2019),
(362, 25, 222, '81411', 12, 8, 19, 2021),
(363, 22, 675, '79515', 15, 5, 14, 2019),
(364, 8, 849, '60815', 16, 7, 18, 2020),
(365, 14, 477, '62022', 8, 12, 24, 2019),
(366, 10, 289, '26351', 9, 5, 7, 2020),
(367, 18, 617, '81411', 10, 4, 8, 2021),
(368, 10, 456, '55582', 11, 5, 6, 2020),
(369, 1, 883, '83544', 12, 9, 13, 2019),
(370, 12, 465, '28550', 15, 6, 6, 2020),
(371, 23, 541, '15156', 16, 2, 6, 2021),
(372, 10, 76, '15156', 8, 1, 19, 2020),
(373, 25, 764, '02392', 9, 11, 27, 2019),
(374, 8, 89, '55730', 10, 3, 16, 2019),
(375, 15, 663, '70851', 11, 11, 15, 2021),
(376, 18, 734, '35241', 12, 2, 9, 2021),
(377, 12, 999, '02392', 15, 2, 17, 2019),
(378, 9, 548, '60585', 16, 1, 2, 2019),
(379, 12, 241, '28339', 8, 1, 12, 2019),
(380, 21, 823, '76343', 9, 6, 10, 2019),
(381, 3, 287, '79515', 10, 2, 4, 2020),
(382, 21, 919, '28339', 11, 9, 6, 2020),
(383, 17, 133, '70851', 12, 1, 25, 2019),
(384, 10, 730, '15669', 15, 5, 9, 2019),
(385, 25, 445, '02393', 16, 11, 19, 2019),
(386, 2, 996, '92058', 8, 4, 10, 2019),
(387, 1, 74, '76343', 9, 1, 18, 2021),
(388, 25, 356, '76343', 10, 8, 25, 2021),
(389, 25, 821, '60815', 11, 7, 27, 2019),
(390, 8, 916, '55582', 12, 8, 26, 2019),
(391, 2, 15, '76343', 15, 7, 24, 2019),
(392, 2, 987, '28339', 16, 10, 21, 2021),
(393, 23, 714, '55582', 8, 3, 2, 2020),
(394, 18, 535, '02393', 9, 4, 5, 2020),
(395, 9, 465, '40083', 10, 2, 28, 2019),
(396, 2, 502, '87671', 11, 3, 7, 2020),
(397, 8, 390, '54048', 12, 10, 8, 2019),
(398, 8, 928, '55582', 15, 12, 17, 2021),
(399, 3, 755, '60815', 16, 11, 23, 2020),
(400, 5, 282, '19425', 8, 10, 27, 2021),
(401, 17, 155, '19425', 9, 12, 7, 2021),
(402, 16, 946, '02393', 10, 4, 9, 2021),
(403, 4, 170, '55730', 11, 12, 17, 2019),
(404, 20, 707, '26351', 12, 5, 10, 2020),
(405, 7, 41, '83544', 15, 12, 9, 2019),
(406, 20, 134, '28550', 16, 8, 12, 2021),
(407, 9, 475, '69850', 8, 3, 19, 2021),
(408, 18, 478, '54048', 9, 10, 24, 2020),
(409, 7, 24, '02393', 10, 3, 6, 2019),
(410, 22, 903, '83544', 11, 9, 15, 2019),
(411, 5, 682, '55582', 12, 12, 3, 2020),
(412, 8, 956, '81411', 15, 1, 20, 2019),
(413, 22, 137, '41726', 16, 4, 6, 2021),
(414, 2, 536, '02393', 8, 2, 25, 2019),
(415, 25, 787, '81411', 9, 10, 11, 2020),
(416, 10, 962, '55582', 10, 4, 20, 2019),
(417, 10, 804, '83544', 11, 10, 16, 2019),
(418, 24, 842, '35241', 12, 12, 18, 2021),
(419, 5, 855, '35241', 15, 6, 22, 2020),
(420, 23, 78, '55582', 16, 2, 20, 2021),
(421, 9, 528, '55730', 8, 5, 3, 2021),
(422, 15, 33, '40083', 9, 2, 4, 2020),
(423, 16, 81, '87671', 10, 8, 14, 2020),
(424, 7, 459, '60815', 11, 8, 1, 2020),
(425, 7, 967, '81411', 12, 3, 7, 2019),
(426, 10, 928, '70851', 15, 1, 30, 2021),
(427, 23, 238, '28550', 16, 5, 22, 2020),
(428, 15, 227, '02393', 8, 7, 15, 2021),
(429, 12, 568, '81411', 9, 12, 20, 2021),
(430, 8, 765, '83544', 10, 12, 3, 2019),
(431, 2, 775, '70851', 11, 1, 16, 2020),
(432, 5, 267, '69850', 12, 8, 4, 2019),
(433, 17, 267, '55730', 15, 8, 16, 2019),
(434, 12, 264, '40083', 16, 1, 28, 2019),
(435, 9, 487, '40083', 8, 7, 20, 2020),
(436, 1, 915, '15669', 9, 7, 9, 2021),
(437, 7, 338, '60815', 10, 7, 16, 2020),
(438, 25, 905, '19425', 11, 2, 20, 2019),
(439, 23, 108, '70851', 12, 10, 13, 2020),
(440, 9, 301, '35241', 15, 10, 15, 2019),
(441, 15, 991, '28339', 16, 11, 29, 2020),
(442, 7, 873, '15669', 8, 10, 9, 2021),
(443, 10, 118, '76343', 9, 12, 25, 2020),
(444, 20, 494, '83544', 10, 5, 2, 2019),
(445, 23, 829, '87671', 11, 2, 12, 2020),
(446, 17, 430, '60585', 12, 11, 28, 2021),
(447, 11, 931, '41726', 15, 8, 28, 2021),
(448, 11, 180, '19425', 16, 1, 5, 2021),
(449, 1, 244, '19425', 8, 7, 2, 2021),
(450, 23, 752, '76343', 9, 5, 29, 2020),
(451, 6, 588, '62022', 10, 9, 2, 2020),
(452, 22, 884, '55582', 11, 12, 20, 2019),
(453, 11, 188, '54048', 12, 7, 11, 2021),
(454, 17, 374, '15669', 15, 10, 9, 2020),
(455, 11, 282, '76343', 16, 10, 29, 2019),
(456, 21, 51, '28550', 8, 7, 26, 2021),
(457, 2, 395, '55582', 9, 12, 30, 2020),
(458, 1, 168, '81411', 10, 8, 11, 2020),
(459, 19, 38, '02392', 11, 4, 9, 2020),
(460, 4, 162, '02393', 12, 11, 5, 2019),
(461, 14, 958, '02392', 15, 1, 25, 2020),
(462, 1, 641, '69850', 16, 10, 20, 2020),
(463, 14, 145, '55730', 8, 1, 15, 2020),
(464, 12, 153, '60815', 9, 11, 7, 2019),
(465, 4, 212, '26351', 10, 3, 4, 2021),
(466, 13, 719, '83544', 11, 1, 4, 2020),
(467, 24, 777, '79515', 12, 6, 16, 2021),
(468, 6, 157, '87671', 15, 5, 6, 2020),
(469, 13, 932, '87671', 16, 7, 17, 2021),
(470, 13, 287, '35241', 8, 9, 27, 2021),
(471, 25, 329, '70851', 9, 7, 26, 2020),
(472, 22, 964, '76343', 10, 9, 5, 2021),
(473, 17, 1000, '79515', 11, 9, 21, 2021),
(474, 8, 240, '40083', 12, 2, 5, 2021),
(475, 4, 942, '15156', 15, 5, 6, 2020),
(476, 11, 188, '81411', 16, 5, 20, 2019),
(477, 4, 371, '70851', 8, 10, 1, 2020),
(478, 14, 856, '55730', 9, 8, 10, 2021),
(479, 2, 474, '19425', 10, 1, 10, 2019),
(480, 21, 319, '76343', 11, 9, 15, 2019),
(481, 19, 247, '83544', 12, 2, 3, 2020),
(482, 2, 997, '41726', 15, 10, 13, 2019),
(483, 3, 329, '26351', 16, 6, 21, 2021),
(484, 11, 914, '60585', 8, 5, 16, 2020),
(485, 1, 34, '62022', 9, 5, 7, 2020),
(486, 18, 66, '79515', 10, 2, 26, 2020),
(487, 14, 837, '83544', 11, 5, 10, 2021),
(488, 19, 388, '35241', 12, 9, 23, 2019),
(489, 23, 938, '41726', 15, 2, 4, 2020),
(490, 22, 473, '35241', 16, 9, 2, 2019),
(491, 21, 484, '28550', 8, 1, 5, 2021),
(492, 5, 521, '70851', 9, 9, 10, 2021),
(493, 25, 137, '02392', 10, 2, 23, 2020),
(494, 11, 962, '92058', 11, 11, 18, 2019),
(495, 17, 146, '28339', 12, 5, 9, 2021),
(496, 22, 945, '55582', 15, 8, 16, 2019),
(497, 21, 263, '70851', 16, 2, 7, 2020),
(498, 1, 747, '41726', 8, 6, 25, 2019),
(499, 18, 888, '28550', 9, 7, 6, 2020),
(500, 25, 788, '83544', 10, 7, 29, 2020),
(501, 7, 542, '76343', 11, 5, 2, 2021),
(502, 20, 319, '76343', 12, 12, 25, 2021),
(503, 25, 907, '19425', 15, 10, 16, 2020),
(504, 10, 822, '60585', 16, 8, 12, 2019),
(505, 18, 23, '87671', 8, 4, 10, 2020),
(506, 19, 627, '41726', 9, 4, 26, 2021),
(507, 10, 789, '55730', 10, 3, 18, 2020),
(508, 2, 536, '60585', 11, 7, 29, 2021),
(509, 3, 912, '55730', 12, 6, 3, 2020),
(510, 16, 874, '26351', 15, 8, 4, 2021),
(511, 1, 668, '28550', 16, 7, 21, 2020),
(512, 4, 804, '79515', 8, 3, 26, 2020),
(513, 1, 165, '69850', 9, 6, 1, 2021),
(514, 22, 639, '02393', 10, 3, 28, 2019),
(515, 12, 147, '62022', 11, 2, 13, 2020),
(516, 21, 759, '02393', 12, 9, 12, 2021),
(517, 14, 49, '40083', 15, 12, 30, 2019),
(518, 12, 621, '81411', 16, 6, 23, 2019),
(519, 14, 718, '28550', 8, 8, 23, 2021),
(520, 23, 735, '41726', 9, 5, 1, 2019),
(521, 12, 473, '81411', 10, 3, 22, 2019),
(522, 20, 637, '69850', 11, 5, 22, 2021),
(523, 17, 104, '55730', 12, 3, 9, 2019),
(524, 1, 871, '83544', 15, 12, 8, 2020),
(525, 15, 33, '62022', 16, 2, 10, 2020),
(526, 4, 319, '28550', 8, 6, 3, 2019),
(527, 19, 213, '69850', 9, 2, 26, 2020),
(528, 19, 774, '15669', 10, 10, 2, 2020),
(529, 21, 891, '87671', 11, 4, 3, 2020),
(530, 8, 491, '69850', 12, 12, 14, 2020),
(531, 22, 89, '02393', 15, 8, 6, 2020),
(532, 18, 921, '62022', 16, 10, 19, 2021),
(533, 17, 762, '54048', 8, 1, 26, 2021),
(534, 23, 552, '76343', 9, 7, 29, 2019),
(535, 22, 755, '02393', 10, 2, 29, 2019),
(536, 16, 699, '60585', 11, 7, 16, 2020),
(537, 16, 192, '92058', 12, 6, 7, 2021),
(538, 11, 773, '79515', 15, 12, 25, 2019),
(539, 22, 584, '76343', 16, 1, 5, 2019),
(540, 6, 270, '83544', 8, 9, 15, 2020),
(541, 24, 590, '62022', 9, 12, 3, 2021),
(542, 11, 440, '15156', 10, 8, 20, 2020),
(543, 5, 160, '02393', 11, 12, 27, 2020),
(544, 7, 542, '55582', 12, 1, 6, 2021),
(545, 4, 19, '69850', 15, 12, 21, 2021),
(546, 10, 963, '62022', 16, 10, 21, 2021),
(547, 12, 446, '15156', 8, 6, 14, 2021),
(548, 3, 140, '15669', 9, 6, 19, 2020),
(549, 12, 290, '15156', 10, 9, 12, 2021),
(550, 2, 572, '70851', 11, 10, 8, 2019),
(551, 5, 601, '55730', 12, 6, 28, 2019),
(552, 4, 126, '60585', 15, 12, 27, 2020),
(553, 1, 374, '35241', 16, 7, 28, 2020),
(554, 14, 431, '26351', 8, 3, 16, 2021),
(555, 4, 958, '28339', 9, 8, 22, 2019),
(556, 11, 805, '02392', 10, 5, 29, 2021),
(557, 5, 440, '02392', 11, 12, 24, 2020),
(558, 20, 536, '40083', 12, 4, 28, 2019),
(559, 3, 821, '70851', 15, 4, 6, 2021),
(560, 2, 243, '15669', 16, 12, 15, 2019),
(561, 22, 57, '69850', 8, 1, 22, 2021),
(562, 11, 509, '83544', 9, 2, 16, 2021),
(563, 10, 856, '55730', 10, 3, 8, 2019),
(564, 20, 990, '79515', 11, 6, 10, 2020),
(565, 2, 441, '70851', 12, 4, 22, 2019),
(566, 24, 34, '15669', 15, 7, 13, 2021),
(567, 11, 893, '83544', 16, 4, 16, 2021),
(568, 24, 850, '28339', 8, 4, 26, 2019),
(569, 11, 887, '92058', 9, 2, 14, 2020),
(570, 19, 375, '19425', 10, 2, 25, 2020),
(571, 3, 463, '83544', 11, 2, 10, 2021),
(572, 20, 54, '55730', 12, 3, 22, 2020),
(573, 19, 301, '60585', 15, 10, 20, 2020),
(574, 6, 100, '62022', 16, 7, 2, 2020),
(575, 25, 395, '62022', 8, 5, 3, 2019),
(576, 20, 556, '81411', 9, 4, 21, 2021),
(577, 14, 887, '79515', 10, 4, 17, 2019),
(578, 8, 192, '79515', 11, 9, 26, 2021),
(579, 4, 767, '35241', 12, 6, 15, 2021),
(580, 21, 826, '15156', 15, 4, 13, 2020),
(581, 17, 568, '70851', 16, 11, 18, 2019),
(582, 15, 666, '35241', 8, 7, 27, 2019),
(583, 22, 401, '40083', 9, 7, 7, 2019),
(584, 15, 8, '15156', 10, 8, 10, 2020),
(585, 17, 805, '15156', 11, 7, 19, 2019),
(586, 9, 483, '83544', 12, 8, 10, 2021),
(587, 16, 682, '41726', 15, 9, 5, 2020),
(588, 21, 537, '02393', 16, 4, 20, 2019),
(589, 7, 333, '60815', 8, 9, 6, 2019),
(590, 18, 150, '40083', 9, 5, 8, 2019),
(591, 4, 987, '35241', 10, 5, 11, 2021),
(592, 13, 83, '28550', 11, 7, 23, 2019),
(593, 10, 522, '35241', 12, 4, 26, 2019),
(594, 2, 880, '02393', 15, 8, 15, 2019),
(595, 8, 487, '28339', 16, 2, 30, 2019),
(596, 16, 136, '79515', 8, 10, 28, 2020),
(597, 22, 386, '28339', 9, 11, 16, 2019),
(598, 22, 455, '15156', 10, 12, 30, 2019),
(599, 3, 869, '81411', 11, 12, 10, 2021),
(600, 10, 923, '54048', 12, 4, 2, 2021),
(601, 4, 229, '35241', 15, 11, 17, 2019),
(602, 13, 251, '92058', 16, 6, 10, 2019),
(603, 17, 334, '19425', 8, 5, 20, 2020),
(604, 2, 40, '02393', 9, 11, 5, 2019),
(605, 7, 644, '69850', 10, 4, 18, 2020),
(606, 11, 960, '28550', 11, 11, 15, 2021),
(607, 21, 553, '41726', 12, 6, 21, 2021),
(608, 17, 273, '83544', 15, 12, 28, 2020),
(609, 20, 606, '60815', 16, 2, 19, 2019),
(610, 25, 959, '55582', 8, 2, 17, 2021),
(611, 22, 348, '26351', 9, 5, 27, 2021),
(612, 5, 952, '41726', 10, 8, 1, 2021),
(613, 18, 422, '83544', 11, 4, 5, 2021),
(614, 2, 285, '19425', 12, 11, 11, 2020),
(615, 25, 768, '92058', 15, 1, 1, 2019),
(616, 7, 385, '19425', 16, 4, 7, 2020),
(617, 19, 336, '54048', 8, 11, 3, 2020),
(618, 19, 734, '35241', 9, 5, 25, 2019),
(619, 10, 391, '62022', 10, 1, 11, 2020),
(620, 21, 728, '62022', 11, 9, 6, 2019),
(621, 2, 249, '15156', 12, 6, 28, 2019),
(622, 8, 558, '35241', 15, 11, 22, 2020),
(623, 5, 535, '54048', 16, 3, 8, 2019),
(624, 10, 667, '41726', 8, 10, 25, 2020),
(625, 6, 906, '41726', 9, 10, 21, 2019),
(626, 20, 66, '81411', 10, 8, 6, 2019),
(627, 14, 14, '87671', 11, 1, 22, 2020),
(628, 20, 844, '87671', 12, 12, 29, 2020),
(629, 24, 669, '81411', 15, 4, 21, 2020),
(630, 8, 301, '15669', 16, 7, 24, 2021),
(631, 12, 505, '02393', 8, 3, 24, 2019),
(632, 10, 230, '62022', 9, 8, 11, 2021),
(633, 12, 106, '76343', 10, 2, 3, 2021),
(634, 25, 95, '60815', 11, 12, 20, 2020),
(635, 18, 420, '81411', 12, 11, 22, 2019),
(636, 15, 132, '15156', 15, 5, 9, 2019),
(637, 17, 560, '28339', 16, 12, 21, 2019),
(638, 21, 481, '28550', 8, 10, 14, 2019),
(639, 9, 554, '28550', 9, 6, 2, 2020),
(640, 12, 302, '79515', 10, 5, 17, 2021),
(641, 18, 635, '62022', 11, 7, 15, 2020),
(642, 20, 742, '02392', 12, 11, 16, 2019),
(643, 18, 334, '87671', 15, 11, 28, 2020),
(644, 18, 423, '55582', 16, 4, 29, 2019),
(645, 1, 305, '62022', 8, 8, 3, 2020),
(646, 5, 502, '87671', 9, 2, 12, 2020),
(647, 14, 359, '40083', 10, 8, 23, 2019),
(648, 23, 31, '79515', 11, 3, 26, 2021),
(649, 14, 422, '41726', 12, 5, 28, 2019),
(650, 17, 347, '55582', 15, 8, 25, 2021),
(651, 2, 619, '92058', 16, 5, 17, 2021),
(652, 19, 788, '35241', 8, 2, 29, 2021),
(653, 13, 1000, '28550', 9, 7, 21, 2020),
(654, 2, 719, '15156', 10, 8, 5, 2020),
(655, 8, 459, '19425', 11, 6, 18, 2020),
(656, 18, 364, '76343', 12, 6, 8, 2021),
(657, 10, 142, '54048', 15, 2, 25, 2019),
(658, 21, 287, '62022', 16, 4, 9, 2020),
(659, 2, 506, '19425', 8, 11, 21, 2020),
(660, 8, 742, '60815', 9, 8, 17, 2020),
(661, 24, 487, '40083', 10, 7, 23, 2021),
(662, 8, 807, '54048', 11, 2, 3, 2021),
(663, 12, 27, '69850', 12, 8, 27, 2021),
(664, 14, 414, '79515', 15, 2, 12, 2020),
(665, 13, 110, '28339', 16, 6, 12, 2021),
(666, 18, 214, '15669', 8, 7, 17, 2019),
(667, 9, 144, '87671', 9, 3, 15, 2019),
(668, 24, 839, '69850', 10, 10, 3, 2021),
(669, 10, 394, '15669', 11, 11, 15, 2020),
(670, 19, 677, '87671', 12, 7, 24, 2021),
(671, 13, 470, '02393', 15, 7, 27, 2021),
(672, 2, 272, '40083', 16, 9, 23, 2020),
(673, 4, 444, '55582', 8, 11, 18, 2020),
(674, 12, 854, '54048', 9, 10, 6, 2021),
(675, 16, 206, '19425', 10, 12, 10, 2019),
(676, 20, 586, '35241', 11, 9, 1, 2021),
(677, 15, 126, '41726', 12, 5, 25, 2020),
(678, 15, 767, '76343', 15, 10, 25, 2019),
(679, 24, 491, '60585', 16, 5, 27, 2020),
(680, 18, 39, '70851', 8, 2, 3, 2019),
(681, 1, 739, '69850', 9, 6, 12, 2020),
(682, 17, 829, '02393', 10, 12, 10, 2020),
(683, 6, 528, '81411', 11, 9, 2, 2021),
(684, 8, 907, '70851', 12, 2, 17, 2019),
(685, 12, 481, '02393', 15, 3, 25, 2019),
(686, 2, 817, '15669', 16, 6, 3, 2021),
(687, 15, 782, '28339', 8, 1, 7, 2021),
(688, 7, 860, '02393', 9, 6, 16, 2021),
(689, 8, 147, '81411', 10, 6, 13, 2019),
(690, 12, 631, '81411', 11, 10, 24, 2021),
(691, 21, 443, '35241', 12, 8, 13, 2021),
(692, 5, 564, '54048', 15, 2, 21, 2021),
(693, 19, 232, '28550', 16, 12, 19, 2021),
(694, 9, 1, '15669', 8, 5, 19, 2020),
(695, 18, 262, '60585', 9, 9, 1, 2021),
(696, 17, 312, '40083', 10, 5, 26, 2020),
(697, 9, 828, '28339', 11, 1, 21, 2019),
(698, 12, 652, '15156', 12, 7, 21, 2021),
(699, 21, 840, '55730', 15, 3, 26, 2021),
(700, 9, 820, '26351', 16, 2, 30, 2021),
(701, 4, 989, '19425', 8, 11, 19, 2021),
(702, 18, 529, '19425', 9, 1, 1, 2019),
(703, 14, 706, '69850', 10, 11, 5, 2020),
(704, 23, 84, '19425', 11, 11, 3, 2021),
(705, 3, 551, '28339', 12, 7, 24, 2019),
(706, 20, 703, '87671', 15, 8, 4, 2019),
(707, 25, 971, '62022', 16, 9, 6, 2019),
(708, 23, 159, '83544', 8, 1, 14, 2020),
(709, 13, 707, '55730', 9, 12, 3, 2021),
(710, 21, 117, '92058', 10, 11, 4, 2019),
(711, 1, 597, '55582', 11, 7, 4, 2021),
(712, 19, 701, '28550', 12, 11, 4, 2019),
(713, 18, 252, '62022', 15, 9, 19, 2021),
(714, 12, 366, '70851', 16, 11, 8, 2021),
(715, 10, 786, '87671', 8, 2, 29, 2019),
(716, 7, 852, '92058', 9, 11, 23, 2021),
(717, 7, 404, '81411', 10, 2, 5, 2020),
(718, 19, 711, '35241', 11, 4, 10, 2021),
(719, 23, 71, '60585', 12, 3, 18, 2020),
(720, 15, 233, '28339', 15, 11, 9, 2021),
(721, 12, 828, '70851', 16, 2, 13, 2019),
(722, 20, 973, '55582', 8, 3, 10, 2020),
(723, 23, 741, '79515', 9, 11, 27, 2020),
(724, 17, 105, '02393', 10, 3, 26, 2021),
(725, 25, 297, '40083', 11, 10, 12, 2019),
(726, 25, 878, '02392', 12, 11, 6, 2021),
(727, 15, 471, '02393', 15, 10, 22, 2019),
(728, 21, 870, '02393', 16, 2, 12, 2019),
(729, 4, 646, '19425', 8, 7, 14, 2019),
(730, 11, 162, '54048', 9, 12, 13, 2021),
(731, 2, 827, '62022', 10, 7, 8, 2019),
(732, 7, 538, '28339', 11, 10, 8, 2019),
(733, 5, 151, '60585', 12, 6, 23, 2021),
(734, 6, 800, '15156', 15, 11, 3, 2021),
(735, 20, 874, '54048', 16, 6, 9, 2021),
(736, 25, 960, '19425', 8, 5, 5, 2019),
(737, 23, 572, '28339', 9, 2, 12, 2021),
(738, 3, 694, '02393', 10, 8, 11, 2019),
(739, 21, 667, '54048', 11, 10, 30, 2019),
(740, 20, 896, '83544', 12, 12, 4, 2020),
(741, 18, 598, '54048', 15, 6, 20, 2019),
(742, 21, 906, '15669', 16, 9, 3, 2019),
(743, 9, 281, '81411', 8, 4, 7, 2021),
(744, 7, 192, '83544', 9, 5, 29, 2021),
(745, 22, 556, '02392', 10, 4, 22, 2020),
(746, 18, 591, '02392', 11, 4, 28, 2019),
(747, 8, 296, '60585', 12, 4, 1, 2021),
(748, 8, 524, '40083', 15, 10, 8, 2021),
(749, 4, 76, '55582', 16, 3, 29, 2021),
(750, 23, 300, '15669', 8, 1, 14, 2020),
(751, 2, 422, '87671', 9, 3, 15, 2020),
(752, 4, 315, '35241', 10, 2, 14, 2021),
(753, 13, 535, '28550', 11, 5, 12, 2020),
(754, 11, 462, '87671', 12, 7, 3, 2019),
(755, 4, 497, '54048', 15, 6, 30, 2020),
(756, 16, 432, '79515', 16, 12, 22, 2021),
(757, 17, 58, '92058', 8, 11, 18, 2019),
(758, 2, 849, '92058', 9, 7, 5, 2019),
(759, 2, 797, '81411', 10, 11, 29, 2021),
(760, 7, 366, '60585', 11, 4, 2, 2021),
(761, 20, 514, '70851', 12, 1, 5, 2020),
(762, 9, 680, '02393', 15, 9, 9, 2020),
(763, 17, 941, '02393', 16, 3, 5, 2021),
(764, 6, 586, '55730', 8, 12, 28, 2019),
(765, 19, 66, '19425', 9, 6, 29, 2019),
(766, 20, 999, '81411', 10, 7, 6, 2020),
(767, 24, 213, '26351', 11, 5, 29, 2019),
(768, 5, 441, '28339', 12, 4, 5, 2021),
(769, 11, 303, '60585', 15, 12, 27, 2020),
(770, 16, 475, '15669', 16, 11, 7, 2021),
(771, 5, 984, '81411', 8, 4, 17, 2021),
(772, 1, 601, '83544', 9, 12, 12, 2021),
(773, 13, 653, '55730', 10, 7, 23, 2020),
(774, 22, 283, '19425', 11, 8, 11, 2021),
(775, 13, 264, '40083', 12, 10, 17, 2021),
(776, 4, 330, '35241', 15, 6, 6, 2020),
(777, 12, 833, '19425', 16, 10, 8, 2021),
(778, 10, 850, '69850', 8, 2, 18, 2020),
(779, 14, 606, '40083', 9, 7, 3, 2019),
(780, 4, 432, '60815', 10, 9, 6, 2019),
(781, 12, 819, '60585', 11, 12, 22, 2021),
(782, 7, 106, '70851', 12, 1, 14, 2021),
(783, 24, 557, '60815', 15, 8, 20, 2020),
(784, 23, 905, '79515', 16, 2, 27, 2020),
(785, 21, 671, '35241', 8, 5, 2, 2020),
(786, 20, 408, '81411', 9, 7, 27, 2020),
(787, 10, 773, '69850', 10, 1, 29, 2021),
(788, 12, 954, '70851', 11, 8, 16, 2021),
(789, 24, 48, '87671', 12, 1, 27, 2019),
(790, 16, 897, '15156', 15, 11, 1, 2020),
(791, 17, 317, '02392', 16, 5, 26, 2020),
(792, 7, 926, '02393', 8, 4, 7, 2021),
(793, 1, 246, '15156', 9, 5, 27, 2021),
(794, 6, 342, '83544', 10, 7, 6, 2021),
(795, 15, 912, '69850', 11, 10, 22, 2021),
(796, 10, 976, '26351', 12, 9, 19, 2021),
(797, 4, 491, '60815', 15, 4, 9, 2021),
(798, 24, 388, '60585', 16, 6, 13, 2020),
(799, 6, 679, '28550', 8, 9, 28, 2021),
(800, 20, 169, '02392', 9, 8, 30, 2020),
(801, 4, 723, '40083', 10, 8, 13, 2021),
(802, 15, 858, '26351', 11, 2, 9, 2021),
(803, 17, 599, '69850', 12, 2, 22, 2021),
(804, 21, 248, '28550', 15, 5, 2, 2021),
(805, 7, 884, '28339', 16, 2, 23, 2021),
(806, 14, 577, '41726', 8, 7, 10, 2021),
(807, 15, 491, '15156', 9, 9, 14, 2019),
(808, 5, 920, '60815', 10, 7, 23, 2020),
(809, 14, 766, '69850', 11, 9, 13, 2021),
(810, 13, 392, '60815', 12, 10, 2, 2019),
(811, 11, 231, '54048', 15, 10, 26, 2021),
(812, 21, 387, '55582', 16, 7, 25, 2020),
(813, 19, 1000, '15156', 8, 7, 19, 2019),
(814, 14, 626, '87671', 9, 3, 13, 2021),
(815, 21, 683, '15669', 10, 7, 16, 2021),
(816, 25, 391, '69850', 11, 5, 26, 2019),
(817, 8, 84, '02392', 12, 11, 3, 2021),
(818, 3, 810, '62022', 15, 10, 24, 2021),
(819, 23, 990, '28550', 16, 2, 7, 2019),
(820, 13, 447, '83544', 8, 10, 7, 2019),
(821, 13, 229, '69850', 9, 3, 10, 2021),
(822, 9, 986, '81411', 10, 1, 19, 2021),
(823, 23, 626, '55582', 11, 9, 5, 2021),
(824, 20, 662, '28339', 12, 2, 26, 2021),
(825, 7, 501, '83544', 15, 4, 26, 2019),
(826, 1, 596, '19425', 16, 3, 27, 2019),
(827, 6, 173, '87671', 8, 5, 12, 2020),
(828, 4, 455, '02392', 9, 2, 4, 2019),
(829, 16, 78, '15669', 10, 10, 27, 2020),
(830, 11, 967, '54048', 11, 4, 12, 2020),
(831, 4, 668, '55582', 12, 4, 16, 2021),
(832, 1, 59, '28550', 15, 10, 30, 2021),
(833, 18, 69, '92058', 16, 11, 12, 2019),
(834, 17, 385, '02392', 8, 8, 2, 2021),
(835, 24, 875, '55582', 9, 8, 20, 2021),
(836, 15, 981, '60815', 10, 7, 29, 2019),
(837, 16, 426, '69850', 11, 7, 3, 2021),
(838, 5, 149, '35241', 12, 10, 28, 2021),
(839, 10, 744, '26351', 15, 12, 19, 2019),
(840, 19, 657, '54048', 16, 11, 18, 2019),
(841, 21, 515, '02392', 8, 6, 10, 2019),
(842, 25, 409, '60815', 9, 5, 18, 2021),
(843, 2, 54, '02392', 10, 8, 20, 2019),
(844, 11, 99, '02393', 11, 8, 14, 2020),
(845, 13, 138, '40083', 12, 8, 5, 2019),
(846, 12, 277, '76343', 15, 12, 25, 2020),
(847, 18, 38, '70851', 16, 5, 14, 2020),
(848, 23, 113, '79515', 8, 7, 7, 2020),
(849, 20, 846, '62022', 9, 3, 16, 2020),
(850, 19, 613, '62022', 10, 5, 15, 2020),
(851, 10, 676, '76343', 11, 8, 9, 2019),
(852, 13, 78, '70851', 12, 6, 22, 2020),
(853, 13, 213, '26351', 15, 8, 9, 2021),
(854, 22, 433, '70851', 16, 4, 19, 2020),
(855, 21, 677, '54048', 8, 2, 2, 2020),
(856, 17, 140, '40083', 9, 1, 27, 2020),
(857, 12, 944, '54048', 10, 4, 26, 2021),
(858, 7, 516, '02392', 11, 3, 9, 2021),
(859, 18, 242, '19425', 12, 8, 25, 2019),
(860, 23, 892, '35241', 15, 10, 21, 2020),
(861, 21, 209, '79515', 16, 3, 29, 2020),
(862, 20, 971, '19425', 8, 3, 13, 2021),
(863, 2, 144, '60815', 9, 10, 17, 2021),
(864, 1, 898, '76343', 10, 7, 19, 2020),
(865, 5, 907, '40083', 11, 3, 14, 2020),
(866, 16, 642, '69850', 12, 7, 29, 2021),
(867, 21, 565, '02392', 15, 8, 3, 2021),
(868, 8, 451, '28550', 16, 3, 28, 2020),
(869, 12, 63, '87671', 8, 2, 29, 2019),
(870, 25, 173, '02392', 9, 12, 8, 2021),
(871, 24, 724, '92058', 10, 9, 5, 2021),
(872, 9, 18, '54048', 11, 9, 1, 2021),
(873, 19, 388, '79515', 12, 12, 12, 2020),
(874, 22, 87, '87671', 15, 6, 3, 2020),
(875, 6, 157, '55730', 16, 6, 13, 2019),
(876, 5, 878, '92058', 8, 3, 5, 2019),
(877, 1, 489, '76343', 9, 9, 27, 2019),
(878, 24, 470, '92058', 10, 3, 3, 2019),
(879, 20, 906, '35241', 11, 12, 22, 2019),
(880, 10, 349, '40083', 12, 8, 17, 2019),
(881, 18, 947, '92058', 15, 2, 6, 2020),
(882, 2, 105, '87671', 16, 5, 13, 2020),
(883, 16, 85, '87671', 8, 7, 8, 2021),
(884, 12, 945, '02393', 9, 3, 26, 2019),
(885, 21, 340, '81411', 10, 8, 1, 2020),
(886, 11, 547, '15669', 11, 9, 1, 2019),
(887, 1, 362, '26351', 12, 2, 30, 2019),
(888, 13, 548, '54048', 15, 12, 30, 2020),
(889, 9, 853, '54048', 16, 11, 1, 2020),
(890, 9, 155, '83544', 8, 5, 6, 2019),
(891, 21, 517, '62022', 9, 11, 15, 2020),
(892, 17, 56, '62022', 10, 12, 6, 2020),
(893, 15, 51, '26351', 11, 2, 10, 2019),
(894, 8, 565, '02393', 12, 5, 28, 2019),
(895, 16, 216, '92058', 15, 1, 7, 2019),
(896, 21, 952, '02393', 16, 9, 8, 2020),
(897, 6, 729, '40083', 8, 10, 2, 2020),
(898, 22, 325, '19425', 9, 12, 6, 2021),
(899, 10, 146, '19425', 10, 6, 15, 2020),
(900, 1, 241, '02393', 11, 2, 22, 2019),
(901, 15, 952, '81411', 12, 9, 16, 2021),
(902, 19, 703, '02392', 15, 7, 29, 2020),
(903, 17, 75, '55582', 16, 12, 11, 2020),
(904, 6, 157, '92058', 8, 7, 15, 2021),
(905, 4, 823, '15669', 9, 10, 2, 2019),
(906, 25, 41, '60815', 10, 8, 1, 2019),
(907, 7, 804, '62022', 11, 5, 12, 2020),
(908, 1, 848, '55582', 12, 4, 19, 2020),
(909, 21, 699, '15156', 15, 1, 18, 2019),
(910, 23, 813, '35241', 16, 11, 11, 2021),
(911, 19, 58, '28339', 8, 8, 25, 2021),
(912, 6, 665, '70851', 9, 3, 10, 2020),
(913, 22, 163, '02392', 10, 3, 24, 2019),
(914, 17, 715, '92058', 11, 9, 2, 2019),
(915, 23, 727, '92058', 12, 9, 8, 2019),
(916, 15, 951, '28339', 15, 10, 26, 2021),
(917, 23, 305, '62022', 16, 8, 27, 2019),
(918, 14, 699, '92058', 8, 6, 5, 2020),
(919, 7, 914, '54048', 9, 10, 3, 2021),
(920, 5, 966, '19425', 10, 6, 23, 2021),
(921, 18, 540, '55730', 11, 12, 7, 2020),
(922, 19, 659, '70851', 12, 12, 3, 2020),
(923, 14, 50, '70851', 15, 11, 3, 2021),
(924, 22, 826, '62022', 16, 1, 11, 2021),
(925, 9, 520, '81411', 8, 5, 3, 2019),
(926, 8, 98, '28550', 9, 8, 28, 2019),
(927, 15, 677, '70851', 10, 6, 20, 2019),
(928, 17, 721, '02392', 11, 8, 21, 2020),
(929, 5, 456, '26351', 12, 11, 21, 2020),
(930, 16, 610, '15156', 15, 4, 23, 2019),
(931, 13, 520, '69850', 16, 10, 14, 2020),
(932, 17, 246, '41726', 8, 6, 15, 2019),
(933, 5, 476, '81411', 9, 5, 20, 2021),
(934, 24, 752, '35241', 10, 8, 15, 2021),
(935, 19, 782, '02392', 11, 4, 11, 2021),
(936, 16, 137, '28339', 12, 8, 18, 2021),
(937, 1, 742, '28339', 15, 1, 17, 2019),
(938, 25, 772, '40083', 16, 3, 7, 2020),
(939, 12, 176, '15669', 8, 8, 24, 2021),
(940, 9, 231, '83544', 9, 3, 29, 2021),
(941, 18, 517, '02392', 10, 5, 17, 2020),
(942, 23, 809, '19425', 11, 4, 14, 2021),
(943, 21, 556, '60585', 12, 12, 23, 2021),
(944, 11, 472, '81411', 15, 5, 1, 2019),
(945, 13, 893, '02392', 16, 3, 11, 2021),
(946, 20, 331, '15669', 8, 3, 30, 2019),
(947, 5, 296, '79515', 9, 3, 6, 2021),
(948, 24, 8, '83544', 10, 1, 20, 2021),
(949, 20, 824, '76343', 11, 4, 14, 2019),
(950, 12, 545, '76343', 12, 1, 13, 2019),
(951, 4, 439, '55730', 15, 1, 28, 2019),
(952, 5, 797, '83544', 16, 11, 28, 2020),
(953, 16, 678, '81411', 8, 5, 12, 2019),
(954, 20, 204, '69850', 9, 4, 24, 2020),
(955, 5, 605, '28339', 10, 3, 8, 2021),
(956, 3, 508, '60585', 11, 10, 17, 2020),
(957, 18, 138, '69850', 12, 5, 2, 2019),
(958, 7, 377, '40083', 15, 10, 13, 2019),
(959, 14, 899, '83544', 16, 12, 28, 2021),
(960, 16, 397, '54048', 8, 9, 29, 2020),
(961, 16, 165, '70851', 9, 8, 19, 2021),
(962, 16, 259, '19425', 10, 9, 25, 2020),
(963, 3, 257, '83544', 11, 6, 4, 2021),
(964, 18, 838, '60585', 12, 4, 16, 2020),
(965, 10, 648, '41726', 15, 8, 12, 2020),
(966, 1, 133, '55730', 16, 11, 21, 2021),
(967, 25, 73, '55582', 8, 12, 6, 2019),
(968, 13, 370, '62022', 9, 5, 6, 2019),
(969, 13, 179, '28550', 10, 3, 25, 2020),
(970, 2, 319, '79515', 11, 6, 18, 2021),
(971, 7, 630, '28550', 12, 12, 3, 2020),
(972, 6, 658, '54048', 15, 7, 17, 2020),
(973, 4, 923, '81411', 16, 8, 3, 2020),
(974, 11, 854, '28550', 8, 3, 16, 2021),
(975, 25, 1000, '69850', 9, 9, 21, 2019),
(976, 13, 475, '19425', 10, 10, 16, 2020),
(977, 6, 612, '79515', 11, 9, 8, 2019),
(978, 1, 22, '41726', 12, 3, 24, 2019),
(979, 17, 573, '83544', 15, 5, 21, 2021),
(980, 23, 189, '55730', 16, 5, 19, 2020),
(981, 18, 959, '62022', 8, 7, 8, 2020),
(982, 13, 79, '41726', 9, 2, 24, 2020),
(983, 14, 595, '35241', 10, 5, 9, 2019),
(984, 15, 68, '55582', 11, 6, 4, 2020),
(985, 13, 826, '62022', 12, 8, 14, 2021),
(986, 23, 69, '41726', 15, 11, 13, 2019),
(987, 12, 803, '15669', 16, 11, 19, 2019),
(988, 2, 263, '02393', 8, 6, 28, 2019),
(989, 24, 478, '15156', 9, 7, 3, 2020),
(990, 20, 4, '81411', 10, 3, 21, 2019),
(991, 21, 424, '70851', 11, 8, 17, 2019),
(992, 16, 538, '62022', 12, 6, 8, 2019),
(993, 2, 49, '76343', 15, 9, 29, 2019),
(994, 5, 752, '69850', 16, 5, 27, 2019),
(995, 14, 829, '87671', 8, 11, 29, 2021),
(996, 17, 684, '62022', 9, 6, 4, 2020),
(997, 16, 949, '40083', 10, 4, 6, 2021),
(998, 18, 53, '15156', 11, 5, 21, 2021),
(999, 12, 14, '55582', 12, 10, 25, 2020),
(1000, 18, 10, '35241', 15, 11, 6, 2020);

-- --------------------------------------------------------

--
-- Table structure for table `chronic_diseases`
--

CREATE TABLE `chronic_diseases` (
  `chronic_disease` varchar(50) NOT NULL,
  `chronic_ssn` varchar(15) NOT NULL
) ENGINE=InnoDB DEFAULT CHARSET=utf8;

--
-- Dumping data for table `chronic_diseases`
--

INSERT INTO `chronic_diseases` (`chronic_disease`, `chronic_ssn`) VALUES
('ALS', '158-56-6288'),
('ALS', '342-38-0500'),
('ALS', '467-71-5567'),
('ALS', '729-98-9671'),
('ALS', '785-82-3343'),
('ALS', '828-67-8176'),
('Arthritis', '160-58-6094'),
('Arthritis', '227-35-2943'),
('Arthritis', '346-41-1191'),
('Arthritis', '578-31-8831'),
('Arthritis', '600-96-9050'),
('Arthritis', '626-41-2554'),
('Arthritis', '691-33-4870'),
('Arthritis', '720-52-8972'),
('Arthritis', '811-36-4889'),
('Asthma', '225-87-8017'),
('Asthma', '355-07-5198'),
('Asthma', '436-42-8650'),
('Asthma', '467-56-8301'),
('Asthma', '651-86-7200'),
('Asthma', '703-14-9621'),
('Asthma', '813-59-7740'),
('Cancer', '208-22-5340'),
('Cancer', '252-47-1182'),
('Cancer', '319-14-2138'),
('Cancer', '382-87-4732'),
('Cancer', '512-24-8190'),
('Cancer', '538-50-6249'),
('Cancer', '561-27-5730'),
('Cancer', '700-85-1756'),
('Cancer', '842-82-6241'),
('Cystic Fibrosis', '226-61-8476'),
('Cystic Fibrosis', '238-36-7153'),
('Cystic Fibrosis', '305-40-4439'),
('Cystic Fibrosis', '373-91-9159'),
('Cystic Fibrosis', '421-16-0869'),
('Cystic Fibrosis', '775-17-4708'),
('Cystic Fibrosis', '851-71-7263'),
('Cystic Fibrosis', '884-73-0996'),
('Diabetes', '148-34-9768'),
('Diabetes', '183-04-4116'),
('Diabetes', '211-61-4868'),
('Diabetes', '234-67-4530'),
('Diabetes', '354-42-0625'),
('Diabetes', '412-23-7351'),
('Diabetes', '444-47-5938'),
('Diabetes', '571-01-7964'),
('Diabetes', '597-57-1774'),
('Diabetes', '653-80-6219'),
('Diabetes', '768-76-8705'),
('Heart Disease', '207-21-0767'),
('Heart Disease', '250-61-2985'),
('Heart Disease', '257-82-9962'),
('Heart Disease', '287-75-5259'),
('Heart Disease', '297-24-4700'),
('Heart Disease', '521-75-7690'),
('Heart Disease', '650-60-1849'),
('Heart Disease', '708-88-8361'),
('Heart Disease', '769-41-4283'),
('Oral Health', '351-22-4813'),
('Oral Health', '577-05-9599'),
('Oral Health', '604-43-8982'),
('Oral Health', '724-96-7512'),
('Oral Health', '751-84-4766'),
('Oral Health', '858-30-3108'),
('Osteoporosis', '116-14-7741'),
('Osteoporosis', '118-76-3468'),
('Osteoporosis', '148-34-9768'),
('Osteoporosis', '159-11-6268'),
('Osteoporosis', '221-80-2299'),
('Osteoporosis', '357-72-9952'),
('Osteoporosis', '521-75-7690'),
('Osteoporosis', '694-99-3056'),
('Osteoporosis', '771-82-4988'),
('Osteoporosis', '864-34-6918');

-- --------------------------------------------------------

--
-- Table structure for table `dentists`
--

CREATE TABLE `dentists` (
  `dentist_id` int(11) NOT NULL,
  `dentist_ssn` varchar(15) NOT NULL,
  `room_number` varchar(5) NOT NULL
) ENGINE=InnoDB DEFAULT CHARSET=utf8;

--
-- Dumping data for table `dentists`
--

INSERT INTO `dentists` (`dentist_id`, `dentist_ssn`, `room_number`) VALUES
(1, '404-74-2195', '15156'),
(2, '868-13-4992', '83544'),
(3, '445-35-3839', '54058'),
(4, '638-16-5057', '92058'),
(5, '856-66-4937', '02393'),
(6, '639-82-6590', '55582'),
(7, '642-72-6312', '19425'),
(8, '206-80-4630', '40083'),
(9, '811-64-1286', '76343'),
(10, '138-41-9301', '81411'),
(11, '526-97-4652', '28339'),
(12, '103-19-4824', '60815'),
(13, '379-79-0807', '87671'),
(14, '303-37-0733', '70851'),
(15, '784-10-4355', '41726'),
(16, '233-55-4526', '15669'),
(17, '785-40-0606', '35241'),
(18, '855-01-7154', '60585'),
(19, '518-42-6304', '62022'),
(20, '730-72-3421', '28550'),
(21, '451-32-1973', '02392'),
(22, '838-16-9793', '79515'),
(23, '657-09-5355', '55730'),
(24, '243-77-8888', '69850'),
(25, '492-44-0532', '26351');

-- --------------------------------------------------------

--
-- Table structure for table `holiday_dates`
--

CREATE TABLE `holiday_dates` (
  `holiday_id` int(11) NOT NULL,
  `resting_id` int(11) NOT NULL,
  `reason` varchar(25) DEFAULT NULL,
  `rest_date` date NOT NULL
) ENGINE=InnoDB DEFAULT CHARSET=utf8;

--
-- Dumping data for table `holiday_dates`
--

INSERT INTO `holiday_dates` (`holiday_id`, `resting_id`, `reason`, `rest_date`) VALUES
(1, 6, 'Other', '2020-07-03'),
(2, 22, 'Other', '2020-05-31'),
(3, 14, 'Other', '2021-01-15'),
(4, 17, NULL, '2020-07-31'),
(5, 14, NULL, '2021-06-19'),
(6, 18, 'Annual Holiday', '2021-06-07'),
(7, 9, 'Sick Leave', '2021-03-28'),
(8, 7, 'Sick Leave', '2020-11-07'),
(9, 23, 'Annual Holiday', '2021-05-18'),
(10, 2, 'Other', '2021-04-04'),
(11, 18, 'Sick Leave', '2021-03-05'),
(12, 23, 'Other', '2021-03-06'),
(13, 3, 'Annual Holiday', '2020-05-05'),
(14, 8, NULL, '2020-09-17'),
(15, 1, 'Sick Leave', '2021-01-07'),
(16, 14, NULL, '2020-12-14'),
(17, 15, NULL, '2021-04-06'),
(18, 10, 'Other', '2020-11-18'),
(19, 25, 'Annual Holiday', '2021-03-19'),
(20, 1, NULL, '2020-10-13'),
(21, 14, 'Sick Leave', '2021-03-04'),
(22, 13, NULL, '2020-08-13'),
(23, 19, 'Sick Leave', '2020-05-18'),
(24, 5, NULL, '2021-07-10'),
(25, 4, 'Annual Holiday', '2021-02-09');

-- --------------------------------------------------------

--
-- Table structure for table `medicines`
--

CREATE TABLE `medicines` (
  `medicine_id` int(11) NOT NULL,
  `t_id` int(11) NOT NULL,
  `medicine_name` varchar(50) NOT NULL
) ENGINE=InnoDB DEFAULT CHARSET=utf8;

--
-- Dumping data for table `medicines`
--

INSERT INTO `medicines` (`medicine_id`, `t_id`, `medicine_name`) VALUES
(1, 54, 'adhesive cream'),
(2, 45, 'tooth paste'),
(3, 204, 'mouthwash'),
(4, 275, 'adhesive cream'),
(5, 61, 'tooth paste'),
(6, 164, 'dental spray'),
(7, 116, 'adhesive cream'),
(8, 163, 'mouthwash'),
(9, 216, 'tooth paste'),
(10, 90, 'mouthwash'),
(11, 198, 'dental spray'),
(12, 220, 'mouthwash'),
(13, 211, 'tooth paste'),
(14, 290, 'dental disclosing tablet'),
(15, 73, 'mouthwash'),
(16, 93, 'adhesive cream'),
(17, 211, 'adhesive cream'),
(18, 71, 'tooth paste'),
(19, 2, 'adhesive cream'),
(20, 179, 'tooth paste'),
(21, 154, 'dental disclosing tablet'),
(22, 228, 'mouthwash'),
(23, 210, 'adhesive cream'),
(24, 68, 'mouthwash'),
(25, 36, 'adhesive cream'),
(26, 262, 'mouthwash'),
(27, 262, 'dental disclosing tablet'),
(28, 22, 'adhesive cream'),
(29, 215, 'dental disclosing tablet'),
(30, 245, 'dental spray'),
(31, 68, 'dental disclosing tablet'),
(32, 62, 'dental disclosing tablet'),
(33, 228, 'mouthwash'),
(34, 187, 'dental disclosing tablet'),
(35, 221, 'dental disclosing tablet'),
(36, 188, 'mouthwash'),
(37, 179, 'dental disclosing tablet'),
(38, 99, 'adhesive cream'),
(39, 71, 'adhesive cream'),
(40, 243, 'tooth paste'),
(41, 264, 'tooth paste'),
(42, 170, 'tooth paste'),
(43, 14, 'tooth paste'),
(44, 67, 'mouthwash'),
(45, 135, 'dental disclosing tablet'),
(46, 124, 'dental disclosing tablet'),
(47, 74, 'dental disclosing tablet'),
(48, 175, 'dental spray'),
(49, 131, 'mouthwash'),
(50, 212, 'adhesive cream');

-- --------------------------------------------------------

--
-- Table structure for table `patients`
--

CREATE TABLE `patients` (
  `patient_id` int(11) NOT NULL,
  `patient_ssn` varchar(15) NOT NULL
) ENGINE=InnoDB DEFAULT CHARSET=utf8;

--
-- Dumping data for table `patients`
--

INSERT INTO `patients` (`patient_id`, `patient_ssn`) VALUES
(872, '100-45-1173'),
(765, '100-50-1722'),
(356, '103-99-6905'),
(794, '104-46-9870'),
(955, '105-63-8664'),
(397, '105-66-6671'),
(276, '106-09-0996'),
(821, '106-13-2714'),
(249, '106-75-2595'),
(353, '106-91-9649'),
(478, '107-03-6561'),
(466, '107-05-6857'),
(633, '108-20-7064'),
(427, '111-26-7367'),
(983, '112-09-4449'),
(648, '112-59-9525'),
(320, '112-93-5065'),
(384, '113-15-0898'),
(26, '115-90-0204'),
(337, '115-91-6600'),
(406, '116-14-7741'),
(785, '116-62-1863'),
(644, '117-30-3504'),
(37, '117-39-8781'),
(930, '118-44-1381'),
(870, '118-53-2970'),
(199, '118-76-3468'),
(613, '118-98-7157'),
(662, '122-66-8997'),
(1002, '12312312312'),
(924, '125-10-7895'),
(897, '125-42-2363'),
(106, '125-90-6382'),
(960, '125-94-5466'),
(8, '128-27-0031'),
(298, '129-74-3140'),
(393, '131-59-0059'),
(664, '131-72-0750'),
(804, '132-02-8587'),
(854, '135-35-4802'),
(497, '138-86-5248'),
(712, '139-08-4534'),
(370, '141-39-2601'),
(512, '141-68-0561'),
(148, '145-51-7290'),
(670, '145-72-1463'),
(508, '146-62-4335'),
(559, '147-59-5262'),
(108, '148-34-9768'),
(602, '148-59-1209'),
(358, '150-61-0211'),
(496, '150-69-0141'),
(676, '151-06-2503'),
(187, '153-43-1521'),
(628, '153-83-6478'),
(242, '154-29-4386'),
(656, '154-81-9152'),
(4, '155-31-4795'),
(567, '156-41-8694'),
(912, '157-23-0922'),
(225, '158-56-6288'),
(45, '159-11-6268'),
(880, '160-08-9107'),
(86, '160-30-8677'),
(52, '160-58-6094'),
(359, '161-30-9436'),
(288, '161-46-6918'),
(51, '161-63-1632'),
(292, '161-97-7963'),
(997, '162-70-8170'),
(627, '163-60-9082'),
(446, '164-27-4140'),
(514, '164-63-9224'),
(194, '165-44-0842'),
(88, '166-48-9399'),
(230, '169-17-3188'),
(44, '170-68-8098'),
(919, '171-28-6103'),
(278, '171-34-0185'),
(829, '173-11-2345'),
(419, '173-67-8954'),
(724, '174-40-0221'),
(363, '175-77-7823'),
(516, '175-84-9669'),
(523, '177-48-6187'),
(655, '178-33-4013'),
(769, '179-67-3780'),
(272, '182-62-2648'),
(976, '183-04-4116'),
(730, '183-48-7202'),
(727, '184-34-8585'),
(160, '184-93-4911'),
(848, '185-61-7711'),
(808, '187-01-8377'),
(742, '187-62-9554'),
(817, '187-72-0600'),
(869, '189-11-8402'),
(691, '189-34-9137'),
(344, '190-48-0909'),
(511, '191-27-3930'),
(747, '191-52-6602'),
(50, '191-91-1128'),
(616, '192-87-6273'),
(828, '192-93-0694'),
(604, '194-05-7994'),
(221, '195-16-4905'),
(522, '195-21-6074'),
(326, '196-50-1976'),
(196, '196-96-2007'),
(449, '198-89-8524'),
(310, '199-26-3344'),
(334, '199-28-7671'),
(12, '202-34-7844'),
(304, '202-72-3604'),
(711, '203-16-7719'),
(141, '203-22-4674'),
(323, '203-38-6399'),
(909, '203-49-4665'),
(237, '203-98-7500'),
(847, '205-92-2122'),
(806, '207-21-0767'),
(660, '207-58-1716'),
(843, '208-04-6584'),
(706, '208-22-5340'),
(513, '208-55-1100'),
(146, '208-64-5756'),
(643, '209-04-5724'),
(374, '209-64-2920'),
(908, '211-49-0369'),
(159, '211-61-4868'),
(525, '211-72-2537'),
(647, '214-09-9897'),
(333, '214-68-7594'),
(793, '214-69-9486'),
(748, '215-38-4091'),
(373, '215-54-5800'),
(153, '215-89-8871'),
(138, '216-67-5182'),
(218, '217-07-0123'),
(653, '219-11-6383'),
(502, '220-14-2018'),
(135, '221-18-2753'),
(692, '221-80-2299'),
(926, '222-02-4088'),
(269, '222-45-3479'),
(125, '223-09-5658'),
(332, '223-38-4069'),
(774, '225-05-6497'),
(483, '225-16-7919'),
(56, '225-87-8017'),
(753, '226-61-8476'),
(645, '227-35-2943'),
(243, '227-77-9015'),
(462, '227-86-8435'),
(190, '232-22-3735'),
(589, '232-49-1854'),
(17, '233-42-6148'),
(38, '234-67-4530'),
(801, '235-26-3773'),
(192, '236-44-1064'),
(879, '236-55-6794'),
(335, '236-63-2125'),
(562, '237-61-6103'),
(111, '238-36-7153'),
(480, '240-67-9349'),
(263, '240-77-8677'),
(2, '241-98-5233'),
(418, '243-59-6337'),
(87, '243-81-1229'),
(916, '245-62-6501'),
(293, '247-13-5373'),
(395, '247-89-4796'),
(838, '248-37-9632'),
(743, '249-63-1376'),
(482, '249-65-7775'),
(96, '249-87-9777'),
(735, '250-53-1893'),
(264, '250-61-2985'),
(610, '250-84-7293'),
(290, '251-54-6723'),
(300, '251-59-8030'),
(481, '252-45-2928'),
(649, '252-47-1182'),
(929, '253-74-4909'),
(787, '254-28-1542'),
(182, '255-02-7008'),
(425, '255-75-2639'),
(762, '256-21-0282'),
(841, '256-63-0507'),
(971, '257-69-1654'),
(5, '257-82-9962'),
(530, '258-04-7487'),
(893, '258-36-6081'),
(791, '258-58-3790'),
(66, '259-26-4030'),
(494, '260-50-0904'),
(810, '261-75-8530'),
(22, '262-63-8830'),
(104, '262-64-1484'),
(75, '262-84-1557'),
(403, '263-30-5235'),
(896, '263-61-0061'),
(319, '263-85-7697'),
(980, '264-94-9024'),
(408, '265-46-3165'),
(857, '265-63-3385'),
(91, '266-32-8627'),
(285, '267-88-8001'),
(1000, '268-98-7012'),
(350, '269-63-2975'),
(311, '270-93-6006'),
(776, '271-05-4953'),
(11, '271-54-4443'),
(928, '272-59-9377'),
(490, '273-04-7352'),
(518, '273-17-7002'),
(739, '273-30-2610'),
(124, '274-38-0040'),
(354, '275-31-9451'),
(958, '275-62-2289'),
(65, '276-22-5143'),
(781, '276-95-5577'),
(717, '276-98-3901'),
(811, '277-69-3008'),
(824, '277-88-8125'),
(859, '279-59-0147'),
(805, '283-38-6340'),
(398, '284-02-0666'),
(688, '284-04-6863'),
(385, '285-84-3811'),
(550, '287-23-7266'),
(536, '287-31-1781'),
(700, '287-75-5259'),
(524, '288-76-4758'),
(169, '289-10-7693'),
(812, '289-73-2848'),
(725, '289-88-6058'),
(372, '290-38-6905'),
(685, '291-36-5545'),
(881, '292-54-1436'),
(565, '292-57-7157'),
(313, '293-44-0293'),
(557, '293-90-3888'),
(529, '295-41-3174'),
(876, '295-43-7642'),
(306, '295-89-1479'),
(745, '297-24-4700'),
(412, '297-26-5008'),
(837, '297-42-3074'),
(573, '297-75-8331'),
(981, '299-62-3583'),
(994, '300-25-7396'),
(933, '301-48-0967'),
(716, '301-48-8272'),
(421, '304-18-4278'),
(720, '304-60-0820'),
(818, '305-38-0194'),
(476, '305-40-4439'),
(460, '305-71-5288'),
(515, '309-15-2265'),
(312, '309-93-8249'),
(417, '310-41-7947'),
(191, '310-48-7574'),
(222, '311-61-6765'),
(956, '312-38-5603'),
(736, '312-90-0021'),
(807, '313-02-6506'),
(119, '313-40-5866'),
(968, '314-16-6340'),
(741, '316-18-6147'),
(701, '316-51-0637'),
(782, '316-89-3353'),
(113, '319-13-0608'),
(475, '319-14-2138'),
(436, '320-96-1164'),
(112, '322-63-3278'),
(855, '322-65-5648'),
(253, '325-85-0423'),
(860, '326-02-1865'),
(472, '326-05-5212'),
(209, '326-56-0290'),
(441, '327-66-0994'),
(283, '329-92-6978'),
(361, '329-99-9542'),
(134, '330-83-6556'),
(447, '331-05-4778'),
(703, '331-44-0651'),
(888, '331-95-3762'),
(991, '332-36-0976'),
(102, '332-68-3093'),
(535, '333-23-6528'),
(707, '333-29-0388'),
(212, '337-08-2557'),
(856, '337-22-8435'),
(509, '337-33-1219'),
(752, '338-55-0022'),
(680, '339-20-3042'),
(772, '339-77-9936'),
(423, '340-44-6723'),
(175, '340-91-2496'),
(345, '341-32-5974'),
(178, '341-58-4352'),
(678, '342-38-0500'),
(659, '344-03-2321'),
(999, '345-88-5962'),
(163, '346-41-1191'),
(256, '346-84-8686'),
(561, '347-01-2457'),
(32, '348-17-8332'),
(892, '349-46-0988'),
(179, '349-81-2585'),
(953, '351-22-4813'),
(463, '351-50-0817'),
(231, '352-59-1937'),
(760, '352-73-7856'),
(890, '354-42-0625'),
(430, '355-07-5198'),
(836, '355-46-4434'),
(733, '355-95-9668'),
(923, '357-72-9952'),
(118, '359-11-3115'),
(506, '359-12-8801'),
(299, '359-77-2367'),
(366, '360-86-8467'),
(274, '363-85-6401'),
(592, '364-88-8369'),
(211, '368-42-8392'),
(43, '369-93-6607'),
(47, '371-33-3055'),
(166, '371-34-5525'),
(35, '372-57-7187'),
(174, '372-85-7919'),
(667, '373-26-8081'),
(77, '373-91-9159'),
(375, '374-79-9908'),
(852, '375-90-3367'),
(346, '377-18-0853'),
(227, '377-21-0549'),
(498, '377-99-8885'),
(452, '378-12-7643'),
(210, '378-15-2108'),
(545, '379-29-8189'),
(250, '380-78-2221'),
(362, '380-86-9806'),
(467, '381-61-4435'),
(501, '382-25-7091'),
(107, '382-80-4282'),
(761, '382-87-4732'),
(281, '384-45-9153'),
(795, '385-47-4340'),
(641, '385-72-3298'),
(615, '385-83-8044'),
(444, '386-29-7428'),
(377, '386-71-2125'),
(64, '386-71-3024'),
(823, '391-19-2204'),
(744, '393-11-2962'),
(519, '394-35-2681'),
(25, '394-72-2829'),
(329, '394-89-3790'),
(90, '394-98-4477'),
(98, '395-13-4270'),
(684, '395-32-7304'),
(834, '396-11-6371'),
(53, '398-78-0483'),
(813, '401-14-4630'),
(845, '401-41-9415'),
(917, '402-56-6960'),
(331, '402-73-4363'),
(694, '402-97-9660'),
(307, '403-24-1276'),
(308, '403-58-7791'),
(598, '405-36-4810'),
(874, '406-57-2927'),
(465, '407-45-9469'),
(314, '408-34-7588'),
(755, '409-30-8316'),
(116, '409-74-3965'),
(287, '412-23-7351'),
(407, '413-25-4328'),
(424, '413-99-6299'),
(63, '414-07-9755'),
(635, '414-11-8433'),
(365, '414-88-3295'),
(266, '415-69-0176'),
(510, '416-58-8737'),
(766, '416-62-7302'),
(448, '417-19-9631'),
(388, '417-35-5751'),
(932, '417-53-2287'),
(343, '418-20-0967'),
(325, '419-49-2373'),
(819, '421-16-0869'),
(46, '423-01-8442'),
(454, '424-81-8687'),
(825, '425-01-1885'),
(34, '425-19-2062'),
(390, '425-21-5198'),
(796, '425-35-0265'),
(435, '425-54-6038'),
(493, '426-35-3632'),
(186, '426-62-1490'),
(746, '428-72-7411'),
(474, '429-20-0478'),
(599, '430-05-5942'),
(315, '431-16-8238'),
(105, '431-32-9368'),
(797, '431-97-8443'),
(887, '432-17-6991'),
(984, '432-35-1103'),
(548, '432-52-3170'),
(966, '432-57-5814'),
(658, '434-05-1317'),
(978, '434-43-8049'),
(864, '435-78-2413'),
(827, '436-42-8650'),
(261, '437-01-8495'),
(921, '438-96-5024'),
(391, '440-64-1426'),
(575, '441-41-1761'),
(133, '441-74-2740'),
(434, '442-86-1284'),
(607, '444-16-0959'),
(220, '444-47-5938'),
(433, '445-74-7964'),
(486, '445-78-7130'),
(55, '446-14-0262'),
(254, '446-91-0723'),
(642, '450-57-4676'),
(411, '450-82-1380'),
(830, '450-99-2719'),
(284, '451-23-9048'),
(176, '451-57-5903'),
(439, '451-73-7602'),
(79, '451-81-9101'),
(41, '452-06-5236'),
(661, '453-01-4331'),
(131, '454-46-0906'),
(650, '455-51-9442'),
(517, '455-73-7943'),
(81, '456-99-7580'),
(149, '457-13-0933'),
(392, '457-37-6128'),
(442, '457-38-5550'),
(833, '457-82-7343'),
(572, '459-34-5021'),
(396, '460-98-6093'),
(39, '463-09-8446'),
(906, '463-38-1101'),
(376, '465-54-0898'),
(726, '465-79-1765'),
(556, '465-86-7503'),
(620, '466-25-0078'),
(532, '466-69-7958'),
(171, '466-73-7683'),
(155, '467-01-7184'),
(619, '467-56-8301'),
(183, '467-71-5567'),
(7, '467-98-4939'),
(389, '468-43-4167'),
(713, '470-79-9698'),
(110, '471-45-2246'),
(301, '472-13-1344'),
(710, '472-33-4608'),
(76, '473-90-5942'),
(779, '474-33-2932'),
(235, '474-74-1685'),
(468, '475-72-9152'),
(504, '476-15-2697'),
(445, '476-62-6662'),
(544, '476-72-6066'),
(985, '480-16-5021'),
(734, '480-24-9450'),
(705, '480-43-6165'),
(790, '481-81-3680'),
(693, '482-26-3919'),
(594, '482-73-0698'),
(640, '483-43-9848'),
(255, '483-78-9589'),
(563, '484-04-3221'),
(339, '485-63-9973'),
(520, '486-46-0533'),
(637, '486-51-7401'),
(534, '486-89-5167'),
(554, '487-06-9083'),
(379, '487-11-8367'),
(541, '488-14-7157'),
(775, '490-19-0344'),
(731, '492-18-2850'),
(704, '493-77-2287'),
(152, '494-56-7710'),
(479, '494-77-3423'),
(265, '495-27-5999'),
(651, '497-20-2207'),
(868, '499-11-6991'),
(470, '499-63-2903'),
(802, '499-75-3016'),
(268, '500-35-9100'),
(438, '501-28-3011'),
(975, '501-68-4212'),
(780, '503-27-0092'),
(586, '503-93-5052'),
(489, '504-04-0030'),
(799, '505-52-3560'),
(123, '505-88-5463'),
(485, '505-94-6839'),
(696, '506-38-6137'),
(294, '506-58-6334'),
(487, '507-13-1729'),
(338, '507-81-6480'),
(275, '508-29-1069'),
(964, '510-13-2879'),
(150, '510-35-4648'),
(426, '510-47-9934'),
(505, '510-73-8074'),
(588, '510-96-7564'),
(297, '511-64-5187'),
(72, '511-65-8142'),
(410, '512-24-8190'),
(715, '512-48-2055'),
(967, '512-65-1226'),
(679, '512-96-9065'),
(624, '513-45-7867'),
(907, '515-62-7632'),
(875, '515-80-1326'),
(603, '515-91-8667'),
(286, '516-18-4635'),
(328, '516-89-3752'),
(181, '517-40-7912'),
(9, '518-67-8017'),
(422, '520-88-8981'),
(577, '521-06-2339'),
(538, '521-55-9114'),
(84, '521-75-7690'),
(71, '524-31-0241'),
(771, '524-96-7077'),
(638, '527-55-9195'),
(666, '527-66-6049'),
(336, '527-72-5288'),
(570, '528-94-3153'),
(205, '529-32-9145'),
(593, '529-46-9783'),
(574, '532-37-8192'),
(750, '533-27-5991'),
(342, '533-98-9625'),
(714, '535-16-9276'),
(899, '535-22-7557'),
(157, '537-53-2806'),
(850, '537-78-6072'),
(145, '538-25-2185'),
(59, '538-49-7646'),
(654, '538-50-6249'),
(738, '539-34-3809'),
(213, '539-95-1168'),
(957, '540-91-0732'),
(681, '541-21-1660'),
(835, '542-71-0842'),
(167, '543-10-1410'),
(341, '543-54-3315'),
(189, '544-02-6992'),
(238, '544-54-2565'),
(251, '546-96-1446'),
(531, '548-03-7813'),
(302, '549-14-1516'),
(553, '549-64-9836'),
(652, '550-85-9422'),
(216, '551-32-2772'),
(777, '552-11-1988'),
(33, '552-17-2356'),
(351, '552-44-4303'),
(48, '552-90-1812'),
(596, '553-35-4784'),
(416, '554-74-2177'),
(477, '555-32-0178'),
(632, '555-88-3194'),
(469, '556-34-4032'),
(625, '559-02-8501'),
(154, '560-51-3785'),
(404, '561-01-4458'),
(109, '561-27-5730'),
(959, '563-56-8835'),
(184, '564-18-3798'),
(722, '564-71-4406'),
(271, '565-23-3692'),
(996, '565-73-4465'),
(611, '565-89-1196'),
(583, '569-49-9496'),
(773, '570-23-7351'),
(526, '570-30-3481'),
(381, '571-01-7964'),
(99, '571-69-7762'),
(962, '571-86-9059'),
(948, '572-33-3745'),
(721, '572-37-0732'),
(940, '574-32-0666'),
(217, '575-08-7466'),
(120, '577-05-9599'),
(82, '577-10-3406'),
(219, '577-29-3521'),
(729, '577-56-0680'),
(115, '577-62-3066'),
(92, '578-02-8765'),
(902, '578-29-3237'),
(236, '578-31-8831'),
(549, '580-72-6655'),
(580, '580-89-1809'),
(995, '581-88-0628'),
(31, '585-47-5039'),
(142, '586-61-8598'),
(273, '586-76-8316'),
(945, '587-34-1220'),
(758, '589-15-7125'),
(934, '589-96-6735'),
(963, '590-36-9528'),
(415, '591-37-2912'),
(322, '592-48-6373'),
(206, '593-46-2743'),
(990, '593-92-2736'),
(809, '595-91-8282'),
(814, '596-28-7551'),
(16, '596-82-6362'),
(58, '597-26-7228'),
(894, '597-57-1774'),
(630, '597-74-7846'),
(453, '600-96-9050'),
(600, '602-46-5799'),
(223, '602-63-5736'),
(768, '603-06-6955'),
(40, '603-75-5338'),
(582, '603-79-0086'),
(560, '604-43-8982'),
(863, '604-49-5942'),
(387, '604-51-6600'),
(910, '605-52-4702'),
(756, '605-99-4513'),
(457, '606-04-2470'),
(348, '606-83-1174'),
(622, '606-86-9856'),
(164, '608-21-4931'),
(935, '608-73-1214'),
(170, '610-93-3910'),
(198, '612-20-5024'),
(783, '613-14-0404'),
(851, '614-39-9420'),
(970, '615-63-0884'),
(428, '617-46-4601'),
(128, '617-50-0708'),
(882, '617-58-5528'),
(566, '617-61-4655'),
(144, '618-13-9793'),
(936, '618-56-1618'),
(925, '620-02-5627'),
(316, '622-84-2600'),
(172, '623-33-1862'),
(832, '623-45-3659'),
(689, '623-70-3071'),
(528, '625-38-7971'),
(889, '626-20-9234'),
(521, '626-41-2554'),
(858, '626-72-8849'),
(177, '629-26-2083'),
(330, '630-56-0269'),
(156, '631-57-1854'),
(459, '633-40-6990'),
(95, '634-53-8423'),
(579, '634-59-6404'),
(922, '636-31-0799'),
(578, '636-33-8184'),
(97, '636-45-4607'),
(305, '636-76-2699'),
(877, '637-30-9717'),
(754, '637-52-3517'),
(539, '638-41-5151'),
(267, '639-37-2985'),
(911, '639-79-3062'),
(473, '641-24-5810'),
(499, '642-19-0102'),
(6, '642-62-5698'),
(161, '643-09-3027'),
(360, '644-17-1240'),
(878, '644-41-8006'),
(605, '645-12-7778'),
(503, '645-92-4560'),
(413, '646-01-0268'),
(103, '650-53-2947'),
(986, '650-60-1849'),
(456, '651-21-1371'),
(555, '651-86-7200'),
(952, '651-91-0897'),
(258, '652-02-8840'),
(324, '652-50-6648'),
(228, '653-09-8892'),
(820, '653-80-6219'),
(767, '656-93-0054'),
(789, '657-38-1136'),
(30, '658-81-9464'),
(942, '660-25-5678'),
(866, '661-27-2229'),
(723, '662-67-1811'),
(500, '662-98-9550'),
(608, '663-15-8644'),
(399, '663-51-6583'),
(973, '664-83-3704'),
(639, '668-77-1261'),
(233, '669-08-4073'),
(364, '669-14-0893'),
(885, '669-92-8649'),
(162, '672-97-1189'),
(938, '674-22-5493'),
(763, '676-29-4142'),
(229, '678-32-3955'),
(669, '678-48-1857'),
(405, '678-49-6929'),
(842, '679-02-7109'),
(23, '679-32-9670'),
(977, '679-50-2711'),
(527, '679-82-5040'),
(846, '681-10-3556'),
(946, '681-31-3894'),
(663, '681-44-2988'),
(296, '682-59-9824'),
(409, '682-68-2938'),
(461, '682-83-5336'),
(380, '682-89-4191'),
(941, '683-42-5177'),
(1, '684-62-3046'),
(309, '684-84-8132'),
(992, '685-33-0744'),
(201, '685-67-2225'),
(117, '686-97-2501'),
(429, '687-58-8017'),
(147, '688-32-5987'),
(803, '691-16-5002'),
(918, '691-33-4870'),
(245, '691-79-3603'),
(291, '693-18-7521'),
(682, '693-71-3610'),
(634, '693-72-1886'),
(951, '694-99-3056'),
(289, '695-33-1585'),
(458, '695-47-8197'),
(839, '697-06-4338'),
(732, '697-58-5169'),
(886, '697-59-2285'),
(690, '697-90-3616'),
(617, '698-56-0233'),
(657, '700-85-1756'),
(241, '702-16-3462'),
(28, '702-40-0846'),
(247, '702-48-4976'),
(303, '702-85-4920'),
(42, '703-14-9621'),
(165, '703-63-1713'),
(673, '703-92-7371'),
(927, '704-17-5049'),
(826, '705-39-5668'),
(471, '706-01-5290'),
(904, '708-69-7072'),
(49, '708-88-8361'),
(626, '709-21-1568'),
(998, '709-60-7531'),
(18, '709-65-3199'),
(961, '711-96-5574'),
(357, '714-02-1327'),
(788, '715-08-6020'),
(900, '715-42-9813'),
(321, '716-65-9180'),
(569, '717-36-9136'),
(137, '720-52-8972'),
(595, '724-06-4077'),
(491, '724-08-3206'),
(29, '724-56-4588'),
(85, '724-96-7512'),
(740, '725-92-8067'),
(202, '726-43-0278'),
(695, '728-08-5491'),
(770, '729-98-9671'),
(78, '730-55-1286'),
(883, '731-80-1386'),
(949, '731-81-3739'),
(204, '732-36-5188'),
(19, '732-76-7488'),
(140, '732-82-9776'),
(401, '733-43-3608'),
(188, '734-02-6926'),
(853, '734-70-6994'),
(203, '735-03-3141'),
(208, '737-38-2968'),
(891, '738-62-8528'),
(484, '738-73-4064'),
(27, '739-58-7746'),
(420, '739-66-5168'),
(636, '739-67-1940'),
(13, '739-92-1260'),
(831, '741-35-5997'),
(129, '743-36-9780'),
(80, '743-40-1988'),
(822, '743-52-6654'),
(915, '743-95-1482'),
(347, '744-01-1652'),
(800, '744-73-5680'),
(675, '745-83-5147'),
(987, '746-23-8842'),
(127, '747-66-2205'),
(270, '748-97-7451'),
(371, '751-30-7378'),
(437, '751-36-3383'),
(234, '751-84-4766'),
(414, '754-51-3356'),
(944, '754-85-4941'),
(989, '755-04-1927'),
(950, '755-25-9182'),
(547, '756-39-0669'),
(920, '756-51-4341'),
(126, '756-82-0402'),
(464, '756-87-4256'),
(708, '756-96-3446'),
(709, '757-76-0463'),
(898, '758-07-3298'),
(646, '758-36-2605'),
(386, '759-12-9489'),
(677, '760-12-6117'),
(355, '760-80-8812'),
(542, '761-09-6439'),
(621, '761-18-7735'),
(786, '761-45-1110'),
(905, '761-66-6026'),
(252, '763-95-9097'),
(584, '764-81-4706'),
(982, '765-93-8279'),
(89, '765-95-0286'),
(623, '766-73-3359'),
(68, '767-43-3886'),
(60, '768-02-3100'),
(698, '768-43-1024'),
(340, '768-76-8705'),
(318, '769-41-4283'),
(200, '769-93-7303'),
(618, '771-82-4988'),
(749, '771-93-9651'),
(609, '773-77-0310'),
(568, '773-81-7597'),
(884, '774-16-6708'),
(195, '774-42-9197'),
(207, '775-17-4708'),
(62, '775-45-9628'),
(849, '777-03-9298'),
(988, '777-70-3464'),
(352, '779-40-6788'),
(432, '781-14-8946'),
(450, '781-31-0045'),
(671, '782-86-3376'),
(180, '783-52-1079'),
(571, '784-96-3180'),
(581, '785-70-4434'),
(939, '785-75-4072'),
(686, '785-82-3343'),
(259, '786-11-7629'),
(440, '786-45-9024'),
(185, '787-01-6737'),
(232, '787-83-6039'),
(612, '787-87-4709'),
(244, '789-41-9299'),
(969, '790-03-1388'),
(431, '790-43-7498'),
(759, '791-69-1783'),
(844, '792-28-1025'),
(540, '793-77-9794'),
(757, '796-40-1529'),
(36, '796-91-3736'),
(132, '797-19-9061'),
(862, '797-49-7929'),
(585, '797-52-2780'),
(914, '798-21-0991'),
(226, '800-26-7360'),
(139, '800-59-9489'),
(937, '801-47-8290'),
(279, '801-85-1527'),
(993, '802-10-3029'),
(867, '803-51-4877'),
(193, '804-23-9849'),
(551, '804-93-8560'),
(21, '804-96-7203'),
(687, '805-14-1069'),
(798, '805-78-6950'),
(83, '807-08-3911'),
(94, '807-42-5551'),
(20, '808-60-5254'),
(871, '809-74-6201'),
(576, '809-87-8719'),
(280, '811-36-4889'),
(3, '811-37-5545'),
(543, '812-76-6654'),
(901, '813-01-6699'),
(913, '813-04-0108'),
(614, '813-59-7740'),
(224, '814-80-4763'),
(197, '815-08-3009'),
(903, '815-71-4222'),
(93, '817-49-7902'),
(533, '817-80-2432'),
(400, '818-22-6689'),
(70, '818-34-8345'),
(672, '820-77-7760'),
(173, '820-80-0850'),
(54, '822-82-8832'),
(719, '823-22-6571'),
(495, '823-53-3715'),
(974, '824-52-4219'),
(947, '824-91-7458'),
(943, '827-91-3105'),
(295, '828-67-8176'),
(67, '830-21-8351'),
(158, '830-68-7425'),
(606, '832-03-0528'),
(718, '832-28-2224'),
(69, '833-70-9820'),
(262, '833-78-5947'),
(215, '834-56-5869'),
(248, '836-48-1910'),
(558, '838-88-5785'),
(101, '840-29-4856'),
(74, '840-85-8092'),
(368, '842-04-9083'),
(14, '842-82-6241'),
(784, '843-94-5802'),
(895, '844-88-8671'),
(317, '845-58-9096'),
(239, '846-64-1111'),
(277, '847-20-3618'),
(546, '847-49-8582'),
(792, '849-76-2363'),
(778, '851-71-7263'),
(100, '851-78-2842'),
(114, '851-94-4663'),
(597, '852-44-0246'),
(815, '852-59-3747'),
(240, '852-76-7965'),
(151, '852-78-8121'),
(674, '852-83-1134'),
(601, '853-05-9598'),
(816, '853-24-5498'),
(840, '853-77-3237'),
(507, '855-29-5727'),
(168, '855-73-4379'),
(697, '855-74-2413'),
(369, '857-68-6817'),
(382, '858-30-3108'),
(979, '859-13-7308'),
(15, '861-50-8531'),
(954, '862-16-1755'),
(683, '862-74-6151'),
(861, '863-36-2734'),
(260, '863-81-4444'),
(591, '864-34-6918'),
(492, '866-13-8514'),
(965, '866-95-8785'),
(587, '867-56-6002'),
(394, '867-97-5207'),
(257, '870-08-9284'),
(629, '870-26-2132'),
(443, '871-68-0788'),
(246, '872-23-3292'),
(451, '873-39-9708'),
(931, '873-74-7696'),
(488, '875-17-0579'),
(24, '876-08-3247'),
(378, '876-60-7488'),
(10, '876-69-8302'),
(282, '876-90-5898'),
(737, '879-68-4980'),
(590, '879-84-4608'),
(121, '880-43-2775'),
(73, '881-94-8827'),
(383, '883-48-1646'),
(668, '883-98-7678'),
(455, '884-03-5280'),
(873, '884-73-0996'),
(972, '885-66-7865'),
(349, '885-97-7624'),
(665, '886-89-7338'),
(214, '887-15-9476'),
(136, '888-33-9535'),
(631, '888-72-7266'),
(122, '888-86-6227'),
(865, '889-24-1260'),
(143, '889-31-5962'),
(61, '889-75-7874'),
(552, '891-05-7554'),
(702, '891-05-9249'),
(327, '891-79-3700'),
(751, '891-84-8931'),
(57, '892-09-4576'),
(402, '892-97-1136'),
(367, '893-26-5785'),
(728, '893-81-3515'),
(564, '896-05-9913'),
(130, '896-12-3024'),
(764, '897-43-0397'),
(699, '897-98-1273'),
(537, '898-32-5331');

-- --------------------------------------------------------

--
-- Table structure for table `persons`
--

CREATE TABLE `persons` (
  `ssn` varchar(15) NOT NULL,
  `email` varchar(50) NOT NULL,
  `password` varchar(100) NOT NULL,
  `first_name` varchar(50) NOT NULL,
  `last_name` varchar(50) NOT NULL,
  `gender` enum('male','female') NOT NULL,
  `birth_date` date DEFAULT NULL
) ENGINE=InnoDB DEFAULT CHARSET=utf8;

--
-- Dumping data for table `persons`
--

INSERT INTO `persons` (`ssn`, `email`, `password`, `first_name`, `last_name`, `gender`, `birth_date`) VALUES
('100-45-1173', 'kdonovino7@123-reg.co.uk', '0f6706ec51ee721badbf23c8434a9e613cc9b468ba30dac282da8c18ebf24207', 'Karmen', 'Donovin', 'male', '1962-11-06'),
('100-50-1722', 'jmappl8@businessinsider.com', '7ddd1b95a9fdfcf30b4bcd2a9e303381d1ab035640ec08d1b7be64d82d603c02', 'Jorry', 'Mapp', 'male', '1974-09-08'),
('100-78-5006', 'zfoxwell8q@sohu.com', 'b19411d36438f69f529379ce1c834a619ff813d9cbe468fc2e1e3d7e75a95906', 'Zulema', 'Foxwell', 'female', '1973-07-29'),
('100-82-2562', 'amullingeri@smugmug.com', '68e5aa3a489648a5e94f3d66aae70f28551c627054d3ec964f19c6c24a2162d7', 'Audie', 'Mullinger', 'male', '1955-08-08'),
('101-01-2488', 'afydoa@google.co.jp', '378ac6d797e68e1c43427554f9436d6ca07d57f3629fe95f611d67a4d7ecea64', 'Alasdair', 'Fydo', 'female', '1971-11-12'),
('101-80-9535', 'mpyffeop@google.es', '12547278504ff6df5dc51a8fb65654b71d59fbfe1e65cb24feac6c595583b69a', 'Milton', 'Pyffe', 'male', '1995-11-15'),
('102-62-5038', 'tmcasgillrh@psu.edu', 'd829ecd3c979e56f15da7409aabfc8c3308f4da65ab6698f4709e674c6cf05f4', 'Teri', 'McAsgill', 'male', '1953-04-09'),
('102-73-2094', 'mledinghamma@oakley.com', '1e840ebc792600a6f7190d621547db8f1bb4752dbc4ff18fa8f1f3c305a71290', 'Marian', 'Ledingham', 'male', '1973-01-03'),
('102-81-5163', 'nmagovern1g@about.com', 'cdd62ccc5a53a0485da16e05aa5dd72c2e2411e283e20d11056ebb1849c45113', 'Natka', 'Magovern', 'female', '1998-05-09'),
('103-19-4824', 'rmacnabb@dion.ne.jp', 'df2bbb3a951220859ae58078896d674f192cf5d752e0fa4aa790a91f2c324883', 'Roy', 'MacNab', 'male', '1993-04-24'),
('103-99-6905', 'gthunnerclef9v@hostgator.com', '4859cfae25bfb9d40f31ed899f07aa4667f7c7be52af0864052b926293527400', 'Geraldine', 'Thunnerclef', 'male', '1989-04-27'),
('104-12-9165', 'kdast9k@posterous.com', '262adc1efdee8a312829d2ea0446d84f318f27e680b14a7e83e43746cf179823', 'Kally', 'Dast', 'female', '1995-02-09'),
('104-46-9870', 'dgaizem1@cornell.edu', '4230cac06320830ae6b57aac540202c5d9c701b73d6e2fe10c14284f610c43bf', 'Derwin', 'Gaize', 'male', '1982-12-03'),
('104-78-1747', 'tmcgerraghtyn8@booking.com', 'a12ba65696ec9994b8fff1d61b2637f5834b1079f19c8ac6b76d5685e710d6da', 'Tallulah', 'McGerraghty', 'female', '1977-09-03'),
('105-63-8664', 'liozefovichqi@amazon.co.uk', '6a81db8e05ae7936f8c54cfb34c935b97930bdfc4887ffad3163810b80a83e49', 'Lorenza', 'Iozefovich', 'female', '1979-06-03'),
('105-66-6671', 'ibrosnanb0@usatoday.com', '2d42c52555c8057cef5f1e79ba70ba1e4312196361375382ae894a83d5b932c1', 'Ignace', 'Brosnan', 'male', '1990-08-21'),
('106-09-0996', 'fdufaire7n@nature.com', '8232c5ff7aa64f5ccad4111704a20b079b31bd9a149985bbcedb2e9e246cc626', 'Fulvia', 'Dufaire', 'female', '1977-05-23'),
('106-13-2714', 'sfooterms@vkontakte.ru', '800c651364069d8f6bba8d01f5664b95bbec1eee4f57c6bf1dad6c5480761e02', 'Stafani', 'Footer', 'male', '2000-02-27'),
('106-75-2595', 'efenny6w@nih.gov', 'ea0baf2715e109383b6e25dbbe9d66130ed3c6f159075d49e5823263f462fc4c', 'Ezechiel', 'Fenny', 'male', '1979-03-08'),
('106-91-9649', 'dgunby9s@chicagotribune.com', '8b0499f9756e2e5f4950b28f9d57617ccc8dc13240bffc58b7d16bd63f498ca8', 'Dugald', 'Gunby', 'female', '2000-01-24'),
('107-03-6561', 'tglowaczd9@bbb.org', 'd58d38d84e1d0c89537c79bbd675bd83b01c3cff6c2c82ae4261976177858fcf', 'Tiffanie', 'Glowacz', 'female', '1951-06-22'),
('107-05-6857', 'akillfordcx@wordpress.org', '277cf12237729c3f1d6e087bc4d6adda13e57f956762c809d5f9797b63bf6f21', 'Anabel', 'Killford', 'male', '1962-08-23'),
('107-99-8525', 'nneilandjh@ucsd.edu', 'dd10725888b538f2ac791d0455029eef9074840079b5d5d02c726737afff22b9', 'Nelly', 'Neiland', 'male', '1965-02-05'),
('108-20-2008', 'iaysik6z@washingtonpost.com', 'c11f8213719466903d8e383f88b9c2f39d9586c931cad374f208918e25fc30e5', 'Inessa', 'Aysik', 'male', '1955-08-28'),
('108-20-7064', 'ktorrecillahk@drupal.org', '387133ab168f344a3e1b6eac728874cec47b455c2df4d509f7f9c124d5a82efe', 'Kelby', 'Torrecilla', 'female', '1961-07-24'),
('108-97-2348', 'mharcourtby@dell.com', '7ce94cbe684d9339afa4c583357dfe8e0eb8f17df664d44e78eef313cdaf7719', 'Michelle', 'Harcourt', 'male', '1968-06-03'),
('109-43-1458', 'hhumbatch0@yandex.ru', '6d9aaf18b56cb0b4a83602cef0ec8612bad3d44a4b4391402ae542deb195ce04', 'Hilton', 'Humbatch', 'female', '1957-02-22'),
('110-05-9460', 'ftomanek7t@whitehouse.gov', '84a39c4867c9437516d612ed4ed789c8ca005fb2e263199b5fc9b5f72e22ddab', 'Ferdy', 'Tomanek', 'female', '1966-07-30'),
('110-90-0432', 'hcovenyj5@netvibes.com', '2d28205e5f6a3a41344439fa1888295c40c42aa8dac9af7e63aec600ab2bd596', 'Helen', 'Coveny', 'male', '1956-11-23'),
('111-26-7367', 'agandrichbu@aol.com', 'e656b2ae4e6ca0ee13efa0deac35498926a9792a571fd771c975a279d0600002', 'Anabel', 'Gandrich', 'male', '1968-09-22'),
('111-43-2741', 'lmckeating7q@disqus.com', 'ee71fba406e771457753ed9396e875e526cbf30a5b6391880daa4d013ee708a8', 'Leigh', 'McKeating', 'male', '1991-07-24'),
('111-58-4356', 'mfonzoneoq@mysql.com', '97aa6e374353ae491448d41be251357d277ecb4bf2b485ac38606a1b44faae02', 'Max', 'Fonzone', 'male', '1981-11-09'),
('111-73-0157', 'flithcowii@marketwatch.com', '7e53c887494d1dec15379187db56b35935c846f16432d0f34467dbc30f48cc05', 'Ferdie', 'Lithcow', 'female', '2000-11-22'),
('112-09-4449', 'amascallra@unicef.org', 'f61ead3c35bcb1fcd895d8d77cb370b5cb42dd334c5d71dcbc812ccc2f55fe72', 'Alfy', 'Mascall', 'male', '1977-10-22'),
('112-59-9525', 'cvianhz@odnoklassniki.ru', '00c1a48600cc09f74fb1d11b6b8388c756f5df7ce2138aa09992269d3b5f29f5', 'Carena', 'Vian', 'male', '1993-02-11'),
('112-84-9947', 'egirton22@reuters.com', '6b18207372bcae1f3c8f700850b322e1b117a3aa60ac52639c99fc222e297698', 'Emmy', 'Girton', 'male', '1950-05-13'),
('112-93-5065', 'jdominy8v@homestead.com', '0affa5a5ca315725dd4574695eacc14a6bb287a487a9b71c197de52c54b22407', 'Jackelyn', 'Dominy', 'female', '1993-03-22'),
('113-15-0898', 'vsawoodan@bravesites.com', '724e8ef0fc939e74eee54180354341458b2968c37b59dcdc5c10b7fd3dfc9018', 'Vlad', 'Sawood', 'female', '1986-09-17'),
('113-52-6484', 'bharderb@imgur.com', 'c6ef7ad52bb9d2edea9c7b2c293fcbbbd84f21c6ff75b15ec812e8574315dce7', 'Bathsheba', 'Harder', 'female', '1993-05-04'),
('114-56-4663', 'eparkisson10@comsenz.com', 'e9ed429f962a2975c252a9c366c77b4beeae36bb43cb6a3095a8dc29659eb077', 'Earl', 'Parkisson', 'female', '2002-06-16'),
('115-83-2282', 'fpriestnerrl@amazon.com', 'ff5f582ce7b51eab4cfece348b91d9c82738fdc3d7d94a808fc6fafe2a379370', 'Fredelia', 'Priestner', 'female', '1967-09-10'),
('115-90-0204', 'feagerp@narod.ru', '743b2c3e11dd3c043d65a8da50bf3897c7e252ad1a29d1dc84a2d3a08afd8f90', 'Fabian', 'Eager', 'male', '1964-08-08'),
('115-91-6600', 'akorfmann9c@free.fr', '4dbdefe05d5be33ff1609f8a43b33836eb2d01b73404f992a2d0243b9c0cd0d0', 'Aile', 'Korfmann', 'male', '1966-09-29'),
('116-14-7741', 'bmaccomeb9@hp.com', '5c36a1e25a5b36096147da34056b1022aa9e62d2722e53871e15059182ad182c', 'Britney', 'MacCome', 'female', '1962-05-10'),
('116-50-2851', 'dceliz4n@aboutads.info', 'a5fa0df03595b6a2f1a99de2f4a2d19932c1647d764fec5147caad9576211f49', 'Dugald', 'Celiz', 'female', '1966-09-28'),
('116-62-1863', 'lfluitls@ameblo.jp', '79e285a4f647889a1b49b226f7ca60cd15776aa03606be8eff27102ab26bc530', 'Lin', 'Fluit', 'male', '1977-04-29'),
('117-30-3504', 'malflatthv@51.la', '29319a2ff21c824b8cf006dcb61122dee5eab87ad6f4049d349de92782cde06c', 'Meredithe', 'Alflatt', 'female', '1974-03-22'),
('117-39-8781', 'hbernhard10@sohu.com', '46fbbe10c3d0cffc4b392006bd112b2d11ae1782a63449a35e3a0d2fc3b34f5c', 'Hyman', 'Bernhard', 'male', '1957-05-15'),
('117-39-8990', 'jfishlyhg@engadget.com', '38aadf2f7d42b49e2313e5e5b0ac900ecb213c0a3c923cb50ce42eee7dafecfc', 'Jorie', 'Fishly', 'male', '1995-02-04'),
('118-44-1381', 'khrynczykpt@sourceforge.net', 'b06a16a061c4019e960f3d144bf74bec7aa0f0509363075fef49b820f8dda594', 'Kimberli', 'Hrynczyk', 'female', '2002-03-12'),
('118-53-2970', 'cjesseo5@soup.io', '371f154b05ee5b5fcba5ef6068fe8ae43c4ab57ee45f4d6127429475ff4a5ef5', 'Clemmy', 'Jesse', 'male', '1964-08-15'),
('118-76-3468', 'tsearchfield5i@webnode.com', '7c87afadc1438bb608d99712490d0de94bb336c727c04307de95bea2b32b7209', 'Thomasin', 'Searchfield', 'male', '1967-10-25'),
('118-77-9273', 'rbackenng@statcounter.com', '66addc7d99c40bdb79b2f4a03d8de2617e18c680407130a813adf2973a7c32c2', 'Rosemonde', 'Backen', 'male', '1974-11-20'),
('118-98-7157', 'rcookleyh0@ibm.com', '410d7d286c2e352b3c27b8ff3c500fde2de74c65082ee697e2a62f70ad024a60', 'Rozelle', 'Cookley', 'male', '1965-05-27'),
('118-98-9563', 'lordpz@free.fr', 'faa933c6ab8ec7346c688854f8c5b487df202d45e7966ee44480ebb7b677f286', 'Leonardo', 'Ord', 'female', '1983-08-22'),
('120-07-2041', 'akeyesfa@jugem.jp', '30efbf19047e6abd281ed0eac5fedcaee0df81ddc2cdf5280f11f01d560ce642', 'Andi', 'Keyes', 'female', '1994-10-28'),
('120-48-6428', 'ldenerleyjj@seattletimes.com', 'e7e1f3d8ae18e667038b4ce99ef32c3154d0e3c7ac2910adc60ce02212647612', 'Lexie', 'Denerley', 'male', '1956-04-17'),
('120-97-0036', 'wibbersonl0@nymag.com', '9bfc153e7ffb5e35276c0bce3b9b34b9e96d8923761f0df129edf47e8c2fc4b7', 'Wynny', 'Ibberson', 'female', '1973-12-18'),
('121-24-0771', 'adeperocl@dailymotion.com', 'ccac4cd0ed0ab3afec95ec5080d029e2ff5e860b287a683a53f0d69fb1f0aca9', 'Alyosha', 'De Pero', 'male', '1974-01-27'),
('122-07-1497', 'jcleynmanv@stumbleupon.com', '17d36c57042f7755d936a9f476f49223e6438ee360fa4188184342ec2907db93', 'Jan', 'Cleynman', 'female', '1965-06-03'),
('122-66-8997', 'cmatthessenid@thetimes.co.uk', '75ff5a19b84004aa39acc4eac4f5fa28acc7465871db31b5feea7e9cc803580d', 'Casie', 'Matthessen', 'male', '2000-03-04'),
('123-59-2437', 'psongistjm@creativecommons.org', '02ef23e815a2dfe407468f7f3b2f684a73c6f923f6dee3c049f07c3cf8e46420', 'Pavel', 'Songist', 'female', '2001-11-09'),
('1231231231', '123123@gmail.com', '$5$rounds=535000$FQTIOFrqyMmSZBfo$4hxWQeDJNTqeyHbBMYNjZNkKaF6cf3', 'First', 'Last', 'male', '2021-05-03'),
('12312312312', 'demodemo@gmail.com', '$5$rounds=535000$NkLCksZhiH7MaoG7$cV5Z6n2NrXTdJA6szz2/XtdXm24Y9LcQHXpYbopHny3', 'Demo', 'Demo', 'female', '2013-05-06'),
('124-58-8994', 'bmeriotio@nhs.uk', 'd49e5f5390f8ae4a2418f8ecf8cda187deab37b5e8e65930880df5d0ed9acbcf', 'Barton', 'Meriot', 'female', '1952-11-10'),
('124-68-3113', 'amarjanskiql@webnode.com', '695c36a8a7ab3a160449ef51d0453e8e6dc8e6f70e54e2ebce542da150192bca', 'Adrienne', 'Marjanski', 'female', '1950-07-02'),
('124-99-1291', 'pkalkofer4c@who.int', '7750fac7aca86799652eb6056a7ae010b877e0c51fca58df15402940bdcf15b8', 'Prudy', 'Kalkofer', 'female', '1954-03-03'),
('125-10-7895', 'sboumphreypn@slideshare.net', '8b8931e4c2d313b7f8628c123be81c9570d5bda90083c49843e12db9ee07720e', 'Stevy', 'Boumphrey', 'female', '1960-05-05'),
('125-42-2363', 'zveryardow@bigcartel.com', 'b532494a9bee53ef57da43729a35303a9a668946e9256fac0bbde5fc5f62b62a', 'Zonda', 'Veryard', 'female', '1961-06-03'),
('125-90-6382', 'gbrouwer2x@bizjournals.com', 'f52d5702de2362efcc2266a703678fcee2895fa20a78f1ca15300b9faa58c689', 'Gerard', 'Brouwer', 'female', '1954-12-29'),
('125-94-5466', 'mdenkqn@thetimes.co.uk', '0f473459e00c019dfb5d2029ac57df36b19b008014e3d8fa883e27577f2203f7', 'Marylin', 'Denk', 'male', '1969-03-16'),
('126-59-6910', 'hcropli@reddit.com', 'ac842fba15376dcc608e52d9bd7ff5773d895981f7bfa1497ea3c315e5792cb6', 'Halimeda', 'Crop', 'male', '1984-08-16'),
('126-80-6861', 'rwastlinghc@msn.com', '156f7612ea25e708d0f2637c9017e3f0acd7e5ed9d30e2d359804e40b5dba0c7', 'Reynard', 'Wastling', 'male', '1980-10-25'),
('127-19-9400', 'kcheverton4i@java.com', '1bd4a71eba5bb78aab2b317cb88b3b66549c0c0df051dfebceae3141a197f71c', 'Kira', 'Cheverton', 'female', '1977-08-17'),
('128-12-5572', 'emcmarquisa4@twitpic.com', '1dfb1da68f412384318b7fead3b9c1611d07748fa69b0f846750e4f4e4c50bbf', 'Emmerich', 'McMarquis', 'male', '1953-01-29'),
('128-27-0031', 'lvivash7@state.gov', '38911df75532c1dc9695600e82efdfcc8efae008127bf6adcab040a34a895ef0', 'Lauraine', 'Vivash', 'female', '1951-12-17'),
('129-27-6555', 'rdoustnl@google.com', '05e962205d9fd68b3bdf77ace7508e5818908e370df578cadf3c08849aa80612', 'Ranee', 'Doust', 'female', '1980-06-09'),
('129-74-3140', 'lschonfelder89@hud.gov', '63d1493a93651c703b4b12714609770a09b51b03d2371b12cc93fbd187fa594c', 'Leese', 'Schonfelder', 'male', '1984-08-05'),
('129-77-5065', 'eeffnert1c@mysql.com', '2e2ba356c4d754266135d67ad466ed8c308967cdeedbc80cb18058c014f5d6f2', 'Engelbert', 'Effnert', 'male', '1954-06-27'),
('130-82-1380', 'emillamg7@prweb.com', '3b4866b1c887f7c06455b57630fc0d38b744b40675b5c168b76ceb7f170b2868', 'Eleanor', 'Millam', 'female', '1980-07-31'),
('130-83-9513', 'rmcquillanqm@utexas.edu', '53f2a1edb71b9445c13fba1be06679ac53de39080d97155a7149965ee16e9a3e', 'Royce', 'McQuillan', 'female', '2004-02-21'),
('131-59-0059', 'mpoliniaw@biblegateway.com', '6e23896c44cb2e2ce06b6592878aa80ac3edadb8f1dcfeb8e2e0f8e7708d4f08', 'Max', 'Polini', 'female', '1958-10-26'),
('131-72-0750', 'rbernardetif@blog.com', '309ef718a9018fd03963339ed5d119c74d459efd15c9da01430ac069730c5148', 'Raf', 'Bernardet', 'male', '1950-10-07'),
('131-91-3736', 'ngyurko95@cocolog-nifty.com', 'ead326336ec66b5e87bc45e260f0ffa7198ee737fb697219c3102d0c4d7f2e3a', 'Noella', 'Gyurko', 'male', '2003-08-26'),
('132-02-8587', 'dmccannymb@telegraph.co.uk', 'f4894335c81aa6b2370fe23ff52debf55f033755f18a30b6920961812d082991', 'Dael', 'McCanny', 'male', '1986-09-25'),
('132-81-9804', 'mmilamr6@google.com.au', '24a4706f271a482be57e4868f61d0b54b4a309843c8cc106b5373b1926f6f87a', 'Marv', 'Milam', 'female', '1987-09-26'),
('133-53-5943', 'pkynastoneo8@blinklist.com', '761150c9bd9c969442f462e6504dcbdd8ac18dc9a3fd77eff148818630046efb', 'Peta', 'Kynastone', 'female', '2003-11-16'),
('134-27-6625', 'chammanh4@cam.ac.uk', '9b1760213023427386b9af185e4023dd1ca14649ee5c5d82ae08a522d336e3a3', 'Caryl', 'Hamman', 'female', '1993-12-24'),
('135-35-4802', 'bwoofendellnp@cafepress.com', '952ec8082418471df7cb468aae301495d44533df7fc36ab9b36faa9a093e1375', 'Becki', 'Woofendell', 'female', '1952-10-02'),
('136-78-0946', 'brozanskibp@g.co', '14f83c18b0eaefb1792db2fba3e05328047b3b2a285354ae9b73bd77793982cf', 'Bethany', 'Rozanski', 'female', '1975-03-26'),
('138-04-5715', 'pmorrowo@unesco.org', '3d977796288cba483aa87cf6336c703a6c60e7af03eb14858961ec73ab2d2d63', 'Padget', 'Morrow', 'male', '1956-04-07'),
('138-41-9301', 'hdamsell9@delicious.com', 'd57990f3bf46205ea67ea02474c5b10d497b4547281108b989e47c4a654ae9ca', 'Hakeem', 'Damsell', 'female', '1994-10-12'),
('138-86-5248', 'wweedsds@loc.gov', 'f1e3e25cbff896caea4f610fd8b55731d39128c62e46d644a8f20f8bc3985646', 'Welsh', 'Weeds', 'male', '1979-01-27'),
('139-08-4534', 'zpaintenjr@miibeian.gov.cn', 'edde1bf16b0ecceb801fe6006425847444d4af2073c97b8ea9d1abb7e08a2ec8', 'Zulema', 'Painten', 'male', '1985-02-21'),
('139-10-2187', 'rmcasgillrc@php.net', 'a717defa5b53412f74fd4f4a329ed67004d7a1f048d83c6a1ace298dd0ed7858', 'Rouvin', 'McAsgill', 'female', '1991-05-16'),
('139-12-8873', 'mharuard3x@wufoo.com', '9c41cfffd2b8eb36cec154919607bf5faf29473ca6e516ed0809a73680e779bd', 'Marshall', 'Haruard', 'male', '2004-11-03'),
('141-39-2601', 'qlinea9@mozilla.com', 'f66fb7b8a07bb161f32ddec508c3f2c8b3295ee33c98699ad4caf2a7486a53c2', 'Quintilla', 'Line', 'female', '2003-09-25'),
('141-68-0561', 'dbetterisse7@drupal.org', 'a4de3c921065fe620e1c1304ae8afb09ed4305b90b7531a8e1de0d8c1207cbef', 'Dar', 'Betteriss', 'female', '1953-11-23'),
('141-76-8604', 'jjeffels2t@wisc.edu', '598b02296608e9fa488fbd4643807248bf80a162496fc6a3932e24e208f2338d', 'Jorie', 'Jeffels', 'male', '1984-07-04'),
('142-36-1160', 'ccolborn38@guardian.co.uk', 'c9bcd8f5c93c7b5430db8f332dd78a131f7528f994653f2d5d7a49338edc8f8f', 'Christal', 'Colborn', 'male', '1962-06-29'),
('142-66-2792', 'rmosbye9@alibaba.com', '73d2b95b6b29ff625faaa2f4273e9115ee73cfb7b68b2af4ea119087ea6d2c1a', 'Reed', 'Mosby', 'male', '2000-02-05'),
('143-05-3565', 'xyewmanfv@so-net.ne.jp', '0851e092eaee9d9e16c8aedc853dcd5d84611695e82dbf3a31528b7058d0adeb', 'Ximenez', 'Yewman', 'male', '1951-07-15'),
('145-20-1506', 'jslight1z@dell.com', 'd31e578fa48dd306a1d7157ecf0322410cb65e1d4db0cad2aba9d1c1e3de5ec4', 'Jillie', 'Slight', 'male', '1969-05-15'),
('145-30-3889', 'ckybirdj9@reddit.com', 'c3cb5fdee2dc23ea92733da3118ec3364114025f0d308bc5805a985b1aa36790', 'Coop', 'Kybird', 'male', '1962-07-01'),
('145-32-8116', 'lmenlownv@ucoz.com', 'ce94a89054f56fc86db45d745eea1af6cfa2bbca91e0ac1918400b47e66cf618', 'Lief', 'Menlow', 'female', '2003-08-17'),
('145-51-7290', 'cskatcher43@typepad.com', 'b3180eee6f37568f4bc4bcae8afb7e6f9602485146fffd5872c86eec5c07aa65', 'Curtis', 'Skatcher', 'male', '1969-05-12'),
('145-72-1463', 'gjovasevicil@weibo.com', '84658bdd48c432b265dedfb30120d9447c1975069fb92dec67af81cc38ad21bd', 'Gussi', 'Jovasevic', 'female', '1956-10-30'),
('146-11-0816', 'tbenoeyc7@marketwatch.com', '19d87ac32a6d505d9e6344bf91fae798fb5b9c719bac35d1cc43ccb26c36c3c5', 'Tobie', 'Benoey', 'male', '1964-07-06'),
('146-62-4335', 'ysetche3@telegraph.co.uk', 'e28968364ad5e4f6baafbefed11fa31891b14351bbeca84c55df5f2cb81dcabc', 'Yolanda', 'Setch', 'female', '2000-06-22'),
('146-70-9732', 'cjuza6m@mozilla.org', '988d8f9d9448e8ae8cef7aaaa086ad86167c68aa44dcc2b68c0c43dc1c07d6f6', 'Corrie', 'Juza', 'male', '2001-03-28'),
('147-38-4407', 'afortindr@ocn.ne.jp', '08c465d7ea30e1c9a03d58f42b5f69a4ab3739c544340bba42552e5ef120b821', 'Appolonia', 'Fortin', 'female', '1990-07-24'),
('147-59-5262', 'gvinickfi@canalblog.com', 'ad0710e166217409204829602d6e9569a7da405da061c09360e3b893eb4f2556', 'Georgia', 'Vinick', 'male', '1951-02-22'),
('148-34-9768', 'acoling2z@mac.com', '8829760d5859df7f6243a6c4b57a2e593d40971db0f5bb1182271219fc78aaa7', 'Andrea', 'Coling', 'male', '1963-11-30'),
('148-59-1209', 'lreichardtgp@merriam-webster.com', '6517d8ecb751e197e77079cd87e472aa8efd8858c13a8e44b097c463ea8dac48', 'Lorine', 'Reichardt', 'male', '2003-10-26'),
('148-92-1154', 'tbalderstonejr@fastcompany.com', 'd1877b5e999eab6ccba0c7bc6f409d6391d893579933834ef210303421232af9', 'Tessa', 'Balderstone', 'male', '1958-11-28'),
('149-02-9258', 'dbalsdonlv@bloglovin.com', '1081a4093f1018d2d0a5b563dd983ab205d53bcc042c1cf61b14fb6cd4268177', 'Delcine', 'Balsdon', 'male', '1966-09-22'),
('149-50-9129', 'sbusse5h@scientificamerican.com', '2b4aae40ce87c9809f4ff4473a5bae1d393bc3541a7feb58a4df46baf00ca10f', 'Saba', 'Busse', 'female', '1977-01-24'),
('149-52-4054', 'bjanssenjn@fc2.com', 'e54ca93d6f45160ce3532dd96be17a95af2ee4f7f62787d0dd7d4fbea6a34c3d', 'Byrom', 'Janssen', 'female', '1954-01-29'),
('149-96-8023', 'ncapseyla@delicious.com', '52384c667c6b0d08b39c04cef94087539bf7ec1efcd6687b973e22e6aa26c447', 'Nanci', 'Capsey', 'female', '1955-11-26'),
('150-29-6099', 'estorrier33@house.gov', 'c67ab18606f101a16ae2506b8c0fc7c475625621059c4b6e9abd6f3a249ccc45', 'Ellie', 'Storrier', 'female', '1965-09-25'),
('150-61-0211', 'lalbury9x@china.com.cn', 'da4770b215c74f8f41c17d395481d1a42f0ecde3b9f0dca6b1f61c0c974a0edf', 'Leonidas', 'Albury', 'female', '1951-12-10'),
('150-69-0141', 'tperrelledr@nps.gov', '585239fe454f064a23c96438c429cebd6c9bacda54ca9e49635df9f71e33b37f', 'Thibaut', 'Perrelle', 'male', '1953-02-14'),
('151-06-2503', 'llawnir@virginia.edu', '778ec1a815f2197195235bc48f2ba4275e05f15eb70bf5bdfa1ec93ae713b8f0', 'Lenna', 'Lawn', 'female', '1977-10-25'),
('151-31-9197', 'ddunphie1s@narod.ru', '54c70265859f59503af431bdd10dcb285a386ee22331ad0646b9b509215947c1', 'Dicky', 'Dunphie', 'male', '1966-01-29'),
('151-66-0796', 'dsundinqf@tripod.com', '5b0c48a743066e02410706a2f5909943559767ac641a3df9ec24d9925a8aced0', 'Darwin', 'Sundin', 'female', '1965-04-01'),
('153-43-1521', 'kkubelka56@istockphoto.com', '4e2ce9b1d32c8edba1abe6373be903441d94b0199edf6ba1e1689a4d3afb22ed', 'Katerina', 'Kubelka', 'male', '1962-09-02'),
('153-59-5988', 'mwilfingerl8@geocities.com', 'b9c452de00b021442cd98d1c3d0ecbb0f0738ce4e0c7345c1925f6ba96f456b0', 'Mead', 'Wilfinger', 'male', '1969-10-13'),
('153-83-6478', 'prandalhf@wikispaces.com', 'e33fa04d8137645da7faa33842f13a77973199dae87c38251a5737f9d104ae1b', 'Park', 'Randal', 'male', '1966-02-20'),
('154-29-4386', 'nkeary6p@dailymail.co.uk', '333ff88326ce3dbfbc57aa0336cd79486f1a7a1651c0f1809cd55120a5a08447', 'Nissie', 'Keary', 'male', '1962-02-25'),
('154-46-1921', 'tbalcockjg@163.com', '422f6da36c61a9b50985878d14d051b222f31fd075b77f808653face8ec66bc1', 'Terrill', 'Balcock', 'female', '1967-08-24'),
('154-81-9152', 'kscaini7@pcworld.com', '099337adb214ef35c7d07dec0e4a975335762a8e0c7208877ac0d9a940ac5af1', 'Karlene', 'Scain', 'female', '1950-11-28'),
('155-31-4795', 'edana3@army.mil', '6e8497b4e845edde0daa24d37612a410a52a55a2218818b2222ad2f03a12a74c', 'Ezekiel', 'Dana', 'female', '1995-09-23'),
('156-41-8694', 'nmundowfq@hibu.com', '1da9c70e466c01cf8c1b978fc32fc5736a164a5f8f0ee6799edcab5deb6a8ccf', 'Nessie', 'Mundow', 'male', '2003-06-30'),
('156-65-3437', 'ktroker1y@opera.com', 'a7f0e46b754798181a911032c50231787e36fb1a4672de03e343b517fba0b34f', 'Korney', 'Troker', 'female', '1980-05-19'),
('156-72-0181', 'vlethcoe9z@alexa.com', '27d41c9ff9657c639ad89e05acb7c892fc423f528b8111dd2827770963c7a4bf', 'Vivyan', 'Lethcoe', 'male', '1951-10-07'),
('157-05-9982', 'ygreeveson1d@cnbc.com', '4a283f77f77f8768895bb51be99ae4bb031cf545b0e535c75e02cb825278f1f2', 'Yetta', 'Greeveson', 'female', '1992-02-19'),
('157-23-0922', 'alamploughpb@usnews.com', '08574cd9388cace70bdc295e02422e3873b3ea9447a96196ff596147cd3dbc3a', 'Allsun', 'Lamplough', 'female', '1984-05-06'),
('158-56-6288', 'alongfield68@foxnews.com', '596e93303b7720999c9d51c283f343911788e004841213d36fc108de35eb3656', 'Andrea', 'Longfield', 'male', '2004-07-09'),
('159-11-6268', 'fdowbekin18@blogger.com', '916525c1b8f31d3f7cda5cd91d9d6870120ace61eb4a7ff0edcef4f01a2b8b98', 'Farlay', 'Dowbekin', 'female', '1996-07-02'),
('160-08-9107', 'mfranzof@so-net.ne.jp', '26226c2218504b1ece6192340fe87da35897c530901ec42a5a0770b38af482b7', 'Munmro', 'Franz', 'male', '1982-07-21'),
('160-11-6259', 'rheavy8t@businessweek.com', 'a66e263bf354929fada537a20a355ddb733bcd0136095a0356a5c98bad64a079', 'Ryon', 'Heavy', 'male', '1968-07-04'),
('160-30-8677', 'ggioan2d@chicagotribune.com', '2bbc8dfb90db0888e559a3f3e5561b9f6161e8bb5ae93063fcb171d2b093d328', 'Gayler', 'Gioan', 'male', '1989-07-16'),
('160-45-4807', 'lmcgownlg@bbb.org', '261bb7ca6aa6c86cfca9709b84dc2df95d97750a6b78532a9a05f9d70b4823f6', 'Liva', 'McGown', 'male', '2002-07-01'),
('160-58-6094', 'broan1f@miitbeian.gov.cn', '49d1aef8a76d3b4914157e5de6883ea41f31c7d3b4d5bfa6162aa9c41e7c29b4', 'Bibby', 'Roan', 'female', '1964-11-24'),
('160-72-5787', 'asilverspe@wired.com', 'ded00b63cf224d0e160b4581061d528dda8155512bd68e4bee245eae076f3981', 'Andromache', 'Silvers', 'male', '1951-03-20'),
('161-30-9436', 'gstallard9y@unc.edu', '1c0b6430618b7cc864c0aaa3ea298ac8a2e2ad86528e0bd26eab6ff66c406235', 'Gwendolin', 'Stallard', 'male', '1964-12-26'),
('161-46-6918', 'ccrees7z@g.co', 'c65674f3598423ddc4285bd2004b3040159692a9cac1b721f5cba6d818aee402', 'Cordula', 'Crees', 'female', '1998-01-12'),
('161-63-1632', 'rwerndley1e@desdev.cn', '8ae19aa3ae12f9b2da73457c9a34495670f6f3e12283df5e016d187f508cab74', 'Roberto', 'Werndley', 'male', '1988-03-20'),
('161-97-7963', 'adelacoste83@php.net', 'ae3b8372568caf87b06b5bc444a7d8ee23c7ca88917f3a93976c084661231462', 'Alena', 'Delacoste', 'male', '1960-09-13'),
('162-70-8170', 'edowbakinro@mozilla.com', 'ae013de7b17d7df8a21738fa66c4b191e7f6682e0801804aa001a907d7f6f35a', 'Ev', 'Dowbakin', 'female', '1952-09-14'),
('163-25-8494', 'dhulme5q@ftc.gov', '409d8958dc2e88a276fab3a97e20085d9dc5a628135061c14d06638b8d7c8658', 'Donni', 'Hulme', 'female', '1963-11-08'),
('163-60-9082', 'sbundockhe@wix.com', '5a98b9be088cdb75069aa8149bb31f21fdd2f02fbcb369533932b594bbda621c', 'Sibley', 'Bundock', 'female', '1995-01-25'),
('164-25-6247', 'fpummell7l@pinterest.com', '8a70dd4459aa54ebe23ca1ab98c60dc2f5e607e7a18a1a3718076db854a735c7', 'Franzen', 'Pummell', 'female', '1955-03-14'),
('164-27-4140', 'csiggincd@noaa.gov', '538752ab5ba5adb52a0a4bc172f19c0dae6c9f930bbe101a3a8907bd4ed78a04', 'Cher', 'Siggin', 'male', '2003-09-19'),
('164-63-9224', 'dingersone9@imgur.com', '6137d093f74f70040ddc70a12a8fcabc4eb5e0c1d93c483aa103e24bf285ea39', 'Doralynne', 'Ingerson', 'male', '1989-09-27'),
('164-65-6399', 'rsouthcottpo@bluehost.com', '30e32cd6ee3bb7e83f862f662e6b48af27e5c8aa79ad92c562822608f500041a', 'Ruttger', 'Southcott', 'female', '1986-03-01'),
('164-81-6512', 'nsherynek2@wufoo.com', '0611871e49509570de86b4fd32cb73d0fdaae6d3c64ee969e4ef1bcba1e25dfb', 'Nani', 'Sheryne', 'male', '1968-02-07'),
('165-44-0842', 'cbullant5d@economist.com', '6380b83567d500425d6ff775a90a82aecd9fa5af0960d3f2dd70d6c998746ff6', 'Cthrine', 'Bullant', 'male', '1981-06-24'),
('166-01-3422', 'dstarbeck84@newsvine.com', '0651850ea336a0876ce4848e6517034d89e7a0b99675d6aecefcec413d65f7d6', 'Dicky', 'Starbeck', 'female', '1950-05-31'),
('166-48-9399', 'lsockell2f@ucsd.edu', 'e4eebe62c5dedf846c0fe8a84f19528b7f4fa44cb09162be5abf79b6423b1f7e', 'Lainey', 'Sockell', 'female', '1969-10-12'),
('166-65-7652', 'sjeratt2p@bravesites.com', '4a35bb83ecdda549102bdf3ca427a29ba57f6d6a6ec56eb82a42ec24123acbb1', 'Saunderson', 'Jeratt', 'female', '1959-01-06'),
('166-82-6938', 'dkenlinc@gizmodo.com', '513abbbc8235ba227f4b1d54707b1995d7018fa808d7f6d71bbcd6547022324b', 'Dore', 'Kenlin', 'male', '1979-02-12'),
('168-48-3406', 'rfogeldf@yellowbook.com', '66e5c05486f0b98d7894ffd90527e1a84b2bba2acfff695464be0160f278a17c', 'Rogerio', 'Fogel', 'female', '1960-04-04'),
('169-17-3188', 'aoregan6d@fastcompany.com', 'e7d86d0b858202d2c0c249e73ac90c6844f741e95c11d8a18d589e97dc2ea6a5', 'Alexandrina', 'O\'Regan', 'female', '1998-11-26'),
('170-68-8098', 'yknipe17@hhs.gov', 'b1840a953bc6aebc6b9d3d1c9767f1abfcea760e023e17856fe177e6eabd1fad', 'Yorker', 'Knipe', 'male', '1955-04-07'),
('170-97-3873', 'kteodorskiu@dell.com', 'fffe830800ed0a238cc533875d713fae989fd61f60c2f5836b2e1ab8a0059951', 'King', 'Teodorski', 'female', '1976-08-25'),
('171-27-6691', 'cauthers2l@microsoft.com', '71f22ff9f199bc6d9c55279cdf23db8310cabc1ba89299c8f6efe25817872852', 'Ciro', 'Authers', 'male', '1980-07-09'),
('171-28-6103', 'sborthrampi@go.com', 'f022c24acb6376d108babe858df4fefc53bdd6c285ed9bdeabd548b843afcc81', 'Susy', 'Borthram', 'male', '1966-04-10'),
('171-33-2342', 'hbodega3j@trellian.com', '9eb03c245ef79e89cd41a9fd4cf5145d9a796147afa874d1ad95a9cc777cf70f', 'Heloise', 'Bodega', 'male', '1965-09-14'),
('171-34-0185', 'rquinlan7p@washingtonpost.com', 'd3f7d82607143fa193353037de11781fca11b92d490a8a1cd5f9cd64838ac886', 'Rutledge', 'Quinlan', 'male', '1994-05-22'),
('172-87-5551', 'sdeedesco@noaa.gov', 'bc7b3b493bbdf0888fe953de8deac7a1e5ad8bf36969f26c96b7e5358d4d79c5', 'Sergei', 'Deedes', 'male', '1986-04-03'),
('173-11-2345', 'kdearlepalsern0@japanpost.jp', '5490c2cdc0241247c0f00d30f1aea878f70e6eb72573349fd3fc798fdab73873', 'Kippar', 'Dearle-Palser', 'female', '1994-12-12'),
('173-67-8954', 'kspillanebm@cbc.ca', '9d0c4fd622fe946821e3e3899921d83e201ef423e6d9d6b1f8a9e00b5f984744', 'Killian', 'Spillane', 'female', '2001-06-17'),
('174-40-0221', 'arayhillk3@shareasale.com', '684702cc97e818c25a91392f32121c96523af7e9620cdfb449bd0a55e5bcad04', 'Arnoldo', 'Rayhill', 'male', '1981-09-29'),
('174-67-8916', 'zbokeni7@etsy.com', '233e3c0518b0909697607d04aaa1d2ce87822f7d63aef184324c594f4eb8baf5', 'Zollie', 'Boken', 'female', '1958-10-18'),
('174-80-0988', 'blawford2e@topsy.com', 'ef363f9d9409aa92bec2b588dc4b0f18b80feda8bcd6c4e162c28900e7073e02', 'Benedicta', 'Lawford', 'male', '1984-12-08'),
('175-30-5068', 'mhaythorn91@webnode.com', '284a45d739c388094d4dde83f5bd0c99f09a7318e84d1bc8d17acd28927d5a22', 'Mag', 'Haythorn', 'female', '2001-12-12'),
('175-77-7823', 'wdupoya2@dmoz.org', '4a32d6820e43844fc85e58e9bbcbbc6d0cd2629527e1330399cb0520749f9a38', 'Wade', 'Dupoy', 'male', '1975-09-15'),
('175-84-9669', 'tmerritoneb@w3.org', '8c7d1a793cf48ca3fb41d887b6dcc37aca361734ad5365931207cb5b0021c8e3', 'Tiebout', 'Merriton', 'male', '1981-04-21'),
('175-91-5088', 'ttidcombe5n@microsoft.com', 'adb89518ce2c42f227b378dacd525ae6c64ad355117286b8b9e09e0458904005', 'Tadio', 'Tidcombe', 'male', '1993-02-03'),
('177-48-6187', 'hmcgraghei@gov.uk', '1d8f1249bdc942f0ceaa3708e646cd04d3c251b8c08fd615b5874d6c483236e6', 'Helyn', 'McGragh', 'female', '1999-10-28'),
('178-33-4013', 'ealleni6@bluehost.com', '7f57304166d9e6fd5401364c4c53e711a9da869a44f824c95e6786fbcaea94fc', 'Erena', 'Allen', 'male', '1982-09-16'),
('179-67-3780', 'cmaideslc@weather.com', '40253b224acc031254d6ae5933adf495854697af1e0429bdc55215be594d1379', 'Carolin', 'Maides', 'male', '1965-06-02'),
('182-62-2648', 'aadanez7j@soundcloud.com', 'ade1d43b208ed9c83903cb2653d33074a4fbbd0a39cb30f89c74286b83e1d39a', 'Anatol', 'Adanez', 'male', '1954-06-05'),
('182-95-2686', 'pmaddickig@multiply.com', '4a146ec39ae0a63c2638c005437cb0fe1a7aa8b5ae6e7955fae9b0e58cc2c48e', 'Pier', 'Maddick', 'male', '1954-12-25'),
('183-04-4116', 'rpursglover3@exblog.jp', '9bc25ba39414ed67f73fb3b04693b26c7ce29c58718e194f14352e8aa20b4647', 'Russ', 'Pursglove', 'male', '1960-02-03'),
('183-25-5880', 'rperroni15@myspace.com', 'e28470caec35003242fb20fc132b7db5b7e6216bf1bcf501493a5660e1f9ac0d', 'Rozalie', 'Perroni', 'female', '1995-03-04'),
('183-48-7202', 'cstinchcombek9@exblog.jp', '06bab3688676d1584909af2054d858bc81abb200225c02a9518cf7c5681ed074', 'Cedric', 'Stinchcombe', 'male', '1999-10-20'),
('184-09-0315', 'nburglt@theglobeandmail.com', '3724daaf97d3872d5268eb800f58137aa3ad54e9286b569128a34af3264bf331', 'Nikolia', 'Burg', 'female', '1958-11-10'),
('184-34-8585', 'mscrowstonk6@biglobe.ne.jp', '5c6da812a25e2f14e8e6f98bdaced01e9b28dd87ea430a1c47215cd833d3f00a', 'Maurizio', 'Scrowston', 'female', '2004-07-15'),
('184-83-2335', 'irunacreso9@unicef.org', '314fe3f0e0c011d236c9dee06a02b6e1b6924dbb8ac09def385412a4ea9047b4', 'Issi', 'Runacres', 'female', '2000-02-11'),
('184-93-4911', 'dkhilkov4f@shutterfly.com', 'e8521aa45f532d96c863541fbb8c07d8cdb541f94d0c1ad0c50744fe350b444f', 'De witt', 'Khilkov', 'female', '1995-03-16'),
('185-61-7711', 'aravilusnj@toplist.cz', '6ded93be815bd2e859525f5737bc1b3b79bc4761e8c5d0fc4f76986522c110cb', 'Andrey', 'Ravilus', 'female', '1988-11-18'),
('185-67-2038', 'jselbie7o@tinypic.com', '3a7deb88cbed10d6615af2d7c2a23de382d79b2ffaaca5913f4cf380080e5d19', 'Jehanna', 'Selbie', 'female', '1951-12-25'),
('187-01-8377', 'scolloughmf@instagram.com', 'df519895ca4fb2e4f80e41bc3509897615718d9412eafa6533228c4b3e83ebd4', 'Stevie', 'Collough', 'female', '1985-02-10'),
('187-10-6712', 'rsouthward16@hud.gov', '07baae90e5482f400bc96a5d51ca7796663b68539b048c3ebd9de3172b4dd50a', 'Rhianna', 'Southward', 'female', '1980-10-27'),
('187-59-1190', 'tbrierley21@sina.com.cn', 'b2ef398d6ad4effe164cdcfd8026af09df7195c7c509cbafc65de97f712b3ce2', 'Taylor', 'Brierley', 'male', '1983-12-22'),
('187-62-9554', 'jballentimekl@live.com', 'abb9570c9cd46526195fcf7f099d5dac8a156fea8796761ca5a16509a9644565', 'Johan', 'Ballentime', 'female', '1995-06-15'),
('187-72-0600', 'cveltenmo@google.com', 'e6e7b7bb6c51ca05a2015d625c12828d1342756bda87d7fc5e35d29a8c7a0f99', 'Claus', 'Velten', 'female', '2003-11-29'),
('188-70-8067', 'ftulloch5f@google.co.uk', '8f3aada3485903eb1dc05dcf5795ce942122ee5db0600ac784b02f2bd0904cfa', 'Fredi', 'Tulloch', 'male', '1993-12-17'),
('189-11-8402', 'asowersbyo4@sbwire.com', 'c59e34e855510fc131276fa10c00c76df387cdb4fd0b60444e945489fa7cabef', 'Arch', 'Sowersby', 'female', '1991-05-21'),
('189-27-3469', 'cfaye5w@ihg.com', 'd25ae55213338e52ab981170ba4cfb8c6aa70d3b998680ff101f300263a0845a', 'Carly', 'Faye', 'male', '1991-05-06'),
('189-34-9137', 'kweedsj6@yellowpages.com', '5f57950efb162a38022f18c50285b94a999c208e23c03b5aa4146de786c6362f', 'Kele', 'Weeds', 'male', '1990-07-23'),
('189-77-0126', 'dlavillepg@ox.ac.uk', 'e1efcfcc5ecc450d3f136dff0dd017e45795c92bc26384d53e43a918dc1e7a2d', 'Dinny', 'Laville', 'male', '1977-03-31'),
('190-19-4968', 'ataylorsoncn@wufoo.com', 'd008891573ef6c72edc48a5228bd10b93be607e43fd2c8e5b287ab4afe8b0aea', 'Arlene', 'Taylorson', 'female', '1992-05-28'),
('190-48-0909', 'switherden9j@telegraph.co.uk', '287c564c8484d53e6963a108f16c27fbe6909e09469dc7de2946291e035af860', 'Saxon', 'Witherden', 'female', '1952-07-23'),
('190-55-9253', 'bcopleyqs@reuters.com', '9661c7dd1b4b92c37d4ca77a202315ad256b8bfa8a5f3d72c848617036bc27a4', 'Brunhilda', 'Copley', 'male', '1953-02-03'),
('190-91-7262', 'odellit2r@huffingtonpost.com', '6d4c45c6b7426917a50fa44a32a76b6033c3ef51b33d81a7c7f15d603b623711', 'Obadias', 'Dellit', 'male', '1972-07-19'),
('191-27-3930', 'aackroyde6@umn.edu', 'ac5900e7edc6202b58ec44d26ac50bf770d3ab6c1faea8eafb6cb2dcd6e8f836', 'Andrei', 'Ackroyd', 'male', '1991-08-21'),
('191-49-9082', 'dpinckneyk3@whitehouse.gov', 'e2a9aeff81f5c9308b15490303b5b8dd75e0f47fbe990140fb535c221f84f4ae', 'Devan', 'Pinckney', 'male', '1993-10-24'),
('191-52-6602', 'jfolbigekq@simplemachines.org', '717249a9b65cdd3b21565544ddbe8a029b6b31dd542fbc5b93624f98e9a87d45', 'Justinian', 'Folbige', 'female', '1981-08-09'),
('191-91-1128', 'mdyde1d@sphinn.com', '6924b3fde977b5409abd46a71eeb5a98e7499056cf7604e47aae17f64b3cc1f5', 'Mavis', 'Dyde', 'female', '1989-05-11'),
('192-10-6694', 'cparksf3@google.co.uk', 'eed11629fe1889f4e7fce7b28862cd1224e51b86f0033dd97b2653ea8be307fc', 'Cyrille', 'Parks', 'male', '1970-12-16'),
('192-87-6273', 'tliversedgeh3@zimbio.com', 'ad199412da15f500364963b9cb8a8dd8f044869809898a037afbc3cc7fca5faf', 'Tyrone', 'Liversedge', 'male', '1977-04-03'),
('192-93-0694', 'cvedmoremz@japanpost.jp', '7df29861dc97264646919514bce72a9bc9c2e1b9be3a70f90178ebd63f87b8d6', 'Correy', 'Vedmore', 'female', '1972-07-29'),
('194-05-7994', 'scollecottgr@sogou.com', '99b56144c70c97ba38aedb17e165f5860a815fc6dffb6cd4818e2831852fb5ab', 'Sibby', 'Collecott', 'female', '1976-03-19'),
('194-37-7013', 'cmarrington61@archive.org', '445309a482b5d0eff7f6f87edaf1468434ad4b0403163fae10f6b6801599b631', 'Codee', 'Marrington', 'male', '1963-06-02'),
('195-16-4905', 'bwhiting64@bigcartel.com', '1e38b58773457d05aa830ae439bfe7ed67ba9f5481e430a97f7d69355b7a1b5f', 'Benny', 'Whiting', 'male', '2001-01-19'),
('195-21-6074', 'sfawcuseh@mail.ru', '10fbfc80ec611cb903d33bd182c77fa4edc2f4cd5c387003183a921cd20c5e1c', 'Shela', 'Fawcus', 'female', '1984-07-01'),
('195-30-1362', 'qbuckerfieldpy@netscape.com', 'de8c23d373e2ec322c57820bcef73ffee23bd093c3de6f00b049604a08f6e6b5', 'Quincy', 'Buckerfield', 'female', '1985-08-09'),
('196-50-1976', 'dsiemandl91@live.com', '118c4882d0ef34ceeabec3397fffe0bacc5f870b003ed64b45bf2488ba38a4c7', 'Dorrie', 'Siemandl', 'male', '1999-07-25'),
('196-65-8395', 'santognonifs@bloglines.com', '9de6bb04c98e00d2f84fc3eeb0ad85b18194958cf4902bcec97272f8ccb432f1', 'Sheridan', 'Antognoni', 'male', '1979-08-08'),
('196-90-8624', 'trobertacci5p@auda.org.au', 'a284b3160dc9133c229aada91086fead7cdb356ef8fe5df9de65460a98ae0fc2', 'Trude', 'Robertacci', 'male', '1986-03-30'),
('196-96-2007', 'mleifer5f@naver.com', '587856b4d54a5f37864a49233e07c232bfe1dd3b8c7fb0d4c57b28d5048a3308', 'Matthias', 'Leifer', 'female', '1992-01-06'),
('197-89-7592', 'apourvoieurga@odnoklassniki.ru', '3f478e91d7a555467eb257c78724e0570b5e579ab341135709788f1e453d2b92', 'Andy', 'Pourvoieur', 'female', '1952-08-23'),
('198-43-6593', 'sguildford9i@sciencedaily.com', 'fb666a7eb95716d84d0a1e5f53878d345806879ce88527181aa016f6612674b8', 'Sid', 'Guildford', 'female', '1969-09-02'),
('198-73-3569', 'rbrearley6h@domainmarket.com', 'c99fd8202af6991906c42615dbfb131c389d23e486c3b61e62916e8e9dcb630a', 'Reginald', 'Brearley', 'male', '2000-06-18'),
('198-89-8524', 'msancraftcg@netscape.com', '4682ae13ca42bbe53704a85f0d26468c295a31385f52634eb03e07d79c59dfd1', 'Michaelina', 'Sancraft', 'female', '1985-11-04'),
('199-15-2372', 'alamportd0@pen.io', '55ef6216961e6c211c87065fa8001d14829e6a952b5848f2c33260ac2e269183', 'Annamaria', 'Lamport', 'male', '1995-12-14'),
('199-26-3344', 'bbarbour8l@privacy.gov.au', 'eeb5a67a2fee16bdfde5bd3b8d5539f878da29992f93452790fb23ffa757c23a', 'Burtie', 'Barbour', 'female', '1984-05-06'),
('199-28-7671', 'ngreenhow99@booking.com', 'b6f9f9d8821b0c985b106cbcabb3ed29d46a0e3f65272705269269e3ac22ae13', 'Northrup', 'Greenhow', 'female', '1951-04-12'),
('200-04-2595', 'fgoodlet3c@sfgate.com', '61c88b3bca58ff14b179aa32f48cd5bdc99ce1fef5056734a821b653609700a2', 'Farand', 'Goodlet', 'male', '1982-09-09'),
('202-34-7844', 'mcannopb@ehow.com', '08946e5833bb6881e5c6e090e2ed3a03c4b42f13f4636907fe8a2fbf39ebf51f', 'Melita', 'Cannop', 'male', '1962-04-06'),
('202-72-3604', 'smalia8f@youtu.be', '1b077578e10fb3531f35ce2a753bf90f23fc771af2a0e5f65bab040026bc7643', 'Sammy', 'Malia', 'male', '1955-04-10'),
('203-16-7719', 'ikitsonjq@woothemes.com', '7b35d61d6ddb4bd5d690ef88facf91d26036436c21851678c1980afae03e472b', 'Ikey', 'Kitson', 'male', '1971-03-07'),
('203-22-4674', 'zjanjusevic3w@google.ru', 'c41bc186cc6fecdd4cfd865a896e4f9f252ba297739ef57132c1a117afafc347', 'Zea', 'Janjusevic', 'female', '1978-07-16'),
('203-27-4401', 'ncroshamc6@twitpic.com', 'd980f51190efcbde7dcca7092f3e8a8744e23aa36b08ec943bfda789e3cc4578', 'Nola', 'Crosham', 'female', '1985-06-08'),
('203-38-6399', 'ekitteman8y@archive.org', 'f278578097d16dd2df3fffa0512aec73bbe86c5d498cda4cf4bf96f201ab5b26', 'Ethyl', 'Kitteman', 'male', '1978-10-02'),
('203-49-4665', 'gmelanp8@tamu.edu', '1c09166963df71dafc936bc93c524ef7b18996635983d77cb50dd785b648754a', 'Georgie', 'Melan', 'female', '1994-08-01'),
('203-95-8209', 'nbeebyog@archive.org', '77b9c9b68e44d2e51aa0d9ce6bfe6875fd9425c0b185ff2d2ffacacd3434742e', 'Neville', 'Beeby', 'male', '1967-07-17'),
('203-98-7500', 'trawll6k@bravesites.com', '0e3095023967270ea89ffe8ff42515391f74d404829905600d5f6d81d6f2515d', 'Trisha', 'Rawll', 'female', '1958-07-21'),
('204-16-7302', 'kmacenellygc@wordpress.org', '0f243182090baa718c0257e12aad8b50c8e8b39774a5efe14ac0c5ef9fda8a9d', 'Kenneth', 'MacEnelly', 'female', '1983-04-13'),
('205-41-8100', 'sflinn75@wufoo.com', 'f2438287d33301d3e5a2b55bee8e19518979baae3e56b67173a153a0bf652044', 'Sargent', 'Flinn', 'male', '1964-09-04'),
('205-48-6180', 'lhethron7c@oracle.com', 'e5617bebcc094c568ab6f6993d8967470851440b546596b3038ffdaa1feb3b82', 'Lesya', 'Hethron', 'male', '1961-05-11'),
('205-92-2122', 'gcorroyerni@comcast.net', '8cb29253e8b9f3d8fb71abbc7ae8b0227d2c9df0f45ac074d82e935253521de5', 'Guillermo', 'Corroyer', 'male', '1993-05-28'),
('205-92-4543', 'kpittmanhz@eventbrite.com', '858f5274a8b0cf6f7f3f07972d442f45fc8b7c937fa9a7a4a7736a7a77289254', 'Kassi', 'Pittman', 'female', '1960-11-28'),
('206-39-1205', 'lmoreno1b@discuz.net', 'bd14c9cbd99ae676374d4d0149277d9de3e7efce240dda0d944d26509871f98a', 'Leona', 'Moreno', 'female', '1959-05-27'),
('206-80-4630', 'mfaherty7@si.edu', '4faac4d5dbf9c1e25dd7498b74eebad3fb22865e5d33008a4e289158037e99b6', 'Marena', 'Faherty', 'female', '1972-05-24'),
('207-18-1802', 'bdendle9g@paypal.com', '50e5df08fb10acdf6c0275bafc8dada3fe5583f7a808cc852afce2a9378833fd', 'Brittaney', 'Dendle', 'male', '1972-08-27'),
('207-21-0767', 'pfurseymd@home.pl', '9fddf658e39ca6bf9080af4d937dbd1ee8ba655b5b1dfdd728ed19d7dc5b3e08', 'Pia', 'Fursey', 'female', '1984-07-17'),
('207-58-1716', 'godgaardib@huffingtonpost.com', '37b3e23735e3ecfc43b053c2b24b7117abd2ca95ae93d29f4a1536ab2c835047', 'Geno', 'Odgaard', 'female', '1981-09-17'),
('207-76-6736', 'ncorteneye4@quantcast.com', '303461e2c8ca12e9af6882a25a96c2314c85978e4a764bec80f025024671a818', 'Nathanial', 'Corteney', 'male', '1973-01-08'),
('207-84-0964', 'hwhitearol@blogs.com', '8542b70c60ae8847a15e22114ff364adb4a659af06919ce5540c49cb352e2740', 'Hamlin', 'Whitear', 'male', '1987-01-28'),
('208-04-6584', 'iraincinne@a8.net', 'a7648dc6b0e9f1d5abbc8dbbfccddbc804119467902859b6d8ce4526b1a78213', 'Izabel', 'Raincin', 'female', '1959-08-16'),
('208-22-5340', 'dkenfordjl@aboutads.info', 'efd46d99cf0df3411df9837a95ed373325b882530c00dbc8c74735ced232a81e', 'Deina', 'Kenford', 'female', '2000-12-20'),
('208-42-5858', 'cmagarrell2i@macromedia.com', '3d48b85064e10b660e9bb2f7d93830f8fae16b4f78fcaca2bd69392fb8571d77', 'Cherye', 'Magarrell', 'female', '1951-11-16'),
('208-55-1100', 'amatthewese8@hc360.com', '6479d791cc0c434336303d301650c26afa94a0622aa234baab689fcdf2f9cca5', 'Almeta', 'Matthewes', 'male', '1959-03-31'),
('208-58-3677', 'hcabaneiw@oakley.com', '56d61a642e1e5bad24a2dc8161ed66eaf1a8060e9d94498a464c1dd2987f66a5', 'Hobart', 'Cabane', 'female', '1977-04-02'),
('208-64-5756', 'aabrahm41@mit.edu', '65f9c80e369faa10105f21608ee4d873d4d9a3b8bb46644f60832321b8ef2f39', 'Aaren', 'Abrahm', 'male', '1968-10-05'),
('209-04-5724', 'klandorhu@answers.com', '5218b75830a0b4eb2ef200c482c5342b8bea3c85167e3dd9d702f3094a3ab229', 'Karylin', 'Landor', 'female', '1958-01-25'),
('209-42-2670', 'tbranneyj7@cbsnews.com', 'ec816c635e70fcee35aa80890734c61f66319d92817e97752158805e0be2e18a', 'Travers', 'Branney', 'female', '1983-05-24'),
('209-44-5656', 'jmarklinjt@flavors.me', '951067b10e2639422df525e7cd5d58808947567e113d6d9f428c8ad6f561890e', 'Jamil', 'Marklin', 'female', '1955-01-25'),
('209-64-2920', 'eskillingsad@google.co.jp', '1ce0bae5751e62f271f805638216aa49aa1808563c8ef9b24297f23596cfe7d6', 'Esme', 'Skillings', 'male', '1952-04-05'),
('210-22-1591', 'mgablerrp@yellowpages.com', '0429cb57d73d7a12be1d89eaccafe051eebcc5b5a33aa09a6a05f80b6e12bcb5', 'Mufinella', 'Gabler', 'female', '1961-01-31'),
('210-34-0398', 'bharses9n@japanpost.jp', 'f6918c3b4f7dfd37d4472c87c7ce63ea4c62274715f5608e9967048059073b67', 'Briana', 'Harses', 'female', '1970-04-29'),
('211-49-0369', 'dlufkinp7@spiegel.de', 'a168cbbbef6877eb32a68abf194686c49c899ca7efed26d06eaaa7caee874826', 'Dalia', 'Lufkin', 'female', '1952-01-14'),
('211-61-4868', 'kconnichie4e@newyorker.com', 'a895ffc113f60f7666a70b107a3d4b2b2f15847c843738155a4ad0d95b292aa8', 'Karmen', 'Connichie', 'female', '1996-10-30'),
('211-72-2537', 'dcarrivickek@thetimes.co.uk', 'c5873f38576fa765a90d83fda6c1b12fc39e293c54ebf08e26854489ceb9bcde', 'Dasha', 'Carrivick', 'male', '1987-02-12'),
('211-74-2543', 'mdunderdaler4@theglobeandmail.com', '00d8acc4c20b9923fa8a33ee6b3e948ea1b932da05e2262dd42e418c1c2973a0', 'Moira', 'Dunderdale', 'female', '1991-02-26'),
('211-99-7946', 'srosielloom@e-recht24.de', '4ac60a932f1f3159e758bafd1a73e120f9cf71c6965c890511e1b0c493250ed7', 'Sterne', 'Rosiello', 'male', '1960-07-31'),
('213-67-9242', 'hblount69@issuu.com', '9ea59707bc7e769d0fa8846cd38e27f7c7dd84ce7d2a81318519fb56a024ea19', 'Hammad', 'Blount', 'female', '1962-08-04'),
('214-09-9897', 'btopphy@google.it', '200674c7d58d1e7d7055ab5185b1389d60493a653652579656cb8fab17feea8c', 'Berna', 'Topp', 'female', '1970-05-23'),
('214-22-5910', 'dsimonichf9@bluehost.com', 'c8fd057bf06adb0d3031caba0e7712488636f0090f0798648bbbdf686541f912', 'Donnie', 'Simonich', 'male', '2004-05-29'),
('214-66-1525', 'cguitten0@bandcamp.com', 'fe2c7e9ff6b2e509c074f035ff42992ca9b86b5f25ed35f953788bb43379f807', 'Chandra', 'Guitte', 'male', '2001-12-09'),
('214-68-7594', 'thammerman98@myspace.com', '5adc4b74783d8446fc1083b0ad3446314718454823e374de7eaea3b2472eb635', 'Twyla', 'Hammerman', 'female', '1997-09-30'),
('214-69-9486', 'bstuartm0@usatoday.com', '94d27884cb1859393a1c822892c51644c4180dffde2224a0830d68a1a0b398d4', 'Brander', 'Stuart', 'male', '1974-04-05'),
('215-38-4091', 'pyurinovkr@google.de', '24ee90650f8a21edb735424285f4ab224a95e62a62e0627851d668663af0e640', 'Pippa', 'Yurinov', 'female', '1974-01-14'),
('215-54-5800', 'gthurstanac@flavors.me', '3892651b4069a3d942f2ee31f83b042bef9bc94c4a3ce20d85ca8dfe87975a9e', 'Gavra', 'Thurstan', 'male', '1981-02-18'),
('215-71-8270', 'nstoditn5@goodreads.com', 'a04b46aab8a18f8dc111c9e4f4c7b0ffd961a9be23f68f8fea6abc4cbf0c8f73', 'Norina', 'Stodit', 'male', '1980-03-05'),
('215-89-8871', 'lgosnell48@google.it', 'ee4ec1ed6cba495826805fc286093e426162af1301d6d48ebad5f37a075682a7', 'Leon', 'Gosnell', 'female', '1977-06-11'),
('215-95-1205', 'jeaclerj@nba.com', 'eed53e4deebb86b784d3aa69fcf4ffc16e384e8d197b4215f89b135afb8c3d07', 'Johnathon', 'Eacle', 'female', '1971-02-11'),
('216-67-5182', 'wmcveagh3t@wunderground.com', 'b2b1ae6fa3419da60a12c876792dd355d9156b26d79e1979fe44d56d46976553', 'Wake', 'McVeagh', 'male', '1991-03-18'),
('216-94-3769', 'fneissenn4@shinystat.com', '0eb42598a245a986ce0ef9e3bb082c29f4dcda54cb224a71326631114fcfa133', 'Fawn', 'Neissen', 'female', '1969-02-25'),
('217-07-0123', 'cescoffier61@shop-pro.jp', '7db4e5b147fd8477940e7813c493ebcdf4daa06b9d68a87f5d571c77ee6f2cc0', 'Constancia', 'Escoffier', 'female', '1997-12-02'),
('217-10-5694', 'amccrystalm3@virginia.edu', '51907f9719a368712a8b50c864ca5e7cce7a6a69370240f71ed2cd9b184eb064', 'Aguie', 'McCrystal', 'male', '1998-03-08'),
('217-98-9637', 'tgeorges5r@amazonaws.com', 'e8661a8473905068c40be8f10a7bbbb4193edd9cca584487b59b7643d86b5339', 'Tiler', 'Georges', 'male', '1977-01-19'),
('219-02-1560', 'agellately76@usatoday.com', '229d2cf38247c3fa5156281f30ade14312a2e5f2aeb6cb27461949504d78c351', 'Addison', 'Gellately', 'male', '1989-02-09'),
('219-11-6383', 'mchazettei4@instagram.com', '52c30c3b0ecd96d2f06f6a210fd1568f3f5aed72ae47379ed3e454241dbd40de', 'Mattheus', 'Chazette', 'male', '1992-03-21'),
('219-46-5808', 'ceimi2@cyberchimps.com', '05de8b8d710d5da283aa931f048714f926178a526775e33906eac7f957b07ebd', 'Clareta', 'Eim', 'male', '1978-07-14'),
('219-56-1671', 'hchannon2s@deliciousdays.com', '910430ddf42878d2e31fd9723858cb29f2ce1b934e2aa768f82a82af81cc5507', 'Hanan', 'Channon', 'male', '1980-02-27'),
('220-03-0468', 'sbissatthr@squarespace.com', '9266189e73466cb3ad14338cefa597148c9bb3eb96fa2f64fbd99e3bfceb6bb3', 'Silva', 'Bissatt', 'male', '1970-02-13'),
('220-14-2018', 'dridedx@java.com', '3216fcfa59fdbeb2965dc4371dbc803f82f1da92f1dc692b5811c1057b089f33', 'Daniel', 'Ride', 'female', '2004-04-14'),
('220-22-5847', 'dwigglesworth6x@sfgate.com', 'a2d59d41c891bed4263c807f95f90277f0d9cb9c8d37f21e671d54f859ec343c', 'Davidson', 'Wigglesworth', 'male', '1983-04-29'),
('220-67-2201', 'bfoxon6e@auda.org.au', '014549821d7a1b335b7b21621aaf02dd077468a6c4e706a87dafcf0cdf709624', 'Becki', 'Foxon', 'male', '1967-07-10'),
('221-18-2753', 'wmcginnis3q@smugmug.com', '0b211e8db9f08affbea0f46bdd17d20867c1984467186be9dd8c3b4b95e0a081', 'Waverly', 'McGinnis', 'female', '2000-01-05'),
('221-42-7175', 'aachromov2o@msu.edu', 'f2fd39929ecbc1f051a4979eee207c0322a9db268d31ef495755818757545939', 'Antonietta', 'Achromov', 'female', '1955-11-06'),
('221-80-2299', 'asterndalej7@geocities.com', '4cfcfe220de05e190029c964f30b9f61a981ebabd54f72eb85f92d5b5fdbbe82', 'Andriana', 'Sterndale', 'female', '1960-10-14'),
('222-02-4088', 'mcuttellpp@amazon.com', '03c2c19cb5e9cdb897abd400f9cfffa21409ebbb12f242e88a171c964213cdc0', 'Morley', 'Cuttell', 'female', '1967-11-25'),
('222-45-3479', 'nguillerman7g@slate.com', '6e60bcc8aebfc0fa4f82af39094cfc3ca294f017441485a5042abaaa452c8434', 'Nat', 'Guillerman', 'female', '1993-10-14'),
('222-85-1646', 'lmcgiveeng8@umn.edu', 'b794243daffe06f25dded9ce2e9fd793dfd19f435b0c0f45ebc89c7fe644d9c7', 'Lori', 'McGiveen', 'male', '2001-01-06'),
('223-08-8690', 'enayern6@technorati.com', '2fa5dc668282d3e141ef2b00c94d866e3c40d5bfca788ec1fa795d0865d2c7d2', 'Elvina', 'Nayer', 'female', '1995-06-02'),
('223-09-5658', 'mitzcak3g@hud.gov', '1da933f72bf1901fadd88abe9cf849626c117249d536a75d5028abab32dc1083', 'Mirna', 'Itzcak', 'female', '1988-04-10'),
('223-38-4069', 'cemblow97@twitter.com', 'b91ed1d352cae22b4a335c7be48fb59408d509c67a0e9f17cbda403d9be56d87', 'Carissa', 'Emblow', 'female', '1951-09-22'),
('225-05-6497', 'ceasterfieldlh@icq.com', '90a22f5ebf48b080ab3b322a483d08611731f328b3b6a9cecea371d80f0b3d70', 'Casar', 'Easterfield', 'female', '1968-02-20'),
('225-16-7919', 'abangerde@ameblo.jp', 'dd8ab0a73a969abacfa51b6fedcce7ddce4fc91635542f8203bc420dfdd0c176', 'Andromache', 'Banger', 'female', '1967-10-07'),
('225-26-6982', 'tjordendu@reference.com', 'fddcef7adbb5d29be212aaaddf04e75b689e474d3a8b5417e85f60ad89c10fc9', 'Therine', 'Jorden', 'female', '1979-03-30'),
('225-87-8017', 'abris1j@google.ru', 'b0e6b16e7cdd1ff1dcd0a42a47976ba4407e9743cca59958bc7aa1a9eccb99d3', 'Arin', 'Bris', 'male', '1978-10-16'),
('226-61-8476', 'dabramovicikw@hhs.gov', 'e6effdbc1ce5ba106ac7c648e0f25fb8d5c1002cbd4d4e1a059265e78a244667', 'Doretta', 'Abramovici', 'female', '1951-03-04'),
('227-35-2943', 'hclemettshw@zimbio.com', '5f50a4693f41ef6fbb06735c7b703d6b1b57c69dbf9a33d7ac5c5c778c8a2fb9', 'Hyman', 'Clemetts', 'male', '1973-08-02'),
('227-37-4803', 'kovesenje@e-recht24.de', '3bcc623d71ea36971b1af1821d016d7ebb7582d8e7513796c1438151fdc98df4', 'Krishnah', 'Ovesen', 'female', '1954-02-04'),
('227-58-7952', 'bwernyct@fc2.com', '8944b4fbab3948fdcadcef0990846c3cec3d54642758c4cb14a43a5c816fa216', 'Broderick', 'Werny', 'male', '1979-03-02'),
('227-60-7931', 'ksullivanaw@youtu.be', 'b30ac134208935f33ed5293cb89d3ad0f43e40143d07bc812aa86abb62d9f4d0', 'Kassi', 'Sullivan', 'female', '1980-09-08'),
('227-77-9015', 'acollens6q@weebly.com', '2b765a61c14309352d79b5c3dafa03f29090db6571ed5874fd3e2e25a22323f4', 'Artair', 'Collens', 'female', '1984-11-24'),
('227-86-8435', 'csiemantelct@google.it', '40589821fc6824312df11c03e5da5cab8c189ea06553bdc4d94a42dc15b15f17', 'Caroline', 'Siemantel', 'female', '1962-01-31'),
('228-60-6453', 'eberendsen85@dell.com', '36635d16a3c88ab9f55bc98cde973caea22a9c82041e77cd96b2dd90fe9dbdc2', 'Evangelina', 'Berendsen', 'female', '1955-02-18'),
('230-88-4594', 'sastongl@friendfeed.com', '18420827b70efd8befa45c3777344810d54ea3dc5305b1283b55666f749e6b3f', 'Sinclare', 'Aston', 'female', '1961-11-27'),
('231-53-7628', 'ckrochf2@geocities.jp', '8b0f6773bf0c7fc1234ddc3d9e3ed526aaf4bcbd18b2bcdb67028c07bf7c7ab6', 'Cecelia', 'Kroch', 'male', '1969-11-11'),
('231-59-4084', 'psharratt5y@imgur.com', '6b113efb1f8f97661a03113b6f476619f8542d479d619b1f5bbab826f43f1d22', 'Paquito', 'Sharratt', 'male', '1958-02-11'),
('232-09-9983', 'cmowdaycc@intel.com', '9f5ed9c6886e087e53c6ffc897c2898911309fc2a29af9c60308716d67da4c60', 'Chaim', 'Mowday', 'female', '1975-03-26'),
('232-22-3735', 'esearchwell59@parallels.com', 'eb811861bce458d49f1a38d44f5ee42880027411b4c08f03fc5328822ed54db8', 'Emmett', 'Searchwell', 'male', '1999-10-24'),
('232-23-0083', 'jsawardar@mlb.com', 'a4cbe5d2134097c108cda7f044a4334e848a1024380708801a7c90f9fb34377e', 'Jamil', 'Saward', 'female', '1989-04-12'),
('232-49-1854', 'odavisgc@spiegel.de', 'a52e25930f58efa5c0dbf94d3ef9be2848eb7c50093b4bcb6dd4d5c8d8f0a7ca', 'Olva', 'Davis', 'female', '1989-11-30'),
('232-57-3598', 'cmcgoniglej0@mapquest.com', 'a31bdd810d3d2156ddbb1259c65581e9e217a7a0fb416372b1ddeb3e7b496aec', 'Clem', 'McGonigle', 'male', '1965-12-07'),
('233-13-7017', 'cpointsay@wix.com', 'fee6dbc486da95f51cab907a1cfe80f7a85cf1f53a479340b86dd480438ee6f0', 'Courtnay', 'Points', 'female', '1979-06-20'),
('233-22-8662', 'amifflin60@businessweek.com', '41c68bdd940ce062cae22c8db2d05ce756a544341a6d5c971e01c16c3e094556', 'Allin', 'Mifflin', 'male', '1956-12-14'),
('233-42-6148', 'amuglestong@biblegateway.com', 'f66aa0ff840002c23eebf3b3e74f6b48d539d6f837323566408fe60b5ebebb66', 'Alyda', 'Mugleston', 'female', '1991-12-27');
INSERT INTO `persons` (`ssn`, `email`, `password`, `first_name`, `last_name`, `gender`, `birth_date`) VALUES
('233-55-4526', 'bbegwellf@macromedia.com', 'b04f58fac386434842bb86ad596667a71f37c5923c04ac40129526171feea223', 'Benedikta', 'Begwell', 'male', '1955-10-03'),
('234-67-4530', 'fklimt11@dagondesign.com', 'ea09ce03be5fc7204acccab1b681745e8b80c4bc0ab9d55ce5d4474aaa59bb66', 'Fidelio', 'Klimt', 'male', '1978-05-02'),
('234-99-8454', 'edibaudijs@macromedia.com', '5c8498fdf172151e22e799d02cfe1df09e9b5c3f1310598c0156f5fd159d961d', 'Erie', 'Di Baudi', 'female', '1980-06-29'),
('235-26-3773', 'strittonm8@sina.com.cn', 'a9d4c990cdf17439116d5077dd926431fcbe8feb92268a5e976fc4390263bc5c', 'Skyler', 'Tritton', 'male', '1965-10-04'),
('235-86-2918', 'vletessier5u@toplist.cz', 'b190dfc8593834e3151a4dd9b6178c85da752223fd9bacba841e0a76a8ceda5b', 'Valene', 'Letessier', 'female', '1957-03-18'),
('236-25-7694', 'jgrassin5o@usda.gov', '674927f166e0c13f825b42da51c6e1cdb314330efafe563b779f85329fdbe5bd', 'Jorgan', 'Grassin', 'female', '1992-12-01'),
('236-44-1064', 'vriping5b@vk.com', 'c3088bd177ae8250de546c4090478bec071d148538e07748aaf45cf7e5cab318', 'Veriee', 'Riping', 'male', '1962-08-08'),
('236-55-6794', 'dbareoe@1688.com', 'ae1b43c5c7313033ead50191bce06fb278dd0d8ebe86018aad02cd5a7f4e2548', 'Dotti', 'Bare', 'female', '1984-10-22'),
('236-63-2125', 'mhargreave9a@360.cn', '6524dca3b3dfc768fec9ec40ad19af3287fc445338bbaf46252fad0536315d12', 'Maddalena', 'Hargreave', 'male', '1973-03-19'),
('236-82-6952', 'mporrettqc@state.gov', 'e45b9449c73476fb36ce990b37139ea97dcd7ac1f8b3b0a1a2e338cbac247475', 'Moore', 'Porrett', 'male', '1978-07-10'),
('237-11-0511', 'ksamsworthly@wikimedia.org', '01b0f054e9aafc96c8721028658aa4ae3ef87904cbbed856172485915730fa3c', 'Klara', 'Samsworth', 'female', '1996-12-12'),
('237-16-8977', 'mmctaggartj@upenn.edu', 'b2eaa5a185fa7d468a35b32472c0e664a469109a33e516cc9a2f25ddf071a15f', 'Melinde', 'McTaggart', 'male', '1975-11-18'),
('237-61-6103', 'kkadwalliderfl@tinyurl.com', '983f6a98589b42047a3a61bd65e95b01b3db51db71ff6bae06eb4d4803d04510', 'Karilynn', 'Kadwallider', 'male', '1954-08-30'),
('238-06-3115', 'estroobantca@biblegateway.com', 'df3b7ba5b2fd9451319be8f393b07a8263286984fd2976ee45d221c4fd5b2382', 'Ethelred', 'Stroobant', 'male', '2005-04-09'),
('238-36-7153', 'tlutwidge32@ifeng.com', '17deddff0ed08f1796b71d2bb08c65954b654e7ba66302052dccaa2012f91af5', 'Timotheus', 'Lutwidge', 'male', '1979-11-09'),
('239-19-4307', 'rewles14@google.cn', '873352f0ec4fe180efe2b3051260069e78e57a9d9b3709f32fcf8993994f40d1', 'Rafe', 'Ewles', 'female', '2004-05-05'),
('239-40-1854', 'gdecayette9p@t-online.de', 'd74087101ab6e441896e9dd0f577c1da724e91de078d0db96dbcf416e2615c5a', 'Gerianne', 'Decayette', 'male', '1975-09-20'),
('240-07-1260', 'nstrattonf@paypal.com', '7b640f1164397211c14342489382284d6c100f49a901fa80d7b338185e740d5c', 'Noam', 'Stratton', 'male', '1955-09-10'),
('240-67-9349', 'jdaunceydb@mit.edu', '49f8e263694ddc4871dddd0ba1091a2dc2ebd8e9651997975a12ebdce10a591c', 'Justin', 'Dauncey', 'male', '1965-03-12'),
('240-77-8677', 'vbeiderbeck7a@eventbrite.com', '21e8631662d94e930f55e766120ba4c72e48e3ce8dd1ac71c815cf713d98b65a', 'Veronika', 'Beiderbeck', 'male', '1962-08-07'),
('241-04-1913', 'amacranald1p@skyrock.com', '91550b9b814701eda4f071d493c5ec0639865cd1dcd15f007f8b9f5db7b86e47', 'Alayne', 'MacRanald', 'male', '1975-03-03'),
('241-65-9367', 'rtheyer6f@twitter.com', '22a75f708e467c11977be8b7037ba3523015d75beb2c8d88988cb4bd9466d83e', 'Rice', 'Theyer', 'female', '1964-06-22'),
('241-98-5233', 'mdorking1@engadget.com', 'c948f5a2fcf17ac5f1b3817d1c5d0024e045a5fc741f2084b9c3200c26fc6c71', 'Marcellina', 'Dorking', 'male', '1962-05-28'),
('242-55-4517', 'hjoires@vinaora.com', '9cbef53c2d2e390f2810dfee3849d87acd5541a642b76998e3fb78f406d22bb5', 'Hilton', 'Joire', 'female', '2001-10-20'),
('243-11-5558', 'fskedi3@comcast.net', '5da856b2fe28275a1a1388519972d612696a5b582610d201655db9a557a49cd5', 'Fredi', 'Sked', 'female', '1976-06-20'),
('243-54-4023', 'aixercb@wikimedia.org', '14eace4dc99a342213f4e6eb384c51c3ba55661e18bd1e527dd4ca26fb485978', 'Adora', 'Ixer', 'female', '1987-10-31'),
('243-59-6337', 'amellmerbl@naver.com', 'cf0d8660c0b6bc03fa145fc52c9458a6ba2108894d6d574c6e3ffae76ef4516f', 'Adelheid', 'Mellmer', 'female', '1972-02-09'),
('243-77-8888', 'cfulleyloven@51.la', '6e06673d6f568048c250662d9d4d5c1013024589f74cbd322a4435099b48ac73', 'Corabella', 'Fulleylove', 'female', '1973-03-16'),
('243-81-1229', 'lleidl2e@dedecms.com', '984482fe2f4031d7ecd687c346c0bb7fbc3f5877318ae9fcf638af9a6b004619', 'Langston', 'Leidl', 'female', '1995-06-27'),
('244-17-6261', 'ikupisz9@etsy.com', 'af1b71c18a3cfc63023d22c97be8156ee01db1503bb915974b12be58d12e6a34', 'Ingunna', 'Kupisz', 'male', '1954-02-12'),
('244-28-6328', 'cwhittabe@reverbnation.com', 'c6de64257802f165babde021e445e66f962a179a6154a7282bb0f98e97115c33', 'Carmen', 'Whitta', 'female', '1974-02-24'),
('244-36-7486', 'dfortyi4@columbia.edu', '3ad738b8d3c677cb643e13028ca2d916f0be92f84bba54176155f1eb6dfbfe64', 'Donny', 'Forty', 'male', '1966-11-11'),
('244-41-2882', 'cburgessob@deviantart.com', '015313cfbcf7c4394306146e1e7527e9efcf6348eba98bad72c6bd65e8e8a0fe', 'Clo', 'Burgess', 'female', '1993-02-19'),
('244-47-9677', 'ksaundersonn2@ibm.com', 'b98ea62d050e50b1d7a521be2db31a4394ef749517eeca628e81aaa7946baece', 'Kiel', 'Saunderson', 'female', '1958-02-06'),
('245-62-6501', 'ggonnelypf@storify.com', '7ba29796818335d0c522af66005bd514f84248b53dcf426ab609fa3e34d21453', 'Genna', 'Gonnely', 'male', '1984-06-03'),
('246-97-1877', 'gscapelhorn3y@washington.edu', '144994e3a21870259c0e50a9a79d24e710e7da6ea7def11dd04f135a092bcdfa', 'Granville', 'Scapelhorn', 'male', '2000-09-07'),
('247-13-5373', 'jadamov84@freewebs.com', '4827f08a2e978bade7fbecaa796f4ef511a7543dc84f3ac3dba8c16806ac098a', 'Jacquie', 'Adamov', 'male', '1951-04-19'),
('247-33-2524', 'lsewardsjc@ow.ly', 'a3eae97612d5f7bf052dfb150b7b696ebf23cff6507673fdac87e27bf7d34f59', 'Lotti', 'Sewards', 'male', '1974-10-11'),
('247-89-4796', 'bbickleyay@marketwatch.com', '28152786175212ba29b137da3c5783797434736fbc9e2cc2860340dd47cc1746', 'Brodie', 'Bickley', 'female', '1961-05-08'),
('248-37-9632', 'spoilen9@barnesandnoble.com', '0c3979e43737ea0b2bec6aa23c417f221e6ed9bcc05ca12c19fcd2b78e776d4e', 'Shaylyn', 'Poile', 'female', '1962-07-29'),
('249-19-8313', 'agerholdmz@senate.gov', '1e11ce0a0301f38147aaf399ff4070c04a603825ac93d44fbf9b44eaf090cc22', 'Avie', 'Gerhold', 'male', '1986-09-08'),
('249-63-1376', 'bkuhnkekm@cnet.com', '888331e6e3a1c463e481384bc09f21ca16783ae60b66cea98d0c252ac779e41c', 'Bendicty', 'Kuhnke', 'male', '1980-12-25'),
('249-65-7775', 'ndurmandd@salon.com', 'f3552be35df5bdeb19d7c60817ab57394d469db0ee143578bfd59fe1f513854f', 'Nikolaus', 'Durman', 'male', '1976-12-26'),
('249-87-9777', 'mtrulock2n@parallels.com', '9cdb9fe0c27fa435a739da26f8af2f2bc5e54ecf092e9cb7baa46759814c4cad', 'Mathian', 'Trulock', 'female', '1969-09-19'),
('249-99-2314', 'chackeyko@godaddy.com', '8ba6e2531eddfce3a9470f54d4d0c499ac2fbe9edeba36590e6e0cd67b7a85d1', 'Ceciley', 'Hackey', 'female', '1962-03-21'),
('250-53-1893', 'msyneke@shareasale.com', 'd402cce80b20e9ee601a6b167fa80e102f662e40ec9f186bfd829fe8771148e9', 'Melinde', 'Syne', 'male', '1971-12-09'),
('250-61-2985', 'dwelldrake7b@i2i.jp', 'b836ab5569ed70be70cb07ee6740e5a333de2332c1ed55695a9a7f872a53b8df', 'Debbi', 'Welldrake', 'female', '1977-01-30'),
('250-84-7293', 'dcamillogx@thetimes.co.uk', 'ee08ca3cba57a10fbba06621bbeb516494814ff9924d6f8e742094377bc0c82f', 'Davina', 'Camillo', 'female', '1981-04-17'),
('251-45-3465', 'rdripps34@sfgate.com', '8bebf85563910ec37e22fe0cfba3bdafc37f0a7690e7a533101bd05a95748255', 'Rodrique', 'Dripps', 'female', '1958-03-12'),
('251-54-0943', 'nguye72@irs.gov', 'd3b8d695af8bc98fffaacfbc77ae066efbb2d92f6f81563d645dea6954683eff', 'Neddie', 'Guye', 'male', '1976-11-08'),
('251-54-6723', 'tsteabler81@independent.co.uk', 'fe0e3bd507d16bcb06347f93c8175f0f9e36d62e0bdaa91df8272c3ad8c0e6d0', 'Temple', 'Steabler', 'male', '1958-07-18'),
('251-59-8030', 'hcrolla8b@photobucket.com', '1be64222f57cb50277283afcc16e9c502c118b6cda1b934120a550dcac4276a0', 'Huntington', 'Crolla', 'male', '1986-03-11'),
('252-12-4737', 'gbrauningeraj@uiuc.edu', '61003f8e7c4630066119ea5691c336b8cebe7966ee4d08c1d15ae837f978dd27', 'Giffer', 'Brauninger', 'male', '2004-07-16'),
('252-45-2928', 'gkarlmanndc@nba.com', '8612f7bed4496407b1854df0999ad0a7ade4fc9488647b3805260477d4a0d6ac', 'Griz', 'Karlmann', 'female', '1963-11-05'),
('252-47-1182', 'dkerneri0@furl.net', '34b9f52684e14bdb1c1771825163d55ea15553aaa1c354ca9139d0503d5abd99', 'Dyana', 'Kerner', 'male', '1990-01-15'),
('253-02-9539', 'rcarlsson2w@nps.gov', '9ae57a9ead30af6f7ff1588a4fb8b6ce0384dbba493f1f7d44b159826b4d7424', 'Rosalyn', 'Carlsson', 'male', '1989-09-15'),
('253-51-0367', 'aharbertha@mayoclinic.com', '817e8f0c3609126a682973be8defef136562bab99cb78f0dd23ee6b8916bceb8', 'Audrie', 'Harbert', 'male', '1952-04-26'),
('253-74-4909', 'rpfeiferps@behance.net', 'df5a51c3886ee5a6629bd30755a63c05e8ea487bbe6fd13cf7be2fb579211cbc', 'Rosalia', 'Pfeifer', 'male', '1991-09-01'),
('254-28-1542', 'csacchettilu@sun.com', '7c37440f8cc28002d32204a72ffa2033916e33b72b4053e881a3b3543259ebc5', 'Candice', 'Sacchetti', 'female', '1998-12-16'),
('254-70-0026', 'lvideankx@seesaa.net', '220d526a5a904da46560beb78e4b1c5ad8daa93c016663a4b76def30115154e6', 'Leonard', 'Videan', 'female', '1958-05-07'),
('255-02-7008', 'rseatter51@acquirethisname.com', 'dc2b9553595fbc68bb858f143951068986572947629711a422405465360fdf46', 'Rafael', 'Seatter', 'male', '1982-09-19'),
('255-75-2639', 'djosskovitzbs@reverbnation.com', '8f37cbcb39b7b1394dbcea3f3b405b6a1a95b7dd5f0ef7f50aa549e95dec0cca', 'Dru', 'Josskovitz', 'female', '1974-09-17'),
('256-21-0282', 'jendrizzil5@cbsnews.com', '6d4d2480e2f9433965025caa50ec4595e7e0a5dec02b008ef1aa1f3419d2b718', 'Joelie', 'Endrizzi', 'male', '1990-03-29'),
('256-38-5379', 'gfreegard5d@salon.com', '0173b7c52a8528374e4d912ef124a800a051b5aff3207297f399cb0bd669feb0', 'Griswold', 'Freegard', 'female', '1969-07-07'),
('256-63-0507', 'mjayesnc@usgs.gov', '0c8957f565796a8c5ba52df43ea9c8096eef631f122e059f56669cc951b4930e', 'Maude', 'Jayes', 'female', '1962-02-19'),
('256-86-7164', 'qstockmanr1@t-online.de', '5e6291c657a7b16da10e75f3f65e1c159ab160c3adec8fcdad18ab663fcfa0cd', 'Quinton', 'Stockman', 'male', '1958-02-13'),
('257-69-1654', 'bbatterhamqy@uol.com.br', 'cff0109e8f3c929fdf31027c9bd6300187b447f3a7611ac2726e5a61e95cee4f', 'Bamby', 'Batterham', 'female', '1972-08-09'),
('257-82-9962', 'mklas4@hexun.com', '0859f972eadbabf99d95a330c6bdf49dd05f803fa7d73610ba48cbd1feb9ab7a', 'Marcille', 'Klas', 'male', '1979-09-08'),
('258-04-7487', 'candrivotep@house.gov', '65b16756a6cb5cad277ccf8a439c74f1788afb5c4b28b6861571e36b960f0420', 'Clarabelle', 'Andrivot', 'male', '1986-07-11'),
('258-36-6081', 'mdeluzeos@tinypic.com', '06549b3324efcb86b92daf9ff1ef27be1a98e1e4e2e8c5c293b121a46f5e77bb', 'Marjory', 'Deluze', 'female', '2000-11-25'),
('258-58-3790', 'ihinschly@merriam-webster.com', 'eb43116d3fc8962cdd6a7cdb21c1db23255e3476c01f4b7cf460dc1c38e75aba', 'Izzy', 'Hinsch', 'male', '1990-02-05'),
('259-26-4030', 'cbrockley1t@wikia.com', '62cc5a4cf03e1d96fc7bdc238bf0d5c69c7ea1dd5596a3d621e7aa9ddd4ffaf9', 'Carita', 'Brockley', 'female', '1959-07-08'),
('259-91-5125', 'ihugrb@dell.com', '1fa345422975b7acac1e9bf6fde95dd3f088968ea9c82d80cd354372d7798c17', 'Ingar', 'Hug', 'female', '1960-02-03'),
('260-27-2394', 'nkuban8j@nationalgeographic.com', 'c3e0597e6fe0bf5d590fb4590caa5ef560df5b1e17dd05ea2a2f7652a0ac97f5', 'Noak', 'Kuban', 'male', '1975-04-03'),
('260-50-0904', 'ppowisdp@cnn.com', 'f6f2c28a4c37a5145f1c68f30172ad9e7943d5d0e0a7ceaeff0c5c2d7b2b0fc8', 'Paul', 'Powis', 'male', '1958-08-26'),
('261-75-8530', 'rkinsleymh@ucla.edu', '98517d6f2e41ab129e863e019326b5f57c3f774877294a50025fa1d69c6d5aa6', 'Rustie', 'Kinsley', 'female', '1988-02-20'),
('262-34-9197', 'pdomenc49@163.com', 'd3282fa28aaf640affd4474770ec0021a04f5232a14b13cbdf6ca2fd92bad71c', 'Perry', 'Domenc', 'female', '1962-12-23'),
('262-63-8830', 'alanphierl@npr.org', '15b5ae59af008b9612e7d77944799b8ea86a863e1f8480db3b51d69ffc714e32', 'Alric', 'Lanphier', 'female', '1990-12-13'),
('262-64-1484', 'btraylen2v@phpbb.com', 'a08fecaf85b0e830211e53713566b0a19a288b8ccb5eb9b1d82c4753c2909244', 'Bell', 'Traylen', 'male', '1973-12-28'),
('262-84-1557', 'esizey22@cmu.edu', '3803d4d6bd2d9039aeac922e140387d5c2d6633216f01710209e2ed1495178f8', 'Ericka', 'Sizey', 'female', '1967-07-09'),
('263-30-5235', 'dsothamb6@ehow.com', 'edd7a02553d2ed817f4b2e97297b571eacef5e8e1f3e494ad13565323a3255db', 'Daniel', 'Sotham', 'female', '1960-05-24'),
('263-36-2949', 'krobertellira@merriam-webster.com', '24c103c072642ca24569735e6fdf4624fb4d6dc79677895781dea8db75b7563c', 'Kathlin', 'Robertelli', 'male', '1978-04-03'),
('263-61-0061', 'miorizziov@woothemes.com', 'ad95bd9f0eca9bc37de4df990b13068d7b6133b251f2427f369fb7b5d39b0330', 'Merrie', 'Iorizzi', 'female', '1971-05-16'),
('263-85-7697', 'martiss8u@geocities.com', '18b4d3cca373b62b985d23f474a0e6d85ee9a5f13f0a065606a9ea940ed620f0', 'Mayer', 'Artiss', 'male', '1988-11-23'),
('264-94-9024', 'fskylettr7@vinaora.com', 'd4328a97c9c11a800ab022e0b588fe3f5cfe2dfcca400616bc2a40dc32f7612d', 'Federico', 'Skylett', 'male', '1961-11-25'),
('265-38-9759', 'cmaddie6b@umich.edu', '2cbe1ef94d6e3c6882bae8f564b52a2f47e1a36cb0fd04f84f7941694f808d21', 'Ches', 'Maddie', 'male', '1952-07-15'),
('265-46-3165', 'jmarsdenbb@bandcamp.com', 'd6fd1eda7fe8ab25d410413d34f02f33e1d232fedc9ac550766152beb6689e49', 'Jamill', 'Marsden', 'female', '1955-07-09'),
('265-63-3385', 'eahreniusns@canalblog.com', '4c2cdb4d0af5919cfa25efebe4a2571961aa069e1b7d2e50da6019e10ad0c3cc', 'Emili', 'Ahrenius', 'female', '1973-12-07'),
('265-70-4464', 'cnovotne9o@gov.uk', 'c7dcc6e56f44f4412e56809456f5d6bda6d3094faf8931f09a8a35b52517c721', 'Cassandre', 'Novotne', 'male', '1988-02-16'),
('266-32-8627', 'aarchdeckne2i@java.com', 'b69d2c44dac6d9a31bd0b34403891cd82d40420b8ba6df9c862eae3579190d46', 'Analiese', 'Archdeckne', 'male', '1958-09-07'),
('267-14-1275', 'lsafferc8@ibm.com', '3c6550ca6ca3ba222bd3a4ee4f507706fa15d524722ed2d9c51b5c6b92930c3a', 'Leticia', 'Saffer', 'female', '1994-01-09'),
('267-28-2843', 'tclawley37@ow.ly', 'a4f109c32de1eaaeffa1b80e7ea483c3fde399bcf5c2cd5436a24319dd5ada6e', 'Tillie', 'Clawley', 'male', '1973-09-16'),
('267-88-8001', 'bwilson7w@go.com', '5cf2035f219ece4d6b481d45a9ffbc4ac6be7390ca4c6044cc5770aec9639a98', 'Bambie', 'Wilson', 'female', '1960-12-15'),
('268-11-7121', 'mlindrod8@gnu.org', '89510d5241f188adac52eb2fb026c47959b1a81b59ca2033c728c272608d3887', 'Miriam', 'Lindro', 'male', '1957-12-26'),
('268-87-7437', 'cgodson8z@ucoz.com', '78d431be79385e73ed05154435f6bbab6aab71eb0031938739a59f279ba10e3a', 'Charlie', 'Godson', 'male', '2000-07-14'),
('268-98-7012', 'gdonohoerr@google.com.br', '4dc8e8547e0404dd66f9d35cd0bb2763a65b06ef33dc9c6c39e0441f400bf924', 'Gannon', 'Donohoe', 'female', '1965-03-01'),
('269-63-2975', 'atallant9p@cafepress.com', 'ab4b19b01013286e8b834972adc7d93f40ffdc65fabd1fa1c7c5fec90f542af7', 'Adelaide', 'Tallant', 'male', '1991-03-06'),
('270-93-6006', 'mlinley8m@netscape.com', '9cc70aeedfc5c821c41c1551bc88d7a30c3f86264b66e14d9f4e978c44f637a8', 'Moritz', 'Linley', 'male', '1997-10-05'),
('271-05-4953', 'gbennelllj@paginegialle.it', 'b25eaeac003e6dc82b74dd1373fb01fa234d380aa0edf3f7c3c09c44446d1501', 'Giffer', 'Bennell', 'female', '1961-03-28'),
('271-54-4443', 'cthewsa@oaic.gov.au', 'cfa98df75d4810eb51f7e70fa9034d48ba185bf74af4e5d01589176835749662', 'Chet', 'Thews', 'male', '1988-02-16'),
('271-55-5942', 'creaditt9q@gravatar.com', '4cad3b83221657c2a4f775f33132a68bab451ef75d7572d0896a27b9d59f6692', 'Cordi', 'Readitt', 'female', '1987-07-30'),
('271-76-4078', 'lkinman55@jimdo.com', '2243d91592491298acb2f0939b0ab3f2ef68609695d5f18c0b8d6725a5dd7a5a', 'Lainey', 'Kinman', 'female', '2001-10-29'),
('271-94-9923', 'glaimablee0@topsy.com', 'b181e8d2b7189239bb9a87fe58c418764c21701a684ad092785da885bbb6a385', 'Grier', 'Laimable', 'female', '1955-07-17'),
('272-40-4631', 'hcropp2h@businessinsider.com', 'cbfb3eed440da4f91541869e4bb79d0a70185e000d6d6987d0b888decd27ee49', 'Hallsy', 'Cropp', 'female', '1981-06-04'),
('272-56-9231', 'cgowthrop9y@fotki.com', '881ee662cbefaffd52865ffc585fcd304dcfdb04a7356bf45b0d16be8eaf063e', 'Clark', 'Gowthrop', 'male', '1995-12-25'),
('272-59-9377', 'rmcmurtypr@ameblo.jp', 'b204b15ff0da1d0983463b97b927aa30041108aae7fc329e39d88482c3826964', 'Riki', 'McMurty', 'male', '1981-10-13'),
('272-63-2292', 'bnancarrowrr@hubpages.com', 'aff6f100cd7c9e86276734d942cfb4c7561e751c036b4131ca251e67a2744f25', 'Bobbie', 'Nancarrow', 'female', '1984-02-17'),
('273-04-7352', 'tgregandl@lulu.com', '3d39334d0b0f8bc12fda4612d0613479f49e31cffaa8354118ab6d72d59256d0', 'Tatiania', 'Gregan', 'female', '1959-04-18'),
('273-17-7002', 'jgiacopelloed@artisteer.com', 'f814492df038a1d8a61f198ce95711ab21fb048fe83643afed000b1800f2d1d5', 'Jodie', 'Giacopello', 'female', '1969-11-29'),
('273-30-2610', 'efrancki@symantec.com', 'b0f13abb113a9baaf305221863e3f1aa5a7dfae1b8780e0fe1638677ebaa6483', 'Edmund', 'Franc', 'female', '1995-09-02'),
('274-38-0040', 'cbortolotti3f@wikispaces.com', '969463d6e622a3f152a03db56db1c0cf34236e2fd8855eecc018c89f46108e91', 'Cornelle', 'Bortolotti', 'male', '1991-07-22'),
('274-51-4510', 'rkliesl2m@trellian.com', '4ba546a0de22489c23fa5dcd05bf53cad7b2ecdd08cf8f1bf0c268e86201bce3', 'Raynell', 'Kliesl', 'male', '1957-09-08'),
('275-31-9451', 'merrey9t@people.com.cn', '9d200bc586b755ace2febff86105c490a01da37768fd9f30ae75ea9afb759bd6', 'Melesa', 'Errey', 'female', '1968-03-01'),
('275-62-2289', 'sskowcraftql@biblegateway.com', 'b28546c72e3fc765768fad99ec7966e59bcefdde2903642ab891ad301df24c75', 'Sheffy', 'Skowcraft', 'female', '1984-12-14'),
('276-22-5143', 'kmeco1s@miibeian.gov.cn', 'b1607050a6c00a84384548abfd8fc1d6dc28b5654db0bdd4fa2942689b4ae089', 'Kala', 'Meco', 'male', '1994-04-02'),
('276-95-5577', 'cdennettlo@examiner.com', 'd3c6c12e9a3d025da595f9952ecaac8e67e9aedcbdf87df461bccd1ddf7105e8', 'Cosimo', 'Dennett', 'male', '1973-07-15'),
('276-98-3901', 'yhelwigjw@telegraph.co.uk', 'a6cc4d01941035205044c7b912a88ad7d38e7bc472520445111875f03e94eb5a', 'Yvor', 'Helwig', 'male', '1952-12-28'),
('277-69-3008', 'troughanmi@feedburner.com', 'a434ad1b3fb14757c47f5ba01e4374880bb93890471dc2fb7376d52e8e636461', 'Tristan', 'Roughan', 'male', '1986-02-12'),
('277-72-3079', 'briggsfm@goo.ne.jp', '97c40ad03fc6ee8a4e7f666e62d9b91559f82f9df62863780b29db0a29bafe5a', 'Barbey', 'Riggs', 'male', '1980-08-10'),
('277-88-8125', 'hbrookbankmv@goo.gl', '55f6ba053f207bb5795e4b95e978c0f2c7c990de2474034cd67662657105b014', 'Haily', 'Brookbank', 'male', '1999-07-30'),
('279-08-8678', 'edeeslyea@omniture.com', 'b19f0e9640877d6adcaeb75ce32df79dcae4dfd7485bac7a4263eee4f3601383', 'Eduino', 'Deesly', 'female', '1974-11-20'),
('279-59-0147', 'gbiagininu@bravesites.com', '88139e5ce64c7e738ee02b082e74f623d65c2496cd238d6563bb7fb5f8118db3', 'Gladi', 'Biagini', 'male', '1975-05-23'),
('280-64-0642', 'jyeudedx@bloglovin.com', '93e87523c8b850ebfbfc439812d50a921aae575aff6417b2483816becd2c82c5', 'Jeffy', 'Yeude', 'female', '1985-07-13'),
('280-96-0615', 'nleatherborrowoe@ask.com', 'c80a9aa66302d74a29822a07de5407b8b074383dad7dde5e7034aa78910f8363', 'Norris', 'Leatherborrow', 'male', '1985-05-15'),
('281-54-1989', 'lgoedegd@cornell.edu', 'f088519c0fd002dc1c873b35e8d36b4e9970326cee90ad83d18be4d20a45c90c', 'Luz', 'Goede', 'male', '1963-04-09'),
('281-66-8722', 'agridonp9@intel.com', '98f89a52603cea3e556d7d827500d18c33143cc4588c1b39af1afde3920a9195', 'Arnoldo', 'Gridon', 'male', '1992-04-18'),
('282-10-3852', 'fcaviefr@prweb.com', 'f775a300caefc9d82bf4eaef6504701e0b7821af7b1ab38c7f22e158dce51fad', 'Finn', 'Cavie', 'male', '1956-01-07'),
('282-23-7868', 'aolenichev31@chronoengine.com', 'bda7d1b520455fbf586a9cbd8f1a0da081373e4fc8e4adf738739d9195e25a64', 'Ame', 'Olenichev', 'female', '2002-06-14'),
('283-25-4582', 'sjaouenoi@sohu.com', 'b2637df3a8832c65bdcd1833fb3d3571c60be01e2bbbc7feb687714b9f50cc83', 'Sonny', 'Jaouen', 'female', '1960-02-26'),
('283-38-6340', 'csilvertonmc@clickbank.net', '531b2c2ebe185caa16b2e73d7097febbdeda611abc635789de072b63426275e5', 'Cyril', 'Silverton', 'male', '1959-08-14'),
('284-02-0666', 'jgawenb1@goo.gl', '2548353000e8504473706e607dc95d4d1062fb15299f5ce7fc6947f03990692d', 'Jacquetta', 'Gawen', 'male', '1981-01-24'),
('284-04-6863', 'ecaudwellj3@comsenz.com', '4cc7114bd54acea6a766277b6c97d8180f3b759c89e2d361cf897b6ff52e9a39', 'Eryn', 'Caudwell', 'male', '1958-05-17'),
('284-35-6330', 'mjennins3a@desdev.cn', '148cf60770d2dbdc426056b46d5d377261bc533be70b746db938dd575556a548', 'Myra', 'Jennins', 'female', '1985-08-12'),
('284-72-9873', 'xormstonh2@blinklist.com', '2e434bbd849da453c7fc52bcd5b3c4310f9183add132cef2754435b47f68d8c8', 'Xever', 'Ormston', 'female', '1985-04-09'),
('285-03-2555', 'edarthky@engadget.com', '1b89e36ed510aba66233c81b6f425391c90aecf669ae56b2dea40c810717616b', 'Eveline', 'Darth', 'female', '1961-06-14'),
('285-84-3811', 'sjuszkiewiczao@si.edu', '29309dc3b67c6208bf9269f4fb29c93db6960e0a2eebbeb69e7af4e78da9f85f', 'Saundra', 'Juszkiewicz', 'female', '1986-05-10'),
('285-85-5194', 'zpefferq0@clickbank.net', 'd6e9cce6e9c754ca883de87f11af52546405bbaabf0652a359e5d69f06a71ff7', 'Zahara', 'Peffer', 'male', '1953-04-13'),
('285-89-9123', 'bmastero4@yellowbook.com', '0509837efb48718f95f1de72050b9552021f5117176f65e0713b7d7a09a536bb', 'Brigit', 'Master', 'female', '1975-04-08'),
('287-12-3288', 'kwestmerlandq@sfgate.com', 'ad1594c33f62ae7c883461f33ce8af2a7d2eeea0fbf8e283b1a35d1081fe78dc', 'Karlotta', 'Westmerland', 'male', '1971-06-26'),
('287-23-7266', 'sgornallf9@prweb.com', '8c45101a5fa4aad7f9adbd04116b8ea1aa24e9a7a30d8605de44bc4661bf476a', 'Sterne', 'Gornall', 'male', '2001-12-23'),
('287-31-1781', 'athorsenev@google.fr', '59a796af14b032e3e54d5f95dc0eba59301bbfe986fbdceb163580d89f0e9122', 'Amelia', 'Thorsen', 'female', '1963-04-20'),
('287-72-6886', 'karnibd@pbs.org', 'b71c0fc62799abb471103a7c2c13c68b81deb81a2bc8de415d28c1332042c4c2', 'Karina', 'Arni', 'male', '1986-10-16'),
('287-75-5259', 'tcicettijf@house.gov', 'c439822ae78a98054289cd1ef1369e4f5df39f79779be4679c9904364f882c95', 'Tracey', 'Cicetti', 'male', '1977-09-12'),
('287-90-5730', 'bdudenieaa@columbia.edu', '34253d12c338baffa8ad3498a9cf123de64ee93d7e24282f6c44f7f2de4d3142', 'Bethena', 'Dudenie', 'female', '2000-10-23'),
('288-25-5740', 'lmaywood39@4shared.com', '5ba71eb530eacf3c9e969ee35ba737b9fe212bd46c07e58471ecfdf19cd4ea36', 'Lavena', 'Maywood', 'female', '1991-12-17'),
('288-76-4758', 'dquimbyej@hc360.com', '0be27d42eba07c88c72d95db5fb3011eb186fa46c970ca9c2392c865e379b740', 'Derry', 'Quimby', 'male', '1954-01-12'),
('289-10-7693', 'bgottelier4o@omniture.com', '68ca0ee1cc43c308a60e21683e4b4d7e0ad8df99656a1764f347330e7e5bd653', 'Bess', 'Gottelier', 'female', '1984-11-09'),
('289-31-5464', 'bwankel8p@nymag.com', 'f3fc87db5864cd90e57345d68f5fd490858fa1247dbde00404b0fc37ba70b38a', 'Berti', 'Wankel', 'female', '1994-10-24'),
('289-44-1624', 'afrounkslz@alexa.com', '26b03a825c595612c8a6dacbd2bde603e3aa43e8fee80a860909036817973ce6', 'Avigdor', 'Frounks', 'female', '1989-04-21'),
('289-73-2848', 'bwoodallmj@geocities.jp', '51cf324a61a90471d705247f2e4cb00b1243fa958434f2be40bdf9aae1bfa643', 'Bethina', 'Woodall', 'male', '2000-06-08'),
('289-88-6058', 'vrockcliffek4@wikimedia.org', 'cb7805a2a7650cad57e4e747208ecf02ee4e020610151b2fb2e79e31e0bb1224', 'Vida', 'Rockcliffe', 'male', '1972-02-18'),
('290-38-6905', 'tspincksab@t-online.de', '7f22f4c625fc12ab7d0967eaf930ec4f38020c167ffd41637eca8a370c09a340', 'Tally', 'Spincks', 'female', '1988-04-07'),
('290-65-9543', 'smackaig9d@freewebs.com', '0ecd231ee524724e817c24a2acedc67a26c6d9416b49cd5b56d11affa4217cc0', 'Sande', 'MacKaig', 'male', '1959-11-21'),
('291-04-3809', 'dgrinyakinqp@hp.com', '9ffdba51195fb50ba3b80ac52f643d6ed8af0487fd3737a7328cac20815d70f1', 'Dollie', 'Grinyakin', 'female', '1950-06-16'),
('291-36-5545', 'dcarhartj0@free.fr', 'a9767d99768988e963615a57dc093d6b442f62334badcd63f58ad2445fe5e56a', 'Dolley', 'Carhart', 'male', '1990-07-19'),
('291-63-5854', 'tfarquharsonhe@cbsnews.com', 'b6e71d5050384adc435a4b4cd348a43204af816b368ceafac8e5b45abf870dae', 'Timoteo', 'Farquharson', 'male', '2003-06-14'),
('292-07-6814', 'aandreaccionz@sphinn.com', 'f67cfcd0079e7c8755dbe1fe6d0308a1f5ab686a1abe66a848dac4f33fda5f3c', 'Aurora', 'Andreaccio', 'male', '1982-04-14'),
('292-54-1436', 'ltusonog@flavors.me', 'eee5951f22b70cece1ac2a1fd3fc452327fa5eb4ca7f4c82429e57092816bb8f', 'Linzy', 'Tuson', 'female', '1973-09-06'),
('292-57-7157', 'dundrillfo@mit.edu', '3417bfc6f9db7e9dc5cdf462b2f3d553f6555fe6b3795d481012caec29683a65', 'Davida', 'Undrill', 'female', '1983-12-05'),
('292-90-3858', 'etiltjz@scientificamerican.com', 'b68b04f409804bbbae736342c872b2ab42567c5323543b112fe17d0547c869ff', 'Ede', 'Tilt', 'male', '1963-12-02'),
('293-44-0293', 'smoakes8o@ucoz.com', '7c655aa7a53dc2f5444a7cd5088b4680106b00d404602fa73512af7c4e409783', 'Sean', 'Moakes', 'female', '1978-07-05'),
('293-90-3888', 'ebartelsfg@hhs.gov', 'c4f8552b6022706d5bb42ad1c3881c54355ead7d9b839f98deb9ff6bc6ae73b1', 'Esmeralda', 'Bartels', 'male', '2001-05-18'),
('294-13-2006', 'trowelloa@naver.com', '08d6ff4a736af56aca66664313ce2daf3ea973c4e877f2d1d9fe5d2f67257ff2', 'Tuesday', 'Rowell', 'male', '1960-05-18'),
('294-44-8166', 'lphilipota1@miitbeian.gov.cn', 'd2fa7592f03950916a770ffee04793ce2d8a54f042bbb3d60a185178a2f8bcb5', 'Lita', 'Philipot', 'male', '1958-03-12'),
('294-45-8981', 'staberer3k@wp.com', '696259d1b1f622f8c518164cbe7e70be309f62e86fa706ef6fbc65db13e17af9', 'Shandie', 'Taberer', 'female', '1957-06-22'),
('294-55-5150', 'bdanaher3d@thetimes.co.uk', 'dc80277b59e92b75ae514cfc6e1bff42b054ac08b38b68ffbfae9a9c82b67773', 'Blaire', 'Danaher', 'female', '1999-08-22'),
('294-94-6763', 'ljaggli87@craigslist.org', 'c03b8288720e72821f57d98e947761c4472a0e99f9945eca82b6c490afff86c2', 'Lucine', 'Jaggli', 'female', '1966-11-29'),
('295-41-3174', 'bdukeeo@ask.com', 'fee461e9161599e12aac308424f664a7063b20d0a37593aaf1ed2077265129ee', 'Brenna', 'Duke', 'male', '1963-01-29'),
('295-43-7642', 'lhambricob@ca.gov', '99385ab2ff096afa85973bbe500c8f461b14e11d10024ae22f8827ec5a1872d9', 'Liuka', 'Hambric', 'female', '1999-08-23'),
('295-55-0324', 'aallard4k@fc2.com', '17883e62e30833c9324300bbe31d9f62a7e29615d6b20b7cb2028cb46d833c63', 'Anton', 'Allard', 'male', '1959-03-29'),
('295-89-1479', 'estrelitzki8h@oracle.com', '8bf4439b37965d6442d222470109491a1c5d06b38b7b91834c82412ac12009f6', 'Essy', 'Strelitzki', 'male', '1997-11-02'),
('296-43-6285', 'lkorniy@cloudflare.com', '68d334dd845644298e8d2e52e1208dfa3dedb01b2566bacb1cde82038d006f2e', 'Lydon', 'Korn', 'female', '1969-12-25'),
('297-24-4700', 'cgeorgeouko@goodreads.com', '8c023775b46317d7357ac51fda31fae102499dcb510eef1a2a444919c61b7a6f', 'Chevalier', 'Georgeou', 'female', '1962-11-19'),
('297-26-5008', 'mvineybf@state.gov', '4e334b79b50b845d5bde26a6cc09d866699bba703ee997847ec0a586550bfaa5', 'Martguerita', 'Viney', 'female', '1968-01-10'),
('297-42-3074', 'fbooleyn8@about.me', 'da2a49f26404b4a5437f88dbd58f59a57b3b840dcd97c0aff4850007b1205b4b', 'Fawn', 'Booley', 'male', '2005-01-16'),
('297-75-8331', 'anealonfw@paginegialle.it', 'de2412609fbd732c8fe6c2fa15cb1779bce131d0d1a7ba1e8ecd65cfe1553cca', 'Anthe', 'Nealon', 'female', '2001-04-17'),
('299-62-3583', 'edorwoodr8@google.co.uk', '91cb8a81123f8ee7ace600089ca24669e8ea858fd84ef14d7291e59081c814f0', 'Emilia', 'Dorwood', 'female', '1970-04-28'),
('300-25-7396', 'bbrokerrl@latimes.com', 'ac5390947a15815df313155fb30e11e31c86b7ded7ee69690e1981ab214025d0', 'Berne', 'Broker', 'female', '1982-11-27'),
('300-41-8585', 'dsteartk1@live.com', '5f42def7b02a2b9dbcd38e4983055e13838008839fb00f81e25c01fa2634024c', 'Dame', 'Steart', 'male', '1975-02-04'),
('301-48-0967', 'cpuntpw@ft.com', '6b61f9420b21934697dfe07f9d9c6210ca2629af05942e80d359ddb21d100def', 'Corliss', 'Punt', 'male', '1981-10-03'),
('301-48-8272', 'tdaxjv@tamu.edu', 'b864480f1c0de5482030e9d8a01c49fb367a99843c3c48f66fc2a79da61947a8', 'Torey', 'Dax', 'male', '1950-07-13'),
('303-05-9341', 'dwaterlandlq@tripadvisor.com', '3bf7b7eeb72ac5fda59bf6d1477c16343562f39bc1fb64c3b084bd55c8c64d69', 'Dagny', 'Waterland', 'female', '1984-02-23'),
('303-37-0733', 'mephsond@example.com', '26767b0cbd9375fd45da4ae940fb2920f260bec1a846f8ea0cf286ca67f12363', 'Minette', 'Ephson', 'female', '1972-06-01'),
('303-38-2629', 'bbrognot7f@macromedia.com', '07efc32e2507ed4a4329589d3b51420a5218c0cda0687e02f056ebff027b0354', 'Bobbie', 'Brognot', 'male', '1991-06-25'),
('304-18-4278', 'nupcottbo@nytimes.com', '97b2d48dbfed8f89279ead087c8b7e27b3bd6ad140ffa239b737ded8f86d6830', 'Nickie', 'Upcott', 'female', '1970-05-12'),
('304-60-0820', 'jheaffeyjz@ezinearticles.com', 'f9ac2b68687f7d9328ca8882a0585df702c00fd74a8cb98b5e02e0e261f7c39a', 'Jason', 'Heaffey', 'female', '1970-05-25'),
('304-63-2043', 'tschwantmt@cisco.com', '69ef27bed4745535a24c39bc363f6f879d42c0a1265f9a48c0ff6340a9e563c9', 'Trisha', 'Schwant', 'male', '1965-05-22'),
('304-96-9854', 'abouldona8@mac.com', '0a278810597a0e849abbd44888615b032e9cdd770b5475c60a98e56fd14dd6ca', 'Arnold', 'Bouldon', 'male', '2002-05-19'),
('305-06-7941', 'alefranc3f@walmart.com', '2a18b96ee060e8511f38a3b4505cfc7a5961936cf4ea4eec82a8cb5309b8083d', 'Artur', 'Le Franc', 'female', '1996-04-13'),
('305-38-0194', 'knewburnmp@mac.com', '7524f478dbeff81e774668e964537c52b0f0b896176dc15d02dc667766e20192', 'Knox', 'Newburn', 'female', '1986-12-07'),
('305-40-4439', 'apettecrewd7@t-online.de', 'f8f4f09deb4b83a8dc6f4e0aac520644836dedc6b70e96be1d3566164b868ffc', 'Abelard', 'Pettecrew', 'female', '1973-05-24'),
('305-68-7611', 'dhebborne9a@archive.org', 'fef39d4084f39ea639d18d25c332fac1aaa4efba3a2004d53991790e79740c05', 'Dela', 'Hebborne', 'female', '1959-11-03'),
('305-71-5288', 'ahuggillcr@cloudflare.com', '9156c8734f79d84d73863fde4e45b762a66a8d8c7b32e64525b49a9a84f1d395', 'Alysia', 'Huggill', 'male', '1959-07-01'),
('305-87-4244', 'jesilmonib@live.com', '1180def8c99ced32c6cf3cae5fd7e1797706803984a9bc8effa75d964c68951a', 'Janos', 'Esilmon', 'male', '2001-02-15'),
('306-14-2174', 'kfernedk@un.org', '57748657630c2cede8565066321e856d21d9b4ab44a91b5e0b5922dee493d292', 'Kalila', 'Ferne', 'male', '1996-07-31'),
('306-22-2937', 'asooleyjl@sphinn.com', '661a8694da3545e134d1e26779a5a8c8c10db8fc6e49774b527678304387ebae', 'Aurore', 'Sooley', 'male', '1993-11-15'),
('306-44-1519', 'rbrownsellc9@va.gov', 'c639626a7ac067db357d9d1e57971fabdaffc1f31bbfc9755b648c454040ade3', 'Reynolds', 'Brownsell', 'female', '2001-05-04'),
('306-48-2769', 'ctremeerd1@youtube.com', '3096fe3a991fde14dc37ade15ad505167828b08cfc116a97983268ca74bbc4fe', 'Catlaina', 'Tremeer', 'male', '1984-06-20'),
('306-61-2668', 'sconeybeer7y@vkontakte.ru', '814e6e9be3f83a8902ac9f6e3604eddfc141b72846365b49511a5f0a26d8ade2', 'Silvio', 'Coneybeer', 'male', '1976-07-11'),
('307-41-1084', 'ijanuszkiewicz23@example.com', '63dd0656a7e14930e462bfb579f784591f6bc29265b37fa1de9b3b27b98a16c2', 'Iolanthe', 'Januszkiewicz', 'female', '1953-12-10'),
('307-56-1402', 'acrevaghdi@bloglines.com', '4bf8c20a0877e6c3a0411aa15e4d40a4ee3588c2adcf05a6aab30ca09a73abe6', 'Andeee', 'Crevagh', 'male', '1985-05-10'),
('308-06-9253', 'jpietrusiakjp@list-manage.com', 'acb29be719804954e32428c3fe6bee3308aae03553e8bf761a894eca64f755b4', 'Jacky', 'Pietrusiak', 'female', '1952-11-27'),
('309-13-4131', 'sritson48@washington.edu', '50ef9aa3203515a377cf7928724ae1449886ec1b645485fbbb146d3ca01925d8', 'Sileas', 'Ritson', 'female', '1997-01-14'),
('309-15-2265', 'afoloninea@wiley.com', 'c10167aa287ecc75fe6542ad498c7a6aeef27103d346c14e9bdc25c331e928f5', 'Annadiana', 'Folonin', 'female', '1992-10-09'),
('309-47-7829', 'ldunton17@ox.ac.uk', 'ff38d5721b902927ebede54765ffc217fc54aa0a17e447ff558cef167b465905', 'Lucho', 'Dunton', 'male', '1958-10-17'),
('309-74-8676', 'tkennionj1@meetup.com', '28c781a670081d23e9d783e86621a1b17a1d1cd0ffb43cb1ade9de5e102c29a5', 'Tirrell', 'Kennion', 'female', '1986-05-26'),
('309-93-8249', 'pbesemer8n@bbb.org', '85d10e97f68490fca61f7647435c3dc1e81bf829656d8b56fe9891e4d0d12d17', 'Prentice', 'Besemer', 'female', '1961-11-29'),
('309-98-2101', 'cknowlesgw@amazonaws.com', 'adde4c47bec22f087f79f4830ce21e72e5be975d60361007b3faba8cd82bf2da', 'Claudius', 'Knowles', 'female', '1957-07-30'),
('310-41-7947', 'barchboldbk@ftc.gov', '734a26e9f403a04dbebd13123799412dad0a62db0cf4f0f53a9d6ea68e1f49d1', 'Berny', 'Archbold', 'male', '1998-05-04'),
('310-48-7574', 'chawksworth5a@miitbeian.gov.cn', 'e9aa2ee4d841fa6e1c4c6ccbc1c4c09df05a45ee95b726f45e0647b7b4a86ebf', 'Cristen', 'Hawksworth', 'female', '1983-12-30'),
('310-66-9226', 'glaugheranrk@deliciousdays.com', '4f25e8ec1f0daecbd1cb42db8a98ff18bbc8afec85ac82d7ddc6ea694be443e8', 'Giorgio', 'Laugheran', 'female', '1957-08-27'),
('311-61-6765', 'aetuck65@oakley.com', '297791b91357da4c8c3c6364aa9c20b9543609574999cb33c6ebd4b74b1eea6e', 'Ammamaria', 'Etuck', 'male', '1952-12-21'),
('312-37-6794', 'sgoldstraw35@nps.gov', '1cff7ff84b333d12c9bef719f17a0f0054dee801a719ceb7cab838dd0fee0f5c', 'Susette', 'Goldstraw', 'female', '1961-06-12'),
('312-38-5603', 'mgillionqj@1und1.de', 'ed5c387d23716028949870bd3b7175a5d4f15c86b129a957ade17d77d72483aa', 'Merissa', 'Gillion', 'female', '1954-08-03'),
('312-90-0021', 'gstrottonkf@discuz.net', 'a99a623e49aea6df8c12d3fffe18fbb18fcdecad2eafcaf843946638a9b96ff2', 'Ginni', 'Strotton', 'female', '1983-10-28'),
('313-02-6506', 'mdickeyme@microsoft.com', '8462966f057421192b55eeaf3648d31c5f1738e3c5cfedc420891abfd4e1c3a9', 'Madalena', 'Dickey', 'male', '1986-11-03'),
('313-40-5866', 'atitcom3a@cdc.gov', '9d251929c0c015aa4c753bb8ee582aebaf1be626fbc943572b5865b03dde117e', 'Adda', 'Titcom', 'female', '1982-08-14'),
('313-77-8543', 'mchezellenx@goo.ne.jp', '0d17f0d21edc202c3eee52f3b72fb8f58e2d2361833b962a3a0dbfc5d779db21', 'Margot', 'Chezelle', 'female', '1956-07-04'),
('313-77-8652', 'doultrampw@abc.net.au', 'e4527b8ae558108a9bcc79758726402b1e00915b04470ad04c02461ab719234d', 'Dahlia', 'Oultram', 'male', '2003-08-05'),
('314-16-6340', 'tpargiterqv@microsoft.com', 'f093ea3d42d49444bb0cdff4b4f484416687eaf2eb08511cf55ba80d62c699f5', 'Tristam', 'Pargiter', 'female', '2001-12-19'),
('315-02-0052', 'srenonps@howstuffworks.com', '08af87260183758da83f1c7a5c6363e13a5ef9cf514eae4b2cf310ebc22bb22f', 'Sybilla', 'Renon', 'male', '1953-05-29'),
('315-91-6376', 'fsparrowe7b@umich.edu', '6a67f777b09c91ce274cf6680a821af0ecffb45742986cbf724b32dc383714ff', 'Flossy', 'Sparrowe', 'female', '1965-06-25'),
('316-18-6147', 'cawdekk@craigslist.org', 'ef546c392c26ed8b0f1e0521d1aa3d4f92ef75a310d26177d4b4ef22ee6128f2', 'Cherice', 'Awde', 'male', '2003-01-31'),
('316-51-0637', 'wlydiattjg@parallels.com', 'fb03c993e1aa2b020ab337119221df7612879237a154ead2034a6cb17e8668a7', 'Ward', 'Lydiatt', 'male', '1967-05-10'),
('316-89-3353', 'acarrenlp@prlog.org', '066e9618dce1ab2d78eb3afe3c13e0b46d93a61f897667f9f50d70a28f470d89', 'Abbie', 'Carren', 'male', '1976-08-15'),
('317-50-7380', 'hmyrieeb@123-reg.co.uk', 'cf4356dc9e3219e78d6216283bc98b9fc81daf48b42bdd001dc31232288e3c82', 'Hans', 'Myrie', 'female', '1979-12-20'),
('318-19-7918', 'mogbourneah@hao123.com', 'f377ffbe2c4a18b3aae5edbf0498a098f789979144198d12503cf1f63a74772e', 'Mandy', 'Ogbourne', 'male', '1952-08-28'),
('318-50-7057', 'tnutty6i@sitemeter.com', 'e76b62efcbe24f84e909e099fc572747634ae18757dd30009451cd9f7bc5769e', 'Tarrah', 'Nutty', 'female', '1986-11-07'),
('319-13-0608', 'alenoury34@homestead.com', '85a649269c531fcb98b3e72cf8b6403c95c3be858aed268701312c7418fcb2bd', 'Avrom', 'Le Noury', 'male', '1956-06-29'),
('319-14-2138', 'rmackenneyd6@wikipedia.org', '2fac6ac153f4c595a61b1d4ce357710599bf4284ade6d145c3e4360983fc7c9c', 'Roselia', 'MacKenney', 'female', '1998-11-19'),
('319-24-3107', 'hhaselnf@usda.gov', 'd1e62153ec8fafc9986f1397f7528b18eff7ade07014c6d6b5cc97ac9b6538f9', 'Hagan', 'Hasel', 'male', '1950-11-27'),
('319-35-8069', 'mfautlygt@eventbrite.com', '127eb357ecc7530f79ac3e3da4732d1b3b323d225b62e84a3b949cfb039c8607', 'Morgen', 'Fautly', 'female', '1960-09-09'),
('319-97-1708', 'lfeldererec@cnn.com', 'e5588ef4a60cdcd2368161f73242b2c87f37217b86ea95fc1b529ca186d15a7e', 'Ly', 'Felderer', 'female', '2001-04-04'),
('320-21-6237', 'sthebeaumo@craigslist.org', '629d1249893ddb43fd43a37da500651f86b2472c26ae1227aefbd39e3e7cf7d3', 'Saul', 'Thebeau', 'male', '1968-02-10'),
('320-53-6457', 'treadwinmr@sciencedaily.com', '5e12b71ab39f9a808030254b5e16be4402bfb867257a0b398f48a5d07474316b', 'Tadeas', 'Readwin', 'female', '1994-07-24'),
('320-96-1164', 'kcordinglyc3@nhs.uk', '0e6f537d3a78b3373c1964880773e0bc36217d291a76618ed038d8c585dcd099', 'Krissy', 'Cordingly', 'female', '1976-07-31'),
('321-74-0751', 'jstivensbl@tuttocitta.it', '9abd001e46ddda2bc6caf0ebb624a986a01312713e18e917d6b4706de14cc9e2', 'Jamie', 'Stivens', 'female', '1995-05-15'),
('322-14-3615', 'nantoshin2n@about.me', '6967f5763a71ab3e3b4383b38b01737b57f88df113d9a8dc6f3be32172115cbb', 'Nita', 'Antoshin', 'female', '1967-01-11'),
('322-63-3278', 'lbarensky33@constantcontact.com', '2d5925d6ff969ca03bacbbbd906b7cce0f66135d92226f232e9caab12fdc2d77', 'Lev', 'Barensky', 'female', '1955-04-25'),
('322-63-5433', 'dnorfolkqn@mozilla.org', 'adea34ae0145f1585d85c528362c0dc85b687a6cc411f2efff0df1dfb9ab8a06', 'Dal', 'Norfolk', 'male', '1995-02-24'),
('322-65-5648', 'cridgersnq@disqus.com', 'd462173b4c95c30b33ac2a0058d7decd546c34009af662b0d8de62f388fae284', 'Chicky', 'Ridgers', 'female', '1969-01-25'),
('323-01-4539', 'ipoadin@tinyurl.com', 'f951980cb86aa95d6ab77d6378a04f75f15f073227cbbde1916e56dabd4d6cbd', 'Isiahi', 'Poad', 'male', '1966-03-24'),
('323-98-0774', 'ssmidmoordn@amazon.de', '112801d0d1bcd77c75537162ab3facddbec1bff186744fa6e8c46b51b5ad2fbd', 'Sandor', 'Smidmoor', 'female', '1971-07-08'),
('324-22-5728', 'bgiacopeloi6@slate.com', 'aa003cc7915b0390be864508fea63ca84da625551af90ef15c26a204a08c8b64', 'Bertrando', 'Giacopelo', 'male', '1956-12-20'),
('325-01-8031', 'glegges2z@arstechnica.com', 'ca825ee665c3599e14b4fc887491ceb106e418bc42b32fc8bb48e8038bf3d0b0', 'Gerrie', 'Legges', 'male', '1987-01-20'),
('325-85-0423', 'dabsolom70@hibu.com', 'b3c2a7b4ad751da23c030af3351a40eb53696b9a3ab5b156ba7bda2402575981', 'Dorie', 'Absolom', 'female', '1993-01-18'),
('326-02-1865', 'xrolesnv@trellian.com', '2e1cd4241ba1eff86c900b281b99ce24ce3fdd7f102893cd65ce446c30d12ece', 'Xena', 'Roles', 'female', '1987-01-23'),
('326-05-5212', 'mcaseld3@discovery.com', 'cb0c40fc9aea0cad7de576aedd9e8dd9b1a08617a33b4ec6e5025f4b69525350', 'Mickey', 'Casel', 'female', '1980-10-19'),
('326-56-0290', 'idungee5s@youtube.com', '1cfee5aff4c5ea508a8ad24f90762c7e6fbd4c1cad83b1685a5240c2e63e1b8a', 'Illa', 'Dungee', 'male', '1982-02-28'),
('326-99-5117', 'ebeetham2b@angelfire.com', '53d3a94d948de43c043a8e939d0e4533d150bdaedf82244bd48a46bc3f1c2ded', 'Etan', 'Beetham', 'female', '1959-04-06'),
('327-35-8331', 'ggarbarqd@amazon.co.jp', '3e53370c63e126d0301ab341be2c39eb21032aac7b2d9978e9c71879c57a5855', 'Gilbertine', 'Garbar', 'male', '1959-04-12'),
('327-47-0929', 'pschimonnr@printfriendly.com', 'd02fc6ffffdeb9d7ca835c6677692ccc70d4bec0fad9b8038641d297249ccd5c', 'Patsy', 'Schimon', 'male', '2000-07-27'),
('327-66-0994', 'jpiertonc8@bandcamp.com', '5d7387c18b5d6a7e063a13713936b8bd69c5faff67990e1a7877d9e25413bdcd', 'Joeann', 'Pierton', 'male', '1978-06-28'),
('327-87-7684', 'jgemmelldo@qq.com', 'e7b250ae83e177e5f15aa5d6b2ebd236e8f7cb086bce6ddfc157de9898ede4c5', 'Jojo', 'Gemmell', 'female', '1950-06-22'),
('328-35-9655', 'mpitteln@mtv.com', 'd160442f688f6cf47b6d345d7c5c16de79a331d9fbab9ab1550f0d811f0a01fa', 'Minerva', 'Pittel', 'male', '1978-11-15'),
('328-63-4380', 'wbendigf8@chronoengine.com', '3d070b72c38482aa3bdce13fc574d7585c554957ab643144d41419cc3ae6dfaa', 'Wandie', 'Bendig', 'female', '1998-10-09'),
('328-65-8423', 'lfaradyq3@illinois.edu', '17b322422e0fcfad8af2309b841eaa86e422e0c5fa97c09ae3d98718eaa9d721', 'Lammond', 'Farady', 'female', '1983-11-02'),
('328-77-6946', 'pskettles52@fema.gov', '0cbdad9126eb7f81334e22a851262b12dd6c1356a1534b007df7f49e2e1a3e83', 'Page', 'Skettles', 'male', '1985-11-10'),
('329-92-6978', 'rlinton7u@seesaa.net', '79ee148ff4b799c667edf9aff7db58a4ab497542b972ffec31720a8278364833', 'Rosco', 'Linton', 'male', '1955-01-14'),
('329-99-9542', 'jchartmana0@surveymonkey.com', '4f836be0967791f4d39f5ee463115d081c50fc254528671015b984b97fbc47dc', 'Jourdain', 'Chartman', 'male', '1991-03-20'),
('330-54-5352', 'cpoleykett4@bigcartel.com', '70d6e7d74c93cfbfdd1f6b329eae510b6dc570252cc71f208d681e8bef30c2bb', 'Chev', 'Poleykett', 'female', '1965-12-19'),
('330-78-4711', 'fhabbinb2@ameblo.jp', '39b6d9ec379398b98fb7470497b6afe4af0517e6424d5d33dd0df5e2d910d89a', 'Forbes', 'Habbin', 'female', '1977-11-01'),
('330-83-6556', 'gvalero3p@1und1.de', '35ad2429ccd38588401ca93eaa38327fe94e5b2d74de666617bdb9cf4daf38be', 'Gabrielle', 'Valero', 'female', '1969-10-14'),
('331-05-4778', 'amonshallce@hc360.com', 'b006e6d9d7fb5446baa318df8cbce7b69b807bf6ba887b61be3cee510f303c0d', 'Ambrose', 'Monshall', 'female', '1970-04-20'),
('331-16-9889', 'akeppel1j@jigsy.com', '90cf2f5479971a31673bf0663da7c2ac1e94e9a9c1679827fdf26d8deebfebcd', 'Ania', 'Keppel', 'female', '1981-01-21'),
('331-44-0651', 'kjerokji@scientificamerican.com', 'd9080b8deacfeb390197fca97bf0708024de412c89e9811db492a5f21454293a', 'Kendrick', 'Jerok', 'male', '1952-11-22'),
('331-95-3762', 'etaggetton@moonfruit.com', '51bf37694678dd3d56115072a6dda4974a9230b99849227c8a960fab42241845', 'Eugenio', 'Taggett', 'male', '1962-09-21'),
('332-01-4654', 'cvakhrushincf@photobucket.com', 'fc31c5c7aa0c11501c2814a72b644bf9e13f88211c63c4def044a71cd6e831ba', 'Crichton', 'Vakhrushin', 'female', '1974-01-29'),
('332-36-0976', 'hmatkinri@jigsy.com', '871cca5b3a7b3aff2ae81a8d66e129c79531d3b716c4e78fe9434ecd2d16946f', 'Hyacintha', 'Matkin', 'male', '1957-01-26'),
('332-68-3093', 'rbinfield2t@usda.gov', '564fd7fd091bcd8599171c56b52970d9bed5f2cc7055ac0527160698be38d7a8', 'Regan', 'Binfield', 'male', '1981-06-30'),
('332-73-1294', 'hmaybey3n@mozilla.org', '03f699fe533d30e1242a9bf408b03cead7ae1f3360c553b100a18bf090f6c7e6', 'Hulda', 'Maybey', 'female', '1998-12-13'),
('333-19-4698', 'lrhymesrm@google.ca', '9565da3eba7056fa1940e46f8fccc8c614667f0b9427585de3ab2a34adbe5f4e', 'Luella', 'Rhymes', 'female', '1999-04-13'),
('333-23-6528', 'mvanvuureneu@shinystat.com', '49a2a0c0a1ef9efc5f7aa085dbb0e88bc5d706572a5e30af68ba888f67e6ec61', 'Merline', 'Van Vuuren', 'female', '1987-11-06'),
('333-29-0388', 'clempennyjm@usnews.com', '71f398e026f1625488ecb7f1b33882e89fdf3162b9c2302f3df14ebff710d4e0', 'Celie', 'Lempenny', 'male', '1970-02-23'),
('333-333-333', 'demoperson@gmail.com', '$5$rounds=535000$usbCtyHSmIG00Aw6$OP8Up1Km7OP3xm9bbnE6wxEEB8U8PwnD4BBzfu9JZO1', 'Uğur', 'Dindar', 'female', '1995-05-19'),
('337-08-2557', 'amcneigh5v@elegantthemes.com', 'f61b358478aca443998780688cc59e77b9bc9c04e69921b46f7e6cfeda31f150', 'Adan', 'McNeigh', 'female', '1974-02-09'),
('337-08-6984', 'ashoebotham8i@patch.com', '94da36899f44931648ee74591523aa2378df5ef5be88ab8ffe2f88272dbf283c', 'Ashely', 'Shoebotham', 'female', '1958-03-18'),
('337-22-8435', 'sgendrichnr@japanpost.jp', '77e8a68a8104141e5edd285ae111f64a7b580fc691369668eaf4c1c973352ae0', 'Sheri', 'Gendrich', 'female', '1955-03-23'),
('337-26-1500', 'espaduzza3p@java.com', '912eff3bb2f2c3ea5da61de2d106b280ea1fbe1cb4a5dc79767af77fc01d8c41', 'Etheline', 'Spaduzza', 'female', '2002-02-13'),
('337-33-1219', 'zgoskare4@squarespace.com', '0c12680af04805b420fee1dc3cb2b0f4ba21c6fd87717283d4541e80a7746d72', 'Zonda', 'Goskar', 'male', '1989-07-07'),
('337-41-6428', 'amancerks@prweb.com', 'cc29e44404a2a60ad6835e9d140b9fa724e532ef8df80e0dd3bea46800d2d6e7', 'Alleen', 'Mancer', 'male', '1954-03-02'),
('338-55-0022', 'wporteouskv@techcrunch.com', '085c4b70b4fc23c4c436aba94429d7deb44aeadbbbbe80d5be5a1265a16d6ea0', 'Winifield', 'Porteous', 'female', '1989-09-19'),
('338-87-5217', 'rbrowne6u@utexas.edu', '827ce4373c7d3ab6110c3e868643a66ec0a2df472a1492c34a5088f595f9e33d', 'Rosie', 'Browne', 'female', '1993-03-27'),
('338-91-3888', 'bdeathridgeiv@about.me', 'fa956fabf12742b59b8f54ba717c6ccf8911f37c83b4d966c4bcd2907433652e', 'Bettye', 'Deathridge', 'male', '1976-09-13'),
('339-16-7742', 'mjoslynkj@newyorker.com', 'f5731c281ea9515aaa7e20793507ac3cbe10311595ab78312257b7d5c6206197', 'Mike', 'Joslyn', 'male', '1998-05-18'),
('339-20-3042', 'ggionettittiiv@ftc.gov', 'd3c1c3223a669f1c5ec3abf0bc4c496d347d9667015b7f7d48005945ce20991a', 'Gratia', 'Gionettitti', 'female', '1972-04-05'),
('339-77-9936', 'sreymerslf@linkedin.com', '9094bb4cb6a1e4277413cae6a5be6ec97b8acf4de94812d20698b61835df08fe', 'Stefanie', 'Reymers', 'female', '2001-09-05'),
('339-96-3625', 'dbrayni@hud.gov', '5b038e97da04c5e661aba8f56c4ed1b3837b80cc2751001b83e88e84ea650a87', 'Del', 'Bray', 'male', '1985-11-10'),
('340-43-6321', 'bshepheardb1@dedecms.com', '1338a0cb6d2c434d1e321ecf1d39aaada4d6629d0e87a8999e24b9896c49c734', 'Blithe', 'Shepheard', 'female', '1980-03-14'),
('340-44-6723', 'igibbebq@wordpress.org', 'a2175e5e9d20935ccf500fceb4e20a1a068a8b07b2333d442722baf20fbdff3e', 'Isabeau', 'Gibbe', 'female', '1957-12-15'),
('340-91-2496', 'gbenda4u@techcrunch.com', '0358267d48bc3fd19c9a1f3c8846b14c995ab59930ec8812b6778546465617e9', 'Germaine', 'Benda', 'male', '1973-12-24'),
('341-21-3757', 'jluetchfordc5@ca.gov', '3c7127ab4dcbab1d4b416adb7a74358555035d5bff011efb0f8783e3aec93f64', 'Joey', 'Luetchford', 'male', '1970-12-14'),
('341-32-5974', 'fgudger9k@google.cn', 'd97199284e7534c7b64d208d882ca7a9d9f2a366024ef1a531781097e6b30043', 'Fenelia', 'Gudger', 'male', '1958-03-22'),
('341-58-4352', 'ktitchen4x@statcounter.com', '572f595255e42b5bb91c20e2ab160afb78e298663ca9ccc1d70438a76d956325', 'Katuscha', 'Titchen', 'male', '1984-08-30'),
('341-76-0276', 'ktrenoweth99@netlog.com', 'c4af2ecb0a80a73193b1029856633aabb90eb2ef83283fec864b10a242c2d0f5', 'Kiele', 'Trenoweth', 'male', '1985-06-08'),
('341-97-6746', 'eworgenmc@patch.com', '03ee0661a84b7450ee09a7d054b9d39c03107742703831418175edf00b7ce775', 'Eamon', 'Worgen', 'female', '1978-01-04'),
('342-38-0500', 'asighardit@yellowbook.com', 'b857211cd2aca964a150f80453322c13f1683052302fb8573683e16cba6b1d4b', 'Abbot', 'Sighard', 'male', '1954-12-18'),
('343-15-0211', 'ldenisetf0@freewebs.com', 'd21c5bf4a45c1e961be8fb83f5b839c63f5b93cb2c20191b60d428c00497d557', 'Leela', 'Deniset', 'male', '1962-08-10'),
('343-45-3199', 'uarmatidgecj@wordpress.com', '7581661347d67b696be8759738ef1ed0e4ce63465c5f3a6eedd569bb62f96fca', 'Urson', 'Armatidge', 'female', '2000-03-31'),
('343-52-5108', 'tdeathht@nifty.com', '22c8a6bd807444ec9237d54bf956a2d3469beb1140353c649ffd7fea014dc438', 'Terrye', 'De\'Ath', 'female', '1967-11-28'),
('343-60-5760', 'jplanteiz@freewebs.com', '70bb42cbdbea6684cb18716ae386fec632ed97a485675bb9974e32828d75e9e4', 'Jacky', 'Plante', 'female', '1965-01-01'),
('343-82-5196', 'landrassyda@mozilla.com', 'c11521b0e7be22ec6d7d50cdef6f2c00b7b78effc9a1ca4e5aafad5d5cdfe189', 'Lindy', 'Andrassy', 'male', '1956-03-13'),
('344-03-2321', 'mwhaitesia@google.nl', '27a9e510e0ed9de811837c7da34c19c8fa9a90ee7693dc135e93ac645189ca02', 'Muriel', 'Whaites', 'male', '1989-07-25'),
('344-07-7345', 'hgiralm2@berkeley.edu', '300fd8309b882acc75a72ae78801a4f93d86c762fb395a500ec42caae664d4d4', 'Horst', 'Giral', 'male', '2003-10-23'),
('344-17-4591', 'vbillo7z@amazon.de', '631956a1a40dbb9578f0d3917b577670b43f4e673e6a22a596a3b7f5fbfd7a0d', 'Veronique', 'Billo', 'female', '1962-09-21'),
('345-86-8401', 'sswordere8@usa.gov', '6fd4ed3a015c59fc9542acf2a69407d7a748f8e30840169546693732ad5e4add', 'Silvain', 'Sworder', 'male', '1982-02-18'),
('345-88-5962', 'ggroundwatorrq@auda.org.au', '48b9984c490f19d4805591e2dae15cb94e1da65b9ceb9e158127705f2e132eff', 'Gordan', 'Groundwator', 'male', '1969-08-21'),
('346-41-1191', 'wbedle4i@rediff.com', '60c6ea7532693a67a8253488bea90d97c7ff65ebf1270c165e5bbe03e247915b', 'Way', 'Bedle', 'female', '2005-01-15'),
('346-84-8686', 'sleigh73@dyndns.org', 'e58854de4af6035fd8181c66de01e2c5445ae391a3d682679161472f6ccf1b57', 'Stepha', 'Leigh', 'male', '2000-02-07'),
('347-01-2457', 'lscahillfk@seesaa.net', '76f462f6b9ccf79f9f673147556d28e7f1ebed63ff8d5a6430a6cd9efff4f72c', 'Larissa', 'Scahill', 'male', '1969-05-31'),
('347-24-3470', 'fkembleyn9@usda.gov', '50b114049db57428931f891d38981a9ae3f02340435bde09d0252e2f41e8572c', 'Farica', 'Kembley', 'male', '1958-01-23'),
('347-81-9651', 'skubistaoz@jiathis.com', '24b426eedfebb426dab43baa9426e93d56e46c24e529ee831d1bc21d0229cd77', 'Sybil', 'Kubista', 'female', '1986-03-31'),
('347-98-9468', 'handormv@naver.com', '66520251bd5e90447836081cfeedad32908a4f39d1364658aebfd9d2e2e10221', 'Heidie', 'Andor', 'male', '1979-01-06'),
('348-14-6711', 'tmarrionq7@eventbrite.com', 'd01dcd2211f8ea2b2ef87afc76b81dcbdcdac284135158938c545113ef473b8b', 'Tallou', 'Marrion', 'female', '1985-01-20'),
('348-17-8332', 'rtullethv@hugedomains.com', 'cc056756d04d9004e021fa1ee6b5453124f6672e63aae267dcd73b2d04a244bc', 'Rich', 'Tulleth', 'female', '1959-09-07'),
('348-66-6181', 'istricklandc4@qq.com', '45f35715980f1ef5419b63bd0fabe9a2abde3ad42b391d3745c5dc78f1363667', 'Inga', 'Strickland', 'male', '1984-12-04'),
('349-46-0988', 'mmoyseor@live.com', 'f938ab656fbd248910b75b471426e6187cf451febad988c9a0430a16b40772c4', 'Melessa', 'Moyse', 'male', '1953-05-09'),
('349-81-2585', 'sayliff4y@hhs.gov', 'ab08c9c1a90bfdf175fb046c622eda9e9bd9d2afccf4fea00319c3c55ba0e878', 'Skipp', 'Ayliff', 'female', '1952-11-08'),
('350-23-8168', 'gmackartankq@tripod.com', '7c3bec00ce56817a23c0f9855c21d78431f5a9a1d58affa9c3d4cb7d3a6dd632', 'Gates', 'MacKartan', 'male', '1992-04-17'),
('350-65-8218', 'sskeggs4g@webs.com', 'a460b4898603a51d751c703bc7b30dffc8d61f91f1dea6067ccd715f08c81461', 'Seth', 'Skeggs', 'male', '1994-12-07'),
('350-91-8038', 'kduigenanlo@ovh.net', '4411efa0ecb2c34827722ed7bb3be6d912aa580b3c79849c4e5493c5798f8d9c', 'Keane', 'Duigenan', 'male', '1972-08-09'),
('350-92-5925', 'qrainardq6@whitehouse.gov', '880c7a912247574d8f5083bcab67758bbb0c1e986c38313e942800de940f7799', 'Quinn', 'Rainard', 'female', '1955-11-18'),
('351-08-8717', 'wcaulier1m@answers.com', '3cd0db6b965b05416a2084a02fca0619754a43b81c5300b7c2a4eee3e4a4ed54', 'Waylin', 'Caulier', 'female', '1980-04-17'),
('351-22-4813', 'emulrenanqg@phpbb.com', '66e3a8e6c1a93df5ab9161cf250f1aa2ac26a27bf2daa8a7af4989a24d6df22a', 'Eden', 'Mulrenan', 'female', '2004-12-26'),
('351-50-0817', 'rhonackcu@acquirethisname.com', 'a9f117d67fe055bde0fde0a132153e4ce0498b03bf5c144c283b1e9470781765', 'Rubi', 'Honack', 'male', '1996-07-01'),
('352-28-3385', 'rlivelygo@reverbnation.com', 'f6d28b9f7ca0083a6c2f181814132102414db1c8689d6d57fa3564292065d509', 'Roberto', 'Lively', 'male', '1998-04-14');
INSERT INTO `persons` (`ssn`, `email`, `password`, `first_name`, `last_name`, `gender`, `birth_date`) VALUES
('352-59-1937', 'bmorton6e@sina.com.cn', '6f556cd1f89b5c60f4ee93a2a69fcc1dc2ec68f98f680b3d3c1d1bf33ca866d7', 'Brianne', 'Morton', 'male', '1973-01-23'),
('352-73-7856', 'tblatcherl3@scribd.com', 'b9627f7976af365f0825a92a9077db2178b6760897f89563739ed0f81a5b93c0', 'Teressa', 'Blatcher', 'female', '1964-12-28'),
('353-22-8796', 'bgironlc@addtoany.com', '271962d7ca39f78d2d4a61d6bd9eabe191bf549578561a26ebed1312fa2f67d6', 'Berry', 'Giron', 'male', '1951-09-24'),
('353-57-9576', 'jcauldfield1h@cargocollective.com', 'f3edf3bc526d7b6a3dc2cabec507afa6af137e0bd1876b622e9178f8d790ee27', 'Jade', 'Cauldfield', 'female', '1952-05-11'),
('354-42-0625', 'gjosskovizop@vinaora.com', '93f1410902964377884e60f2244930d25467564c770d309bbdabcbdcc1d92685', 'Georgianne', 'Josskoviz', 'male', '1995-08-09'),
('355-04-1766', 'dhyndson6o@biglobe.ne.jp', '69e70a12795bb6b0545103f9e5b238df04468b042c7dfa76d3de82230446452f', 'Dale', 'Hyndson', 'male', '1957-06-01'),
('355-07-5198', 'rhaconbx@devhub.com', '903e1d59ce9d10d37df97fa20c4f98e7bf8186d2b12f765fbdac116d8b3e58ec', 'Renae', 'Hacon', 'male', '1972-11-16'),
('355-22-5836', 'lpasfieldf1@typepad.com', 'b4a08d0df4b4c87f058a366b2a976511423ea47e6ae12792e7dcecd8fcdfa9c6', 'Lewes', 'Pasfield', 'female', '2002-01-05'),
('355-41-1868', 'djallinkk@cbsnews.com', 'bad309560656d4075220e6dff3579c58fa62c1342df7a2a4b5a05317f836002a', 'Dwain', 'Jallin', 'male', '1971-12-13'),
('355-46-4434', 'tmacknielyn7@privacy.gov.au', '1b94c65e429e3a2adf8e5a5d2142e81d47c199144f5d9c92e16d19679e194e07', 'Teodorico', 'MacKniely', 'male', '2001-07-08'),
('355-93-6607', 'cpreshawh5@technorati.com', 'dac76cfc457f72ed360295159872e0c2e3e1a96d06dfda76e9ce222fc7367752', 'Casi', 'Preshaw', 'male', '1975-03-01'),
('355-95-9668', 'scolebykc@shareasale.com', '83ac742d93dafa038d923654ff57e7a832dc7db2e6cd660e0939163596ec2471', 'Slade', 'Coleby', 'male', '1996-09-12'),
('357-03-0315', 'mkwietekpk@simplemachines.org', '47f51b8e88ccd00f9262da272575043d3c67d765f5c1ff8a4d2b5b6a9da9e3b8', 'Moss', 'Kwietek', 'male', '1990-02-23'),
('357-40-2379', 'pqusklaynq@cloudflare.com', 'cba5b537473917d050e72f2bb454b27385410fef7724e4f765f000976fa89e52', 'Palmer', 'Qusklay', 'male', '1961-07-04'),
('357-49-6216', 'llarozenn@fema.gov', '0b732f2bc3417ad27687da49fa48d85b6bf304b8fe251b2329b72d2eae43052e', 'Lev', 'Laroze', 'male', '1950-11-20'),
('357-62-5271', 'bratleep3@fc2.com', 'a92b05f53a7a6f877cd8d33ab39a05dd30f92544a6d7e8953744f6d6dce67fdf', 'Bendick', 'Ratlee', 'male', '1982-09-06'),
('357-72-9952', 'msneadpm@elegantthemes.com', '8dd9d65e20cb9c8ae7ff87577c091d52939c70bf7d67a177cfe73157d1af73b1', 'Marlo', 'Snead', 'female', '1966-01-24'),
('358-62-9553', 'gbalassi9s@topsy.com', '498bedc540ea64ba170d76c6f9212ec2581c54f74d07d2d82ec1032141189140', 'Gilles', 'Balassi', 'female', '1973-07-03'),
('359-11-3115', 'kgascar39@sogou.com', '1fc422d7ee96f370bd0d3586e37a1ec14b7c0da09b94d6a5b51aa768fbd68c49', 'Koenraad', 'Gascar', 'female', '1955-11-17'),
('359-12-8801', 'lbakese1@umich.edu', 'dad5f32aca62e8eccf402e242e952f5aba49d882394d14334d8ce2be0767943e', 'Latashia', 'Bakes', 'male', '1978-04-28'),
('359-77-2367', 'abrewins8a@ycombinator.com', 'f195a5443a3cefc15e6b108940b0fc92daa567af80fdc8d537951eb2d7d12d5d', 'Andrus', 'Brewins', 'male', '1953-04-27'),
('360-13-2155', 'unickersonil@about.com', '35d58ff1246cbdde544852d4b669112786c72bc25e4f470f87aa8ffda58e80d6', 'Udale', 'Nickerson', 'male', '1952-01-01'),
('360-86-8467', 'hlownea5@pen.io', '5e4053c7a65479b28cab96b9f374d87544d668b339bf971448b8e0f851370159', 'Henrieta', 'Lowne', 'male', '1966-09-28'),
('361-01-7428', 'cgiggiebj@purevolume.com', '7da2062ad21ff6dfefaf2c1068253bd03f8365de1e60895778006198ff923104', 'Caitlin', 'Giggie', 'male', '1967-06-19'),
('362-04-2975', 'tmaccallester1v@adobe.com', '6da5804803f210b4abc06d0f26d8f239ca58380387a38d3ed43bed023d44c7ac', 'Tye', 'MacCallester', 'male', '1976-04-11'),
('363-03-8658', 'smissenem@tmall.com', 'b291f89219b11166a41660a934e4652436436bf74765f912410941b3f27a9594', 'Sonnnie', 'Missen', 'male', '1994-04-02'),
('363-17-3103', 'atullett4o@wordpress.org', '07a803a00f9d3aaa0175d41ead1649683252359653b0ce799c855529cd667c06', 'Alberta', 'Tullett', 'male', '2002-10-01'),
('363-85-6401', 'abrandone7l@blogspot.com', 'be6c08705e794cf84c70cae110ab986adbefea191aab53401c8ade949ccb87a8', 'Aeriel', 'Brandone', 'female', '1998-09-22'),
('364-66-0517', 'skeene3r@example.com', 'ca35a67646455aed39078dccfbdfa8e7cddc34fa94da4402a866b5c1408abe42', 'Saundra', 'Keene', 'female', '1966-07-21'),
('364-88-8369', 'tpawdengf@epa.gov', 'b30d801941cccc52d82ac427565d0ae0d5a13c4e29c9637f9a3dbbfd1aad978c', 'Tanhya', 'Pawden', 'male', '1966-11-09'),
('367-26-6917', 'dgleasanefc@liveinternet.ru', 'abf61cd489183d0513c284a1e33f0e6150bd3f64972eeef9914a40bbce5f2b20', 'Dru', 'Gleasane', 'female', '1967-01-19'),
('367-92-5215', 'dalexisdl@nih.gov', 'b985e7de5911cb3ef80dd61499619214746ad067ec57b84f20659084197ace2f', 'Drucie', 'Alexis', 'male', '1960-10-14'),
('368-03-1442', 'dsquibb4h@addthis.com', '7bd24f9d058a6a179b27f1c8a6f0e78d493090d4def66e2f08510091db2c7fb0', 'Davon', 'Squibb', 'female', '1998-06-07'),
('368-42-8392', 'ebernadon5u@vistaprint.com', '6a0e083d49b1bc3362a78ab1b94bb5f63a30154a9661f634f2329164f8f50aed', 'Egor', 'Bernadon', 'female', '1981-01-23'),
('368-79-5901', 'chusherm9@biblegateway.com', '8d1ceaa4fb13ce7a764815e6e1ccd578a708b73ffb20882696a0b8fdfe073495', 'Carmela', 'Husher', 'female', '1988-07-18'),
('369-05-1679', 'fbrennenstuhlhi@mapquest.com', '210035cc2fb2f287d8c218e02d063a70844f9eb63cfd6d64ef59252f18f8b37a', 'Frans', 'Brennenstuhl', 'female', '1966-10-24'),
('369-32-7365', 'tolliercv@hud.gov', '82330dbcabdf37c47c2cf6a70dfc5c01fd0a6265bd486120c4830c311a2e90b2', 'Tommy', 'Ollier', 'male', '1983-08-24'),
('369-93-6607', 'atousy16@forbes.com', '8d823ea198293303a8e32a8c960f48ce32623f9c1f6593e92fa1d0d46f1c0b83', 'Annetta', 'Tousy', 'female', '2003-10-02'),
('370-07-5349', 'ktaleworthia@rakuten.co.jp', 'efc6b36db43ed467293c84e3fd1e763cef1b18f31b71ab60d9b2a212b506e44d', 'Kennett', 'Taleworth', 'male', '1954-03-23'),
('370-20-0853', 'lsottelli5@comcast.net', '51b212556b9ba640ece05046a0b6794098cab1184219c36f9de3dba236759e6c', 'Livy', 'Sottell', 'male', '1974-08-02'),
('370-84-1432', 'epolleye9m@shop-pro.jp', 'd870067937add449d98b205a404ec48a535fa60eb3f4596c58e070445e084ff7', 'Egan', 'Polleye', 'female', '1994-01-20'),
('371-20-3357', 'cslideb6@yahoo.co.jp', '8e0f7be985bd814a75b830578d720837cab99f50b922c97965f83612ddf45ecf', 'Chrissy', 'Slide', 'female', '1964-04-04'),
('371-33-3055', 'dpaterno1a@google.de', '1810ac2b81346850447668d052627c48202d75dc4e27f1fcaa019f4ebf8a6877', 'Dierdre', 'Paterno', 'male', '2003-02-21'),
('371-34-5525', 'ptomasian4l@themeforest.net', '6f4d48d035f01b844fea5af6eea541c2341c9d8f28f110c576c7f5098e039a31', 'Percy', 'Tomasian', 'female', '1985-04-08'),
('372-02-9548', 'adeportlu@timesonline.co.uk', 'a84f35683a3831b5affb4bf0e1a59d5843d2ac1eb3e0120439b44d54d047d0e0', 'Alysia', 'Deport', 'male', '2001-12-20'),
('372-57-7187', 'hmcramseyy@europa.eu', 'f431e9edb7069e724370d11d43b087217e350b7eba24fcb5cfe66139b141c4a9', 'Hesther', 'McRamsey', 'male', '1950-05-14'),
('372-85-7919', 'dgoodlip4t@indiegogo.com', '367a9b669e65ad806d945a1384611e75172c325d9d869a786eb328b6f0839f00', 'Davie', 'Goodlip', 'male', '1977-07-03'),
('373-26-8081', 'bklaasii@homestead.com', 'f0f44b2945cd30f569a12ded0fa2b79202d644163ea588bd1885c7afe70a094e', 'Benjie', 'Klaas', 'female', '1997-03-12'),
('373-68-0269', 'mminetteg@reference.com', '557fdca30eb37878feb20d35d4c87741c3cebf64c784b944e91551392c1d2159', 'Misha', 'Minett', 'female', '1961-02-23'),
('373-91-9159', 'smalletratt24@skype.com', '7333d040fab08037b43e2bf2a2e24bb31ba33498c3b11c4b9211f2b888d32c36', 'Saunders', 'Malletratt', 'female', '1957-01-24'),
('374-76-5616', 'mtruettdp@vimeo.com', 'a4edeaa6d2314d973fb05fef940fc0cd8368f59fd9488b7713625c60f5b5e7be', 'Madlin', 'Truett', 'male', '1959-05-24'),
('374-79-9908', 'smacnamaraae@hao123.com', '80838b46fa455dca3872910878ceffa34eba0394acc0468cf97249cbf603bb38', 'Sara-ann', 'MacNamara', 'female', '1984-02-11'),
('375-90-3367', 'traubenheimersnn@theglobeandmail.com', '42545ff7b1e7c77e4f63113cd9abe89d7d9d1894b786e0573ff20ffaa3bcba11', 'Tani', 'Raubenheimers', 'female', '1984-09-13'),
('376-24-7411', 'msherrin2x@admin.ch', 'ad2f8974697ffdd8d4e57612cf7f0cf6c3045e3074783ac6e7b01d6ec20a54f0', 'Myriam', 'Sherrin', 'female', '1971-01-09'),
('377-18-0853', 'bcisland9l@123-reg.co.uk', '50e7ebb6c23e7f332b16132ff4f731aee5b1cc10cdeec6604d3843d7d4bb931c', 'Barbabas', 'Cisland', 'male', '1978-12-20'),
('377-21-0549', 'dsteffens6a@walmart.com', 'b33ccd9c35502beb84d5e0651fe3f6b42da03e1f63ad732c22846d8a36f5fb28', 'Donni', 'Steffens', 'female', '2000-06-15'),
('377-99-8885', 'dreschkedt@economist.com', '31662ceb9106f03058ad02b05c4facda653ec7d773c27777a023a4d96e334fdb', 'Denys', 'Reschke', 'female', '1976-08-11'),
('378-12-7643', 'fsylvainecj@auda.org.au', '69862b3f5f67ea89f58e7e0a1e8864740a626e84cbed0039c3d338e6a3a39dc0', 'Fran', 'Sylvaine', 'female', '1964-03-13'),
('378-15-2108', 'irutland5t@github.io', 'f7ab84a18d02c30a73bd1afba507ac57113375240dc7c694d6c0cc0bfae63322', 'Isaak', 'Rutland', 'female', '1978-08-01'),
('378-89-3632', 'gcromblehomed6@drupal.org', '4b381e6220be22bb67ce67f02e194e80ba8e65d5ccb46d3e400cab271125790f', 'Greg', 'Cromblehome', 'female', '1996-05-17'),
('378-90-9527', 'ejacopqv@soup.io', '52a37976b092abdcef67968c46e7c36404bfc4b898e76f43f8dcb9a6bfe5f7d5', 'Emmalee', 'Jacop', 'male', '1952-08-12'),
('379-29-8189', 'cjimenezf4@over-blog.com', '235f1afdaeb368327c78d12ee2435109e0731b3f015fd9e80cb6fe7cb490544c', 'Charlean', 'Jimenez', 'male', '1994-06-15'),
('379-35-8834', 'tcreeghanfq@over-blog.com', '00f45a3e44b559fe6680c0c662903bed428d0b45fb069bd313a34373d73366aa', 'Terrence', 'Creeghan', 'female', '1991-11-27'),
('379-79-0807', 'cstanboroughc@github.com', '258be611336dc306383a6c6ce20536691ce9512830b9e678801cfc8bc0b3dbe9', 'Cammi', 'Stanborough', 'female', '1987-05-15'),
('379-87-7900', 'lbehan9l@umich.edu', 'c241f7279977a95c1159e5c9502e0efd3dbfe03304b6eebd0e0e7e60c804b538', 'Lothaire', 'Behan', 'male', '1962-10-06'),
('380-16-4630', 'ccorneille73@deliciousdays.com', 'fae31101c42282b1f2b9f7f78f92dd5e0f67961ad933eb1fa7085cccc59909ff', 'Cullie', 'Corneille', 'male', '1950-10-24'),
('380-49-1360', 'gphillis32@github.com', 'bbc1f4a06e466516a2b52cbf0dc84b5b2ba3062ec0864d0c045c68752d4337dd', 'Gloriana', 'Phillis', 'male', '1975-02-16'),
('380-78-2221', 'plangelaan6x@msn.com', 'a475724fe64521282804a748163eca8e3bb43e3305c77d419c21fa27598b0d0c', 'Pearl', 'Langelaan', 'female', '1992-05-12'),
('380-86-9806', 'cemmera1@163.com', 'ff797a465f1a9a4d91f016bb440257af59476afa801b69b0177891395f55bae7', 'Cherlyn', 'Emmer', 'male', '1966-04-13'),
('381-44-5290', 'flammertzcw@mozilla.com', 'c326a4c79b88672f8fad3aa5881987aca35b45cb9edd32acfd53d06582ef3eea', 'Fabien', 'Lammertz', 'female', '1977-04-05'),
('381-44-5947', 'ndavallmb@yale.edu', '44205f42644ae65163b2fb388374e6ce9e1be12c998db49203fe7cda4628ff78', 'Nikkie', 'Davall', 'male', '1970-08-05'),
('381-61-4435', 'ppereiracy@ibm.com', '437752d3cf5328d7181e810476fa77fc777bc8d3216d0a1ae9fb0a704cac96b9', 'Pavlov', 'Pereira', 'male', '1982-04-03'),
('382-20-2803', 'tdevanygu@mac.com', 'cf37efe5c1d6d0d6e9a994bb479190061e54392371e5b524f8718e48f0d4865b', 'Tabbie', 'Devany', 'male', '1977-10-12'),
('382-25-7091', 'vbuarddw@senate.gov', '77456930f496cbd03dc6dca836bd257f0af51e53ed632211b5a846ec453b7f8f', 'Valry', 'Buard', 'male', '1961-05-04'),
('382-80-4282', 'fgreest2y@salon.com', '249a5b80c6e735614acd948193dc90030fb8ab3e0a3dae0040e11e81110103b3', 'Flori', 'Greest', 'male', '1966-05-08'),
('382-82-9006', 'sderlejy@sbwire.com', '6a2114423ba9e4e759c63fd06ecb012645b939b41e160701028d0f91c152447c', 'Sonny', 'Derle', 'male', '1991-06-14'),
('382-87-4732', 'mbolfl4@hostgator.com', '39ced4b0e9c64ccd46f90f8c1f64c5da8ce5a2d07a7eba39a45dbd7dc210b9b0', 'Maxim', 'Bolf', 'male', '1975-05-15'),
('383-38-5550', 'jglandm4@blogger.com', '4c0f2bbceda128baf08e51c985fdacb7b2f9a06df7df623a90ab822afedc10af', 'Jeramie', 'Gland', 'female', '1983-12-15'),
('384-45-9153', 'rkachel7s@mac.com', '43af0c025615e51fb4e5c99fbaaffbfb3d3be6b3edcc7545738f631dd65a9c1a', 'Randy', 'Kachel', 'female', '2005-02-10'),
('384-51-1180', 'hzannuttier@clickbank.net', '6671820a5fc01d2a011fa3c6cecff3734d3a598eca27842c2ca4c6295bbbf136', 'Hadrian', 'Zannutti', 'male', '1988-03-18'),
('385-09-0891', 'rharhoffid@auda.org.au', '8369f35118530f9a855cb68fe7f7350f00ba8c01a73e9cb9088d754ea5408495', 'Rosmunda', 'Harhoff', 'male', '2003-01-28'),
('385-44-2411', 'rhudleston9r@un.org', 'd44d4a6018842feaa9b57f144a62bcb84180b3ee18cd490218c6ea48ab2726df', 'Roslyn', 'Hudleston', 'male', '2002-07-22'),
('385-47-4340', 'atraceym2@ted.com', '03f9b56bfbb9f5996c8ad9531e0be05e7906fa59dd1d4dfe95dfeb3dd6564418', 'Alwin', 'Tracey', 'male', '1987-05-22'),
('385-57-5050', 'lquartly3l@chron.com', '31fa77170c96f3ff07c53c7393cec5f8b70797216c627d8aba1d52a9b58d50b9', 'Leena', 'Quartly', 'female', '1983-05-25'),
('385-72-3298', 'vkashs@cbc.ca', '5c49dec7a6f4e8aacf423676d048e8183a845832713774239d00faa9f1b84f86', 'Vernon', 'Kas', 'female', '1991-12-08'),
('385-83-8044', 'cfigliovannih2@illinois.edu', '7ac60009a483a22db27b155081a6c07600b4b3bff74c4dce17a29858b6b0ffea', 'Cassius', 'Figliovanni', 'male', '1960-03-08'),
('386-29-7428', 'pjeanneaucb@clickbank.net', '6dc7cde69177099956bd9254c7bcfde4242157b50429fd4c966f5a0d2c6c8c3d', 'Paule', 'Jeanneau', 'male', '1969-03-16'),
('386-71-2125', 'mstrippag@newyorker.com', '8aaa93af003d897c7b8587eca9c6f189d7690a9db9f6be044d98f66c6f02e543', 'Marsha', 'Stripp', 'female', '1969-09-23'),
('386-71-3024', 'rtassell1r@mozilla.com', '55cb76622f79904f3b59d69347ea428dd19e71d6c0787040756d0ef62d476815', 'Rawley', 'Tassell', 'female', '1988-10-06'),
('387-98-9057', 'ychippindallkd@cbc.ca', '5eac8932a31f2a97637f86e2ac241365d345e2c285e6022877f42d8c47c65fd8', 'Yardley', 'Chippindall', 'male', '1976-03-20'),
('388-98-1668', 'llangthornet@networksolutions.com', 'f6bf80bb590df74c6be551a7700e508774342ba3ce2a025f6c708cac34c10696', 'Letizia', 'Langthorne', 'male', '2002-04-27'),
('390-57-4906', 'ashakeladej3@smugmug.com', 'aa8fe042a9289e0ea23554a639a8198524fc956abf742f73e87c1b9d5841ca67', 'Arv', 'Shakelade', 'male', '1976-03-21'),
('391-04-4930', 'klambirthr3@dot.gov', 'e971bade8e9780cb987976d4399d6a44a877f7e9a3a6275b8d1e7aac1b3bff09', 'Karoline', 'Lambirth', 'female', '1986-10-23'),
('391-13-6353', 'jdeadmanau@bbb.org', 'c25d69ff10a9bc174b1c9c22f0ffbf7d2c0d0b2bfb8a1b5952de2e240a161472', 'Jorry', 'Deadman', 'male', '1967-03-05'),
('391-19-2204', 'bduffymu@alexa.com', '97b34192b372756c05d90ad21002db9b9ce080c0a049c7d0f2e21f1a43ccd20e', 'Bari', 'Duffy', 'male', '1960-11-04'),
('393-11-2962', 'obriertonkn@youtu.be', '7583bb417268e5368b6b41dc1c8a982a33b1d99ce406c28d5744e1550e2bca7d', 'Orran', 'Brierton', 'female', '1979-04-07'),
('394-35-2681', 'hcreavanee@google.cn', '5370d95c83b5cd467f5278c9293daefa96e88edbee293106e3f337c63f45bfdd', 'Harmonie', 'Creavan', 'male', '1986-02-13'),
('394-72-2829', 'mmillicano@dell.com', '4de7538783da842a1fd0f468d4490aa39702c977f4852e0086c25cc18499c930', 'Mandi', 'Millican', 'female', '1973-08-29'),
('394-89-3790', 'bbromont94@booking.com', 'c61e18c9fa14891099674270fb9c71df3fb99daa70181034a69e23a50c71d470', 'Baily', 'Bromont', 'male', '1963-10-03'),
('394-98-4477', 'bbaudic2h@princeton.edu', 'ef20252adb2acfd522705201e6a6bfe0ace76ca0ab59c951252efd3acb9b43f8', 'Berty', 'Baudic', 'female', '1994-07-16'),
('395-10-6096', 'cskipworthdz@cdc.gov', 'a9ef34afb1667ec80626a472d8f7bb484a634ea03b5cb6ac53243bf958296bc0', 'Claus', 'Skipworth', 'female', '1994-11-10'),
('395-13-4270', 'barnoud2p@mayoclinic.com', '6e93e42679f32c975ed3d25ebfc0dd6988b96dafef037217deda5f858ce297a3', 'Bree', 'Arnoud', 'male', '1963-01-16'),
('395-32-7304', 'esuttabyiz@amazon.de', '9ee37e78707e46aeca286b99c22d391c529c4a5fbca4e7053eac2bb8bdbbe0b2', 'Ermanno', 'Suttaby', 'male', '1987-07-19'),
('395-97-1612', 'cdorricott3q@blinklist.com', '95487679f3d0c4504fefbb3b194405f23ba0b046cd92c1a4040b9df5aa4bcda0', 'Charlotta', 'Dorricott', 'male', '1997-03-29'),
('396-11-6371', 'jhendriksen5@mtv.com', '18494d774c241d23f05c56185f6d542845dd5dd8a72a9d5ad56454496ecb6830', 'Jorry', 'Hendrikse', 'female', '1960-10-27'),
('397-36-4973', 'edomokos7w@samsung.com', '379791b7bae907fe567fe803444d9740a5146ca6dd2e34d62cd35d9db9514085', 'Elga', 'Domokos', 'female', '1963-12-02'),
('397-41-2183', 'cpennerfo@wordpress.org', '259499e87ab0f47eab4f91ae883595778cc58d51cf232a82c17660f6bdd6f0ee', 'Chevalier', 'Penner', 'male', '1986-03-23'),
('397-71-2227', 'jcardoo5t@trellian.com', 'b4111a6a53932bb9279f77207628fc38cc075555a6d934e514b7bae7d7f6f982', 'Jase', 'Cardoo', 'female', '1999-03-20'),
('397-89-8988', 'tmckilroed7@businessinsider.com', '9284c105da1bf66e61ca71cf72574213f4b0f6a4d33a730d8f0d96364d430195', 'Tucker', 'McKilroe', 'male', '2001-03-06'),
('398-12-6821', 'cackhurstmq@nyu.edu', '93011b0b1ab813b520890e65528a6bbf710bcc50a95c883b429726defaf7d4ed', 'Christan', 'Ackhurst', 'male', '1996-02-07'),
('398-46-8690', 'msoaresh3@archive.org', 'f54791084b0a645c0ebcb3021ac15b27726ab0e8c288a1eec1712903f0bbfdc3', 'Mavis', 'Soares', 'male', '1972-02-07'),
('398-78-0483', 'qlocke1g@liveinternet.ru', 'a61cb86fddf0c8b7ab8b9d2fa9e2fc79f1ae305cb792a3bd08c186970738bb0d', 'Quintana', 'Locke', 'female', '1962-09-18'),
('399-45-3224', 'hmacilwrickj4@yahoo.co.jp', 'bd5cba0dfae3dd4a6352b9a3fe960ecbefe1570df353c92e775975d00b098ee5', 'Hershel', 'MacIlwrick', 'female', '1961-03-18'),
('400-02-9971', 'swiddoweshp@paypal.com', '860a8f0b9b960de001f24580c7377f72b77872e6f101e866b0ce59fa91800330', 'Sapphira', 'Widdowes', 'female', '1997-09-20'),
('400-10-8477', 'taberkirdock@sphinn.com', '2d4958444c333217a59ae700fee4b063d717b510406716cceecd73ffa9902ca8', 'Trudy', 'Aberkirdo', 'female', '1962-03-12'),
('401-14-4630', 'lbaggelleymk@desdev.cn', 'a1efc43c545b343ed33014cd34e6d1eb4ad58624124c4e08f5da7d51886de0cd', 'Lidia', 'Baggelley', 'female', '1982-10-26'),
('401-41-9415', 'lfatscherng@nhs.uk', '2ddb65805b51cae9fb9615ed8e0d1606383ff54d84051f83f45ce753b7867c93', 'Leela', 'Fatscher', 'female', '1968-09-14'),
('402-05-1648', 'lmicklewiczcu@youku.com', '42821bfa48944b5988d0de7bbf25dafca41f516af9ed49246e167e622fbbfc2a', 'Lorie', 'Micklewicz', 'male', '1999-12-20'),
('402-39-0718', 'dcallerag@reference.com', 'f2c3d4f1b9a304de6b9f953a5037ca2645976f934f7942560377c46e07addd66', 'Dorie', 'Caller', 'female', '2003-02-14'),
('402-56-6960', 'baskampg@wikipedia.org', '4be77c14f6f3ff604518ebf21ff9d9e86d946be4ff8cbe108982fb40d64b8840', 'Brina', 'Askam', 'female', '1968-08-27'),
('402-73-4363', 'uhartford96@yahoo.com', '6941dc3cd5aa9e84de358ec1f19422d896596bb20fa42ee0e8f683ef8179c478', 'Ursa', 'Hartford', 'male', '1961-12-02'),
('402-74-7172', 'kmicklewiczh9@123-reg.co.uk', 'cbbd596db89fe7fd8e8548975ec3425471f8e75e28a07cf2c61b3f2062606407', 'Katuscha', 'Micklewicz', 'female', '1956-07-15'),
('402-97-9660', 'ncherriej9@army.mil', '39220c694c6c5d5b0f785b3f1ce07065dbbaecf94a673e4d38cc72086cf869b9', 'Nelie', 'Cherrie', 'female', '1955-07-14'),
('403-24-1276', 'cfontin8i@senate.gov', '96f5589eba589849cd4805fb433eddb9c253dad7af613245e844dcb92b099269', 'Cari', 'Fontin', 'male', '1966-05-22'),
('403-58-7791', 'iwahner8j@example.com', '3c6bdcd11088066531e397df09eed1df6b8c8e0706c634a805497336620b24bf', 'Irene', 'Wahner', 'female', '1960-08-12'),
('404-74-2195', 'demodentist@gmail.com', '$5$rounds=535000$HizRXBpTGa7DfhmH$kjF/f4WnY5nftZkd0tRn/0wJ2I7iyZXc9heM9NtBXF8', 'Alfie', 'MacPadene', 'female', '2005-01-07'),
('405-36-4810', 'nfrancoisgl@spotify.com', 'cb6da74bbb2cbd4ce920f5a6fbadff44e5754749b3cc66a203adfd8cd8e626c9', 'Neel', 'Francois', 'female', '1961-01-24'),
('406-34-7137', 'mgracewoodif@nytimes.com', '1e6125c6d0b6ec87f2487ea42ad2a881804f42cf61d5db0714c20354fbf55dda', 'Merla', 'Gracewood', 'male', '1958-09-06'),
('406-50-0264', 'rbatrip53@baidu.com', 'bc407a2a3b14affc9671d747ed39a2ee1f25c34feb2c77b861f1cee1b3eaad12', 'Roby', 'Batrip', 'female', '1986-09-05'),
('406-57-2927', 'cringroseo9@mac.com', '6b99a88c2feaa0b450d071d34cebaed6a140e2d5ad4583e35d11651bb0261d12', 'Clemmy', 'Ringrose', 'female', '1992-01-02'),
('406-69-3453', 'cbritoh1@xrea.com', '4dbd232f9b79c073f3b6205abf7d7ca0fe301152a0d76ce0c4cc25bbf9a307ed', 'Conney', 'Brito', 'male', '1950-05-01'),
('407-45-9469', 'thartzogscw@altervista.org', '36667c45063ed3c7b8a2bd3015e1ab3b8e2e60c367c817cb93580bbb76d8ed6d', 'Tabbie', 'Hartzogs', 'male', '1957-08-16'),
('408-34-7588', 'gsmiths8p@va.gov', '21423b7cb83e35b985293e0aaf734383f0c1a9507cadd6dbf5bac2672c45f20c', 'Gibbie', 'Smiths', 'female', '1967-01-07'),
('408-35-4697', 'amurrillki@ask.com', '0676ed17c3dbef8d9396dfd9297acaf3764f298a6763d502090b03ee341bcba4', 'Abbot', 'Murrill', 'male', '1956-06-15'),
('408-56-2451', 'bmarkson6w@google.co.uk', '669fa4bf7476e64a5db780fa328b52fffaa33ac945abf712613b32a47a659b75', 'Berty', 'Markson', 'male', '1959-05-23'),
('409-03-7237', 'cscammellho@bing.com', 'c35c91a83acf85f2f08f02e27e3277e12803ae6829d81ce0e8a83695be455537', 'Celestine', 'Scammell', 'female', '1968-03-17'),
('409-30-8316', 'tlawerenceky@godaddy.com', '59ca2bec32ad13c2248a9c74227ee5009bdac25f40bc5919bdedd86223db40a7', 'Thaine', 'Lawerence', 'male', '1979-03-19'),
('409-55-7671', 'ngepsonb5@bbb.org', 'e822ece91703cdee2f898bcdeb70499c65b8d1a14f9c93a09152cd078777eee9', 'Nicoli', 'Gepson', 'female', '1962-03-07'),
('409-61-1289', 'ecolterkt@nhs.uk', 'f22ed36db57492b9026e3438110a87ca02ae00e748fd3831c558da43eb84324f', 'Ettie', 'Colter', 'male', '1954-05-31'),
('409-74-3965', 'cogrowgane37@constantcontact.com', '3c1eaa10fecb2bfd969bef327062440a95e969f383f89f0eee99d543197c8366', 'Celina', 'O\'Growgane', 'male', '1971-05-18'),
('410-22-8630', 'minnot1r@ft.com', 'c62bb75ce0a1099b453ceef9514a161451260715018af76b5cab6aad08773ce3', 'Mill', 'Innot', 'female', '1967-06-12'),
('410-65-6094', 'ctower4l@unesco.org', '289c4447269837be0a4c9744c31921bb734e0376ec6fdd7952ddd2def619237e', 'Conny', 'Tower', 'male', '1962-12-11'),
('412-23-7351', 'tpucker7y@bigcartel.com', '79c48c82c737ce545c05a766e118ecf37091b7b53271872202bd5677ee028202', 'Tanya', 'Pucker', 'female', '1970-02-23'),
('413-25-4328', 'sjedrzaszkiewiczba@techcrunch.com', 'b4021a5ef7914b34bfc5973de7b4dcd900fd5fa064af53d070976ee9e9598c6a', 'Saunder', 'Jedrzaszkiewicz', 'male', '1972-03-24'),
('413-77-0544', 'syannqa@apple.com', '7f7e4e3d614d9ffe02d81bb793b6c6ea4a0f3cddd9e3ee08aaa413aff0dcf170', 'Sven', 'Yann', 'male', '2003-09-25'),
('413-99-6299', 'amacgaughiebr@google.fr', '52b7e91f3a54a638e144686b7ab2074466c90a8402fae2bea3141437764b4c5e', 'Aurelia', 'MacGaughie', 'female', '1993-12-17'),
('414-07-9755', 'vofield1q@wp.com', '78f39da4305bebc73bedc66863a97e8a56f345191223473b0237f46cae4f1d09', 'Vick', 'Ofield', 'female', '1989-05-31'),
('414-11-8433', 'nsirmondhm@ebay.co.uk', 'e6725213357575835ce021669cfe6ab558704e1ccf104d137db02ae984259a6e', 'Nowell', 'Sirmond', 'female', '1956-01-10'),
('414-88-3295', 'ewaita4@miitbeian.gov.cn', 'e4200dd2d05b3ba4a38c75dd2fc183f46379ce15cb4149e2be8a2fec292d2203', 'Edik', 'Wait', 'male', '1989-02-25'),
('414-93-2623', 'sbilbreyon@independent.co.uk', '9c2490374549df2234f89dd549c0de8fba9130cd65807368f3b22bae5e900cd7', 'Sholom', 'Bilbrey', 'female', '1950-06-09'),
('415-08-2514', 'lmaccoughenmm@kickstarter.com', 'e58f0b9eb5a02dcb8d5f721306030307bf0b6dc8b42a29a1736dc6dc924eab56', 'Lelah', 'MacCoughen', 'male', '1991-02-25'),
('415-19-7777', 'xbrigstockcs@mit.edu', '6a59ff75d8b6eb3810b9be868281c7e44931a65bad9b68a7559c359abe56d65d', 'Xenos', 'Brigstock', 'male', '1965-02-17'),
('415-31-3626', 'bwhittersez@weebly.com', 'b35434cefcc559b7a675c6d59d1cd176a90f6d28ba5714073a8726a0ee0ee417', 'Bibby', 'Whitters', 'female', '1976-12-14'),
('415-69-0176', 'kmccrackan7d@shop-pro.jp', '07c418d8ec10ca8d78bd6b7691a45cf4a92fdfd115d03b2866c9c91918ee05ea', 'Kendra', 'McCrackan', 'male', '1952-12-14'),
('416-58-8737', 'welcee5@shutterfly.com', 'a7ccf82bc27f65acc33640be60c89ae237d0b0eb905fc8cb8f34fb95c6679adc', 'Wiley', 'Elce', 'male', '1989-08-03'),
('416-62-7302', 'mcamamilll9@earthlink.net', 'be535b835d81309357a71f702af404465787c539bc5adec4be2ed73404125f3a', 'Manya', 'Camamill', 'female', '1985-06-27'),
('417-19-9631', 'bleacf@deviantart.com', '1f4b7473d173ebe6d121a3b1372f45ec5575a71b0958f33d27de90b6fd707093', 'Billi', 'Lea', 'female', '1989-08-08'),
('417-35-5751', 'dgippsar@spiegel.de', '1b92ce8b3447430fa11607b82b82bc8e8a3afbca075b7b57296c8496749e9be8', 'Daphene', 'Gipps', 'female', '1997-09-16'),
('417-37-0069', 'jclokeo2@multiply.com', 'db995c31b5630be5cc3f603a22426e556b1c94e2464729a97b1c96d45641415c', 'Joelynn', 'Cloke', 'female', '1965-11-20'),
('417-53-2287', 'cseviorpv@bigcartel.com', '2db99eb3621c51779477576ad9402f71978dc1d202a02dc6eff377a5f5a44887', 'Cally', 'Sevior', 'male', '1960-12-08'),
('417-72-4183', 'tedmandiu@i2i.jp', '956836c46aefb117560a57f1ebff82db345d11b31445df9fbd053c6de7abd768', 'Tom', 'Edmand', 'male', '1979-03-24'),
('417-86-5335', 'sbitcheneros@macromedia.com', 'f3f7a7df4eb6d3469e77065dc3bb1c85925b90df9c0d68725e3fcb206bd92f23', 'Shepperd', 'Bitchener', 'female', '1989-05-02'),
('418-20-0967', 'aastlet9i@multiply.com', 'e95d075047ddeb23fa9f267a172d383032ad1d2d4e33428346f43ce1a4ea9670', 'Agnola', 'Astlet', 'male', '1957-03-29'),
('419-49-2373', 'fcorkitt90@elegantthemes.com', 'd9cd66b9446b9ebb54aff45d792954d606b045c7ad528299a8b645b383438278', 'Fran', 'Corkitt', 'male', '1962-03-13'),
('420-06-7843', 'gfranschini4p@networkadvertising.org', 'e54500838fbdbb656abde499b69fd6ed072657dd6ef289cb5aa6a0e61a9d6d57', 'Gardie', 'Franschini', 'female', '1994-05-03'),
('420-72-5558', 'afaslerbo@twitpic.com', '6b6ec3cc8cfb6576a99c5d2effdc8824d15f9e84232686d028b10ec52038a711', 'Alistair', 'Fasler', 'male', '1991-01-05'),
('421-16-0869', 'nlottemq@ebay.co.uk', '6ff8f9bb446334a3c5f32e02fbc11269a0781b5a3899ba5b033504b86c732361', 'Nessie', 'Lotte', 'male', '1979-02-18'),
('422-45-1786', 'fsedgefield1i@constantcontact.com', '86f5cd7ea400a226f7cda7c218d1d082dcbe63cb32f31d427fd003c8c5132ffb', 'Findlay', 'Sedgefield', 'female', '1987-09-22'),
('422-58-9786', 'fmattiuzziaz@nih.gov', '0cdb4042777b20befaceebd65074fede042a8b73b6d6e6c0d09e815ff039a39f', 'Flin', 'Mattiuzzi', 'male', '1986-03-27'),
('423-01-8442', 'cshepton19@vistaprint.com', '57ec66788c903386eff099c20379a752e13616c1940a845dd92336a63da8488c', 'Christopher', 'Shepton', 'female', '1986-06-30'),
('424-22-2200', 'bvandendaellm@washington.edu', '72d11ce294ff472c8f7b54643c3bbc0f5e8b91a356450028425e23a71db0ea66', 'Brianne', 'Van den Dael', 'male', '2000-07-09'),
('424-39-2902', 'cdurrand77@japanpost.jp', '76f8e6792d14091c9a2e6947d42f8aa352e3b5c3f9487574ddb1702d62416379', 'Cindee', 'Durrand', 'female', '1999-07-20'),
('424-60-6445', 'lberthn7@ameblo.jp', '3817c610ff450062ea854218a5af9baf1c0fc3eaeafa147aa72b541e64f66464', 'Lennie', 'Berth', 'male', '1959-10-19'),
('424-81-8687', 'lstarzakercl@soundcloud.com', 'afa81d226e86c9e37d55e5d60a4fa08929b16a051119dfa93af4ada2d1bf841a', 'Lindsey', 'Starzaker', 'female', '1990-05-29'),
('425-01-1885', 'aqueyeiromw@elpais.com', '2be1de58886f78f65c51053d291686da94a79e197c76b47007bbc3c4a61eda5d', 'Alric', 'Queyeiro', 'female', '1972-03-28'),
('425-19-2062', 'ktolchardex@bluehost.com', '3d9ae474f5bfc7bfb4a43536cacbb6abf397f841bf7734fe1ee9d514acddbe28', 'Kylen', 'Tolcharde', 'male', '1959-07-21'),
('425-21-5198', 'kbrawsonat@fda.gov', '52b1c195f9cf89e5c297104dc672f7d9ebdd38d62b86b0f46830cc50d660bc83', 'Kyle', 'Brawson', 'female', '1979-10-06'),
('425-35-0265', 'glerem3@dell.com', '5bce48168f5ebb790fac9cd87c85172b4c009b3a595eabeccd169f834c303c71', 'Glori', 'Lere', 'female', '1957-03-16'),
('425-54-6038', 'nwortmanc2@theguardian.com', 'ca1c2e2b929d7d1ecbdea8e30ffeca50a4e9b1054fcaaee2c85fbf8ec79b074f', 'Natty', 'Wortman', 'male', '1992-09-09'),
('425-70-0255', 'eferriespf@symantec.com', '33a8dd6484b2862ba6d12668cb163bb42c961ae4ecdef3dc355a461d8b4e8db3', 'Engracia', 'Ferries', 'female', '1982-12-22'),
('426-35-3632', 'akiefdo@odnoklassniki.ru', 'cd53bb5c604a86d461ae62d764b023f485dd4626dbb9ccd81e6a5cf73b21fb9c', 'Alvis', 'Kief', 'female', '1954-12-30'),
('426-62-1490', 'pstivers55@ihg.com', 'd9ed00ce3d36a97660ec94a0c3e8fc5af1b88ec4707401141f78ef04a21dc138', 'Peria', 'Stivers', 'male', '1990-08-28'),
('428-72-7411', 'gwhitehurstkp@elpais.com', '150e099d2c7d0661ba0d87cd30313d27c9c6cb2a4f59263e6a2208ba36de2f45', 'Gweneth', 'Whitehurst', 'female', '1997-02-12'),
('429-20-0478', 'lbeckinsaled5@pcworld.com', '57dcbf06e3b5d7bcd2cd1b98baefeaa31dba15cf2c2158413cdf009a116f847d', 'Leon', 'Beckinsale', 'female', '1964-12-28'),
('430-05-5942', 'rcoppockgm@themeforest.net', '4c207676c62eb7e2db24074183281979f2c62fd40248b6344494e8d671032efa', 'Rochette', 'Coppock.', 'female', '1980-09-16'),
('430-16-8532', 'mschulzh7@dropbox.com', '7b26920e4dbad95580353b634b704e96787373efce93b18e09483f8665e06dc2', 'Muffin', 'Schulz', 'male', '1979-04-01'),
('431-16-8238', 'gpury8q@deviantart.com', '2bb6a9a5e3a8f77c325cb880848ef57fc2f0d884332bc34d4cc9e2012bdbf1c6', 'Guenevere', 'Pury', 'female', '1994-11-28'),
('431-32-9368', 'mbernardi2w@sfgate.com', '804150f6e7093341ea3cbddf49be33e3030e07b394b0ccef078658ae8df58f7d', 'Marleen', 'Bernardi', 'female', '2005-04-14'),
('431-42-8287', 'rbarkhouse5g@jugem.jp', '38a844ad3dc4b2e97b329a8830c5c0430abe7e3b9a1e7279922e43cabd8d8c56', 'Robinette', 'Barkhouse', 'female', '1986-09-29'),
('431-81-3253', 'askonescx@ow.ly', 'f49c081dbcb5048641ace65fc32f772f14ac922d337cea72ab80e39adf665808', 'Ammamaria', 'Skones', 'male', '1960-12-30'),
('431-97-8443', 'jchildrensm4@ibm.com', 'e27c70a54dc87e7ceb3bfff551d7fa6b83d33a1efac1c98ee52360b4d20e0a10', 'Jeannie', 'Childrens', 'female', '1961-12-13'),
('432-17-6991', 'rlorrymanom@kickstarter.com', '20da6a42d4d4c6972789538905e78f2138591d5515c34e5b648fcf53ad712864', 'Reid', 'Lorryman', 'male', '1953-03-02'),
('432-20-7212', 'gvaissiere3i@tamu.edu', 'd56a329558aa787eef40f60909b0adb3098f0f94f957e9bee72d772cdbdb544c', 'Gerri', 'Vaissiere', 'male', '2004-11-26'),
('432-35-1103', 'vekinsrb@people.com.cn', 'c2ea2230869ab4907ccb99c50148b2cf89ceec5d34bdee3024722473e7890c99', 'Verge', 'Ekins', 'male', '1982-11-13'),
('432-52-3170', 'ckiddlef7@wiley.com', 'f37389aa3cbaee2f1b692b1690f08e9a8c00ff2838fd4ab68cd944f7af95e583', 'Colet', 'Kiddle', 'female', '2001-02-23'),
('432-57-5814', 'mdolleyqt@posterous.com', 'bc5e488c437d0497715e51dec12822de64044059f688e81c77dd2f6062d493db', 'Merna', 'Dolley', 'male', '1959-02-26'),
('433-73-8151', 'gstendell54@techcrunch.com', 'c921a705787ef982e99f8d6608fafc3119d3e84cfcf64148b5f2f250b4d6ef12', 'Genni', 'Stendell', 'female', '1973-07-02'),
('433-90-1248', 'kgood7s@japanpost.jp', '756d6df4a3f8702329b4093ab6cbe7e69eaa7ef62151de8001311e229bcf53d1', 'Karia', 'Good', 'female', '1998-08-11'),
('434-05-1317', 'jgerberi9@unesco.org', 'ef00a45406c23e3449246d36eae15527618d2afdb1b891cd8da04c491eb14cb8', 'Joela', 'Gerber', 'male', '1997-09-02'),
('434-43-8049', 'nmclennanr5@ezinearticles.com', 'a5b3f9ace9b99eadb33953db913ff2c95792c0c58c331774dd941d64eb210414', 'Nicki', 'McLennan', 'female', '1992-12-07'),
('435-19-9893', 'gtunney1u@uol.com.br', '72942c17c3fca095c5bd79ad94baaf5f13ecfdcca1eb0ffda72abd17d230440e', 'Goddard', 'Tunney', 'male', '1956-06-02'),
('435-78-2413', 'togusnz@ocn.ne.jp', 'ac4f02509bf0c41cb975b2fc99f10d6092ef9e5696046ee7454b8408d76e8177', 'Tabitha', 'Ogus', 'male', '1997-10-23'),
('436-42-8650', 'elindupmy@opera.com', '4fd5d8582c671825d217b6397caced338c7efddc3d20b911b2e0c89c415e2e63', 'Elysha', 'Lindup', 'female', '1992-01-13'),
('436-64-1040', 'mlathleiffurefh@admin.ch', '5ad6558e61f03b947d8cb4ff7ae49419ee5d2844e1c4e9c05a10c4cc26aab8cd', 'Myrta', 'Lathleiffure', 'male', '1993-06-16'),
('436-95-6499', 'hritter8r@google.pl', 'a37bae27c5b84e5c19cbd5b40cb7601f6c5bcac8150e3fda475d248d6df7dfe5', 'Humfried', 'Ritter', 'female', '2002-01-19'),
('437-01-8495', 'zwadhams78@edublogs.org', '43d21254f7d7140b41f3e89e5ca5ab5abff900108d5732061d18f22141013908', 'Zonda', 'Wadhams', 'male', '1979-11-23'),
('438-51-9524', 'aruggierih8@nsw.gov.au', '9fe39c1f10d944ff36ed3f4bdd7d0022a578f4ad3cdb8b1297497e896f61f5e7', 'Anestassia', 'Ruggieri', 'male', '1987-09-08'),
('438-96-5024', 'lsandercockpk@wufoo.com', '7dd0d4e1ede7865121be3418c9493d4831994a8c9f9cddfc069258545de7c064', 'Lynnet', 'Sandercock', 'male', '1992-07-08'),
('439-84-6863', 'gfardy2a@wp.com', '95f330e1baff5e165af1d7562e6a27e1f814ad42b1f9381557942ba537ee7b31', 'Gusta', 'Fardy', 'male', '1996-06-02'),
('440-64-1426', 'csaffillau@quantcast.com', '6514f01cdd9c5c9677088910b350c21f56b985cd9e0815842074415431a1edb7', 'Carey', 'Saffill', 'female', '1967-08-13'),
('440-99-9702', 'udybellku@dedecms.com', 'fb017043437285ad2fdb4aff44386db99cc07262e2c24b954219927a040e8205', 'Ursala', 'Dybell', 'male', '1958-08-26'),
('441-35-2127', 'mvigar5v@ycombinator.com', '51dd712a1a3c38f1b572182692432bd5861b26fcecbda9fe86a31b7071f4c2bc', 'Michaela', 'Vigar', 'male', '1961-10-23'),
('441-41-1761', 'blimmerfy@wufoo.com', '9dafa6128513d1fb08c4e40a3e077568756f2792957e893a0e71a8acc06ab727', 'Bing', 'Limmer', 'male', '1969-08-04'),
('441-74-2740', 'jkoppelmann3o@bluehost.com', '987d859aba76e6348237c7e66f6d56f11f9727e45e52d58f2f35dc036c6f71e2', 'Jephthah', 'Koppelmann', 'female', '1951-03-13'),
('442-84-2934', 'beckb3@walmart.com', '18923d8363e273a4eb9c8c6bf01a0fa32e5df32da42ebb7065101e961b3d78cf', 'Blinny', 'Eck', 'female', '1958-06-23'),
('442-86-1284', 'rfellgatec1@chron.com', 'db6996a0b857b502b6bccdcd14b2999c102dd80ef56c6753fce18ca21c8d7c2f', 'Rani', 'Fellgate', 'male', '1965-08-29'),
('444-16-0959', 'tbrabingu@rediff.com', '6466a884b796c88f4f525d19803710888ccd1a179791138a3bbaa5882e0dc029', 'Terri', 'Brabin', 'male', '1994-11-19'),
('444-47-5938', 'kportwain63@shinystat.com', 'b824018d2de7a1ecc562077494001ed15acedbec5d0664588dcc7d90b587b75a', 'Kizzie', 'Portwain', 'male', '1953-06-29'),
('445-35-3839', 'cmenilove2@rediff.com', 'd56e2ef0fd79b41134b312df02a3ae1f1acfffcf5687c0934cc9215ecca4fb78', 'Camala', 'Menilove', 'female', '1984-11-01'),
('445-55-1230', 'lkondratowicz5z@hao123.com', 'dd6c77467cdf572679af4f177c82211def0fe805135a891f41938ea4a56cb2a4', 'Lizzie', 'Kondratowicz', 'male', '2000-07-11'),
('445-73-4974', 'apeppineo@tinypic.com', '00c993c664502c99654f08323157db2a4e94278d9eadb3fd9baab83f63bb09e8', 'Amie', 'Peppin', 'female', '2004-10-10'),
('445-74-7964', 'btyersc0@sohu.com', '014ae4c9d9fdb78be365bae1f94d1e795574a118f42e3debadb4eaf5675a5317', 'Bridget', 'Tyers', 'female', '1989-01-29'),
('445-78-7130', 'ccubberleydh@wiley.com', '5c1b602b078844c51251ba11f1c2ece490e91f7b68874b5d8e040309aaf3ff21', 'Clim', 'Cubberley', 'male', '1965-11-24'),
('446-14-0262', 'gquig1i@prweb.com', '7fd8dfe9e3c3d7873973185b29282eb7afbce4f3734790233644c84a021ba2f2', 'Gertrudis', 'Quig', 'male', '1991-01-16'),
('446-91-0723', 'aslyford71@nature.com', '40367a0d123e9cea21b00e332f2a8730e50c381e2620f374c931d168e214d052', 'Anastasia', 'Slyford', 'female', '1975-10-21'),
('448-96-3412', 'msummersonbs@buzzfeed.com', 'd2c846c2801ff7675e6fa8df04d3b1ce6ccef23f7209dde88d534038453521e3', 'Martelle', 'Summerson', 'female', '1983-01-04'),
('449-80-1213', 'twixld@networkadvertising.org', 'adbe0d4b9fb5771bba14df43121bbcd00a69532f4ffbcc6387bad75eefde2be1', 'Teodorico', 'Wix', 'male', '1999-08-04'),
('449-91-4537', 'avasenkovkr@miitbeian.gov.cn', '9a9dacf7bdb55bf4d8ec5efb27f2b207137d0fb8c91c66a7357d3ad782cc76c3', 'Armin', 'Vasenkov', 'male', '1966-03-29'),
('450-07-9610', 'smardell2j@livejournal.com', '82b553a0ed236437062f0b4db2c507dcc721f862268d4769f63140658ee6c507', 'Selle', 'Mardell', 'male', '1981-11-05'),
('450-35-7704', 'mloughlanka@printfriendly.com', '08ff3a2e563b7ddb7b58aab9dc1ea39601e1256c4eb87100d488253131b3f3e1', 'Maiga', 'Loughlan', 'male', '1995-09-25'),
('450-57-4676', 'mcapelinght@shop-pro.jp', '4cd65eebbc25c1b91b090a4cc2b325af7822ec4cc1d8b233e289410c14797c59', 'Marcelle', 'Capeling', 'female', '1977-12-26'),
('450-82-1380', 'aseillerbe@youtube.com', '6a9dccaadbea9607305b5b6ecfb9a3f574ccffb335c011bec5335c8e7e8b02db', 'Archibold', 'Seiller', 'male', '1988-09-28'),
('450-99-2719', 'braggn1@cloudflare.com', '92c54cee0699b6d331e8c4751a30593c22a7613c618a94b8dbd2d18ef994e55d', 'Baxter', 'Ragg', 'male', '2003-05-08'),
('451-06-7152', 'mhannyp4@zimbio.com', '242248cc60272e6ff94cd51b0f4314addebcebce652bcf6dcace74e5d6125d04', 'Malissa', 'Hanny', 'female', '1951-05-12'),
('451-23-4243', 'lharrowsmithal@domainmarket.com', '248621ee41fa0207f3cb19b175e515d0c53123dd2f2801bb74d565eeebc60d5c', 'Layne', 'Harrowsmith', 'female', '1982-11-20'),
('451-23-9048', 'lboddy7v@sohu.com', '39ac28e0110314b691f0360d630ea74111b3aafdb9bedfa6a77e3accacb39211', 'Leela', 'Boddy', 'male', '1994-06-07'),
('451-32-1973', 'rforok@prnewswire.com', '53569587f5cca39c5d7eed1850b55aa29973ff81d41988073b0f4649f980f1d1', 'Raff', 'Foro', 'male', '2002-10-11'),
('451-57-5903', 'wrennebeck4v@hc360.com', '9ed20ff76a03c3ed67d785f4d0039ef09586e4f41a3b862670a5bf3c8a44dfd9', 'Willi', 'Rennebeck', 'female', '1956-03-10'),
('451-63-5488', 'rlutenpv@bbb.org', '37755e8950c405fd6616d4fe379489695695c9e084a00ba53df3cd4202cdde1a', 'Robbyn', 'Luten', 'male', '2004-08-07'),
('451-73-7602', 'zleiboldc6@dagondesign.com', 'b4e13c3a1419489fef169f2067d16a2d10cc873fe7f5ac8f6e231a663645eb5c', 'Zara', 'Leibold', 'male', '1951-08-13'),
('451-77-6544', 'arowlett4e@wikispaces.com', '89d2182ffb3acaecbc4517b20eab69cf31fa226a26ff82ca6c58851df2fb6af3', 'Allsun', 'Rowlett', 'male', '1975-06-22'),
('451-81-9101', 'llunge26@google.com.hk', 'e8b3b9dacd87120f4791e3c24459b40788fec73426a3515c609343d71f929508', 'Lorenza', 'Lunge', 'male', '1976-10-26'),
('452-06-5236', 'bondrak14@accuweather.com', '48714d98f7bd2b8e9e7ca3ce3df5f138c1754e06ec9a7229f529d6458ef9407b', 'Benjamen', 'Ondrak', 'female', '1999-11-05'),
('452-65-5997', 'fcockshotmf@ustream.tv', 'ed554533d43b155998645c6026462b77c8926111ea0cc265defce9d0bb194205', 'Farrel', 'Cockshot', 'female', '1968-03-25'),
('453-01-4331', 'jbaggottic@scribd.com', '62a1e788c8bf7188394ea310d8cbd1622d56f23b479ab0ceeb1a0792c4002e9d', 'Jerrie', 'Baggott', 'female', '1956-06-15'),
('453-68-0104', 'opavlasekfy@liveinternet.ru', 'e7cae34f130f4f65ee91d4f7bd6aa4bb357c100bf035a422092b766b467c5531', 'Orlan', 'Pavlasek', 'female', '1983-01-07'),
('454-08-9204', 'btomblinof@google.de', '852ff58d6011ba644a004de767fb66f0f50dd6cbfdb8550828b787d7ff019d6f', 'Barth', 'Tomblin', 'female', '1952-04-12'),
('454-41-7549', 'abetancourtce@geocities.com', '1ef69d0939ae3f0593661eac141fe0b3917ce2cb2c2919e80ffa5ecfd96b4881', 'Amber', 'Betancourt', 'female', '1966-02-11'),
('454-42-1510', 'ltomadonir8@elegantthemes.com', '23c999dd4b0fd28669b6d7cad2b103dfbdff11f51a8540ca2cb135b1f53a1da7', 'Lorenza', 'Tomadoni', 'female', '1969-10-27'),
('454-46-0906', 'rwybrow3m@nydailynews.com', '8e8514d1cd0a18d238886cfc1db0a688a42b39f8f5c81734c2e29e495d1d5314', 'Raddy', 'Wybrow', 'female', '2003-05-17'),
('455-51-9442', 'febralli1@t.co', '7358094efe27a56258fd389ba105798e79c5c4c721e613a75dce470cbe90a1cd', 'Flossy', 'Ebrall', 'female', '1970-03-15'),
('455-73-7943', 'ldrakersec@tumblr.com', '50135e2deb37b8ae15d7453e03230cdbee4649cc4aaa8dcbb25d54514b63141e', 'Lizette', 'Drakers', 'female', '1961-10-20'),
('455-80-2736', 'fabbitt79@macromedia.com', 'a44a92525af069ca10fb9dea52eff2082c63fd1b7c24533f54ff92d92cfe9dc3', 'Freddie', 'Abbitt', 'female', '1976-09-01'),
('456-25-7362', 'wgossemk@intel.com', 'be8fccd1fc192ad1de430e4f87f88a902402fae35527a649901a5e84a5e7ef9f', 'Waverley', 'Gosse', 'female', '1970-11-28'),
('456-37-2721', 'jwinslett44@51.la', 'c9e7e2f08ecc9d0961d0c41513cb3be457b77bdf90ffb133655294c59d8cf0fe', 'Jacinthe', 'Winslett', 'male', '1983-09-13'),
('456-99-7580', 'acornwell28@blogger.com', 'd7b2fa0b91f14943f025426de3c2298ca9486f85432ca6d87b19b975d0e13282', 'Austin', 'Cornwell', 'male', '1966-09-23'),
('457-12-9280', 'jschabengs@themeforest.net', '5055c68915d2f0893ed77757a4a4bba29cfe5e9a531d59c533246f21160753b0', 'Jarib', 'Schaben', 'female', '1966-06-04'),
('457-13-0933', 'mphil44@marketwatch.com', 'df8d21f9065e721bdcd99081946ed2fa5e7dcd6de1fbf030bbc4866137c2f1c0', 'Milton', 'Phil', 'female', '1958-02-27'),
('457-37-6128', 'adoutchav@ning.com', 'c4c8ae51b0a5615251aa7b70a11e2124a1733b3668c3bacee6c60bb9109f610a', 'Arlan', 'Doutch', 'male', '1996-04-26'),
('457-38-5550', 'smogfordc9@ucsd.edu', '084fb31e374d75f8bc04d86bf7a4d28bab519f1f505389a163f8a9b834bcb44c', 'Simona', 'Mogford', 'male', '1967-01-08'),
('457-82-4024', 'wwhittetnb@usnews.com', '5002b11d7f93a289c5a29acfa4458c0184c0e697d8ca634499d6aa50a00cc4cf', 'Wren', 'Whittet', 'male', '1985-02-11'),
('457-82-7343', 'cbalsdonn4@over-blog.com', 'aca06ed330e435daa3c553447458d0d3d3a318052494856f06211ba44e710883', 'Chadwick', 'Balsdon', 'male', '2005-01-05'),
('458-75-6032', 'gbetchley1w@reuters.com', '2b45d194b2d65614375878d6cc5dd9f380ac4012a4b9275fbf39fa268f934e5f', 'Gavan', 'Betchley', 'male', '1987-12-29'),
('459-14-1162', 'wmaccaghanoy@meetup.com', '51f6341079ac426057daaeeeefc20d6281fa9133f49b7af97e2045397d33a23d', 'Westleigh', 'MacCaghan', 'female', '1958-07-23'),
('459-34-5021', 'sdutchburnfv@stumbleupon.com', 'fa160a77b1ba365864c0e4eb1145cfb4f154f18330f01f16dd2f64aa160257d9', 'Stevy', 'Dutchburn', 'female', '1992-01-15'),
('459-55-5490', 'rhorry9w@yellowbook.com', 'baf2c0ad03f9a62763d3afbc679f0c48c8068af6d910e5d9b70e82d60a7cc905', 'Rochella', 'Horry', 'male', '1963-04-09'),
('460-37-3098', 'arhodes6y@wired.com', '456469b9ef0a9bd6cd1cbb6e50f73eae5982150fc76ce87d09b6714a7db795b1', 'Ardelis', 'Rhodes', 'female', '1966-08-11'),
('460-63-8424', 'fmaccolgan6g@google.co.jp', '46dbe7b7a35fb76c2206107dfa0aa88c3d317e34e219411e27865ff881ed01ed', 'Felisha', 'MacColgan', 'male', '1999-06-22'),
('460-98-6093', 'cgouldstrawaz@wired.com', 'c36abb4ad893a44adf8ba418e7d62b809793aed39adda07e2bdb4749131775ac', 'Constantin', 'Gouldstraw', 'male', '1983-04-27'),
('463-09-8446', 'pbillings12@businessinsider.com', 'e961bebf5e37915139fa4f7a990ec35c3f43cfd41c5f388e0b5291445db8863e', 'Phillipe', 'Billings', 'male', '1963-01-15'),
('463-38-1101', 'gspaciep5@mit.edu', '988705b08f6df35d63c5db9d53df0a09bc298fb093251c08df787a05f4bb2af4', 'Goldia', 'Spacie', 'female', '1991-01-09'),
('465-54-0898', 'bloddenaf@dyndns.org', 'a725575e11624157b736c7b15b5bf6fa5935922e6e1961538e7f16d2be8151ef', 'Baillie', 'Lodden', 'female', '1963-12-29'),
('465-79-1765', 'slundbergk5@nbcnews.com', '714e571e78379c3b9a6b8d0976ba3cb8af93fb62352205a0dda966acc795b3ca', 'Stavro', 'Lundberg', 'male', '1990-08-24'),
('465-86-7503', 'mpendleburyff@aol.com', '262e1a07a3848de09cb391317517453dfabb640a60fe05d3764cc9b0a768b0aa', 'Mariellen', 'Pendlebury', 'male', '1982-01-13'),
('466-25-0078', 'cheberdenh7@springer.com', '6622dd82a9cebd70dc72990a202b3ca142cf6dfe133976f22b93e4c03791c238', 'Chucho', 'Heberden', 'male', '1994-02-04'),
('466-69-7958', 'mgrierer@google.es', 'aaf8c0e459e023e2b4571445cc4fcc9b66c1aeb7e39a450c4cdf8cdd8fb7b42b', 'Marylynne', 'Grier', 'female', '1957-11-29'),
('466-73-7683', 'kokelly4q@ebay.com', 'a1e3aed4643a6809111e15133aa3a3d59cd329074803aae6c9249d50f0d44eda', 'Kath', 'O\'Kelly', 'male', '1965-03-23'),
('467-01-7184', 'dwymer4a@telegraph.co.uk', '0791cf3d6ac05e9a4d544f6b187026eb0da9a88fefb55b842ee15d1d7c597fa3', 'Dante', 'Wymer', 'male', '1981-07-06'),
('467-07-8767', 'rklaespa@51.la', 'd9fe759ee9c5ffb659f2ee4342fee49be1378ea4d81c510b2e796f473fab15ae', 'Raynell', 'Klaes', 'female', '1988-12-23'),
('467-09-2476', 'hgayle7e@abc.net.au', '27120f9c330f9e6559dc8dc2e6e2d7005186cde98d12f914c448d6419805846f', 'Hamil', 'Gayle', 'female', '1998-08-29'),
('467-56-8301', 'jstoffelsh6@yale.edu', '6711c1e3630118e6589c70b16f34d90deef74fbca9f2e27c6b29a3b312454776', 'Jsandye', 'Stoffels', 'female', '1976-03-22'),
('467-71-5567', 'sduding52@networksolutions.com', '9b6dffa594410835c95c3e7d8b5da40856eac8881a252159fc2f7f77d12ab456', 'Shaine', 'Duding', 'female', '1986-05-13'),
('467-79-4629', 'hikinsaq@webmd.com', '19e460f5fae7411524887276362137ea2743cee7ddf8c08e438423391dceece8', 'Hulda', 'Ikins', 'male', '2003-01-24'),
('467-98-4939', 'dcallingham6@buzzfeed.com', '7437ef655daee8bb92e2d2f001359ae0f66c3adae735ddf3f3750c9fecff6ac5', 'Dolf', 'Callingham', 'female', '1956-01-29'),
('468-21-4616', 'jmichielad@ftc.gov', '47096c304fa1735b192516d1a80d88d85a89bf6fbe9fc75451d6330f4aee688b', 'Jordana', 'Michiel', 'female', '1995-09-09'),
('468-43-4167', 'espeachleyas@hhs.gov', '7bf7f8d45063455928e729dcb408aee15de5c6d7f15dfb93d5fa4c1829a95574', 'Elnar', 'Speachley', 'female', '1957-09-07'),
('468-91-5889', 'gducaenlr@nydailynews.com', '26a807aaf4dd3ff95f53a8d39911fbc1b1428ed3082e1137fc4ac380be77e2b1', 'Grover', 'Ducaen', 'male', '1967-08-06'),
('469-49-9865', 'fteall8f@google.fr', '05b29abbf3ea227c9a9e7245a3e4b87b59894f20769887a25ed13e61165462aa', 'Fidel', 'Teall', 'male', '1954-10-06'),
('469-74-9770', 'cmaccrackan45@xing.com', '6dae7bcd1e321e7c7fb2d4bba2d4413485ebe7fecb14112b279521048c18f3df', 'Corbin', 'MacCrackan', 'female', '1987-10-12'),
('469-93-9182', 'ocharrettejx@china.com.cn', '77a6eea82069490ce30e3dc2529bbf1054393cf65cadcf69ae320a37da2c9175', 'Onfroi', 'Charrette', 'male', '1953-09-23'),
('470-79-9698', 'mlandsboroughjs@ask.com', 'ca93edec2c5c02c5aea7f9574d5d545f06732ad5c65b29ed40f5b2d218a43c5b', 'Maryrose', 'Landsborough', 'female', '1990-07-21'),
('471-45-2246', 'amawford31@chronoengine.com', '054a3d0e103c71d4a544592e01e30016b0f622397adab9367400d7d22d7ae38d', 'Addy', 'Mawford', 'male', '1979-12-16'),
('472-13-1344', 'rlondors8c@booking.com', 'abd765d772f0d93683d59b577208aa5f9da95aa87b4499bf15f39e6f2b602a40', 'Ross', 'Londors', 'male', '1979-09-13'),
('472-33-4608', 'aeklessjp@a8.net', 'aa029e46d7bce6a14f5521a70ed131055bfbc5095e224c714975b15a551f9d22', 'Andres', 'Ekless', 'male', '1954-07-06'),
('472-47-0680', 'ppidon3t@ca.gov', '1aa28f4b9e222cefa737212a2a4a91156586486f258f854f9a12e8767fa8b504', 'Peder', 'Pidon', 'male', '1995-05-21'),
('473-64-4360', 'mphilipot8g@dyndns.org', '3ddac92c6d44fd95116e893a2348de27948c87c594af1149fe40f68fc7fc6da0', 'Merrili', 'Philipot', 'male', '1991-02-24'),
('473-90-5942', 'jmckevany23@google.es', '0a61e1c862b754b6d3027a79b39a7869d172871c44a6f0b77878ab51c966ec90', 'Joelynn', 'McKevany', 'male', '2001-09-24'),
('474-27-7578', 'mbeedomnk@instagram.com', 'f67e4e958b02f97758494bd9fcfb7b1f0076129dcb1e5780d1f0604b8b31af48', 'Monroe', 'Beedom', 'male', '1991-06-01'),
('474-33-2932', 'ldunbabinlm@mysql.com', '5c9ed268bea412406d37c10eed50d03f6d62a6b061fa5850b37b48cc83920303', 'Lyon', 'Dunbabin', 'male', '1955-09-22'),
('474-74-1685', 'hlightbowne6i@flickr.com', '640bd139e962993f92179a2f45d1c8e15f51568ee5042863b0a42483eaae1015', 'Harry', 'Lightbowne', 'male', '1972-01-11'),
('474-93-1509', 'dderycotfw@nsw.gov.au', '586a2c1a91f24e1da80ef73607595c91d251d4adeb8954dd3299e83e863272d9', 'Davidson', 'Derycot', 'male', '1991-07-28'),
('475-72-9152', 'hdunnawaycz@chicagotribune.com', '692ac179bb1cca9b74402b2f96028f310a8280f9b5b962005af9e124a201563e', 'Hilda', 'Dunnaway', 'male', '1994-12-26'),
('476-15-2697', 'egeistbeckdz@surveymonkey.com', '31c91e17243977f21efc36f068a82fd16f099ce13ac3d490b8a27f33ecd407f6', 'Erminie', 'Geistbeck', 'female', '1960-12-04'),
('476-55-0160', 'jsigartod@intel.com', '0d0f521d050690bde64c5d8f1a29a97ae5dc29fe6a2c9346226c586e7e947198', 'Julie', 'Sigart', 'male', '1974-05-28'),
('476-59-6729', 'kmarkwickg0@bizjournals.com', '92771c1f572c6aa076105d99ba3d3383e77d9e98f94bc2ed886cc02202a8963c', 'Kathryne', 'Markwick', 'female', '1963-10-30'),
('476-62-6662', 'athamecc@slideshare.net', '98ffead08b5b57890ac233e4bc2270f3a3570884827c81664de83df844909911', 'Aguste', 'Thame', 'male', '1970-09-25'),
('476-72-6066', 'bacomef3@statcounter.com', '9c6a98c901a7ad0e8ff7008ff30882db585ac27e311da36d06725c67a9d3406b', 'Bernarr', 'Acome', 'female', '1951-01-17'),
('478-30-3551', 'lbanke7p@mapquest.com', 'c8edd87eb2bef7ceaf6fc9f48d3e491f24608c4411367ded120a7dde2053297f', 'Lezlie', 'Banke', 'female', '1984-01-03'),
('478-79-0183', 'dhechlinih@europa.eu', '3b05384ba05e05665725233ce0f40e85c8f2386f4f6fd74d5f8e48c5f4262d6e', 'Darla', 'Hechlin', 'male', '2004-07-31'),
('480-16-5021', 'twillderrc@homestead.com', '4b17074791e1ba5087c73a7aabe67bcba4b98c5ee232325602d1fff65dcfe7de', 'Tasia', 'Willder', 'male', '1956-06-14'),
('480-24-9450', 'misaqkd@arizona.edu', '45c683505fb2eb20297078989a45bc7b6f5d923135244ed5f7debb60379e1a1b', 'Mira', 'Isaq', 'male', '2002-04-15'),
('480-43-6165', 'wballisterjk@over-blog.com', 'fbea0e50d9eb816714f7cae2bac4c075a0ef3cf6fbac4d97b2388a7c46be0227', 'Wendel', 'Ballister', 'male', '1962-05-07'),
('480-65-5012', 'gbafordbv@reuters.com', 'e4a6b7e0670383b0e928ad5ef2a4dcc28c05512a9050df4b6e029d43038b94c8', 'Gabriello', 'Baford', 'male', '1955-12-20'),
('480-83-4760', 'ctewcp@cbc.ca', 'c21707d50ae17db1feb04ebb0585bf137b5756be82417662a7ff4b7a0dd5a2df', 'Clary', 'Tew', 'male', '1960-05-09'),
('481-81-3680', 'cvanderspohrlx@photobucket.com', '01c2c809dafa202abc0a51e087df6be158cd2b1f4b16c08e8dde0fbd81426b7a', 'Cornela', 'Van der Spohr', 'male', '1958-07-04'),
('482-26-3919', 'fadgerj8@wsj.com', 'c55ad9ea6fcc043e6d702f35592c6ae373304f3907a38e3103786f542291287d', 'Francine', 'Adger', 'male', '2001-03-29'),
('482-73-0698', 'rmacfadzeangh@free.fr', '5122f92423ae92310975693c01c8503c9aa1bbfe24ba9015377433105092251a', 'Rona', 'MacFadzean', 'female', '1982-02-13'),
('482-89-1408', 'whaggatagg@1und1.de', 'f0a43266f33457997facfaea765e3273dddcbbd8076a68de85bb129933cd6a63', 'Wes', 'Haggata', 'female', '1968-11-30'),
('483-02-2191', 'bcallowaynu@tmall.com', 'c4cf7c082968eedfcf90c773b6850e1157e94c93417c78d3ee3c9ce0fea95934', 'Blair', 'Calloway', 'female', '1955-02-18'),
('483-30-8763', 'gblackwellnh@blogs.com', '06b228524045d10db6eae935b332ce8d3b9dd91528929c133dbf17d3534531b7', 'Gearalt', 'Blackwell', 'female', '2002-05-15'),
('483-43-9848', 'dprobarthr@mlb.com', 'e16aa4c9aa4ac6bfe4d00afde8efe885fbc67d4ac111b5148fa0d58af39601a7', 'Danell', 'Probart', 'female', '1963-11-05'),
('483-78-9589', 'fworman72@oaic.gov.au', '272c8400c4c9db6d90a781463037f4a6cb7c0a797a994e69c22c518e3f32b7f4', 'Fairfax', 'Worman', 'male', '1969-02-10'),
('484-04-3221', 'esheaffm@dyndns.org', '3913a3f7d378d14fb377c9f600259ffb329d3ab3cdf64525d559e0d6eb96c52e', 'Elyn', 'Sheaf', 'male', '2003-02-20'),
('484-66-4681', 'btrumpr0@accuweather.com', 'c8fb1d5c35c1400cca3bf2c529986c3d93878718e4a5faac7c1fe838497be2f9', 'Birgit', 'Trump', 'female', '1952-07-25'),
('484-78-2783', 'cmaltfe@alexa.com', 'b5ccb9222342f7247c1dfa9fc6ce8e9fde6d34f9a09c1567262097825d0e3790', 'Chester', 'Malt', 'male', '1975-07-22');
INSERT INTO `persons` (`ssn`, `email`, `password`, `first_name`, `last_name`, `gender`, `birth_date`) VALUES
('485-40-2090', 'vtwiddleie@sina.com.cn', '88d75e325a93385da01431f4f209a9344c4c20894aee3917ee8dcd3846d26b8c', 'Vivyan', 'Twiddle', 'male', '1952-12-02'),
('485-60-3477', 'ctrenear57@washingtonpost.com', '0221b0edcae063b22bb742df509a2d512e4c91c0c2262e0da5aebb56c7fbd68e', 'Cliff', 'Trenear', 'female', '2002-12-10'),
('485-63-9973', 'rivins9e@wikipedia.org', '1aecaf41dccd4381e1e11512fbc06302f8b0d03d9c3296ec57b870d04cb9c4ef', 'Rikki', 'Ivins', 'female', '1971-07-12'),
('486-46-0533', 'imacneishef@moonfruit.com', '3cdb160a666ebabd373b53548da21b7bdfc5e9f11aeda2d51598d844a993b757', 'Isidora', 'MacNeish', 'male', '2005-01-06'),
('486-51-7401', 'sgoalbyho@moonfruit.com', '7d16ec19cfac678822f4af1d83ba3fdd339d346b568098a041d9edb12e55604c', 'Sue', 'Goalby', 'female', '1984-12-03'),
('486-89-5167', 'cmaulkinet@webs.com', 'cbca42897aa26686c0fb5c9d8935b6dc12729b5fae0f9e35536ba4eaabb0abcb', 'Casey', 'Maulkin', 'female', '1969-12-21'),
('487-06-9083', 'sbleuefd@spotify.com', '0ffc5ccab2e5ad4a99a9bd2a4a30f954fd869e0ba0361db2f0cd1807bc24d7e3', 'Stu', 'Bleue', 'female', '1968-08-06'),
('487-11-8367', 'rfraryai@odnoklassniki.ru', 'd5ad9ccacab5d677c993a48df7ad4c0d2be76899ef472b457a55eb313d3e261a', 'Roderic', 'Frary', 'female', '1987-02-16'),
('487-87-9620', 'trickassele@usgs.gov', '45fcc75862d49696203cb7b851ab1359b9d09903537483f6176d185490268a66', 'Tam', 'Rickasse', 'female', '1971-10-14'),
('488-14-7157', 'iweighf0@walmart.com', '7152f1c507d174f4b937b0a0cd891af20eca9ddcef832a5a8aff22f7666a60f8', 'Ingra', 'Weigh', 'male', '1961-03-08'),
('488-63-3000', 'etrinera6@dailymail.co.uk', 'b6b0c6c8b721728b2eb74ba08ae2c1e3495cc4eb00e43b9161b7c46a1709724f', 'Ellissa', 'Triner', 'male', '2001-02-16'),
('488-86-8889', 'rryman8l@1688.com', 'd3b6105a9f9f48eab32adbb35175072bdf9b6693f56ab81d4f3470b3296ae506', 'Rabi', 'Ryman', 'female', '1986-09-09'),
('489-19-8767', 'gbartocci7v@nasa.gov', '77470c58f94aa184a1c6bd440e9dc32f58b72d4e013b4499bdc3d090650fd57f', 'Gwendolen', 'Bartocci', 'male', '1958-08-18'),
('490-19-0344', 'ddelaspeeli@economist.com', 'a3fa68de627ea9ba5b1f7478196a3aa58eeffe9c723154d7e0fa71f5d485871a', 'Del', 'De Laspee', 'male', '1990-03-28'),
('490-50-6131', 'vmiddlerkn@prnewswire.com', 'ddf96705559f9f382819ecab23776e61fc3de8690127c4c3edecd6b5efc16cf7', 'Valdemar', 'Middler', 'male', '1980-06-29'),
('491-31-1783', 'kjime4w@nih.gov', '3268283d8f835945a5e269ea55592e5159be0443a90cf308daf942e16931b97a', 'Kiah', 'Jime', 'male', '1953-01-06'),
('491-64-5643', 'dboothbyot@w3.org', '304cdb885f9382c5e146fdf5ecc873e74a083174cf6a2251e9ab67b7c39000c1', 'Dannie', 'Boothby', 'female', '1997-03-10'),
('491-74-9302', 'itremethackg9@prlog.org', '0ddba08266b7ffe0d73d2b46916d771329ac2e6336374f1e96daad0a68003b2d', 'Ikey', 'Tremethack', 'male', '1991-02-18'),
('491-91-4364', 'eoxber5@dagondesign.com', 'b05b405732f213823d92e8f1c9e65c3b29567df882fbd45a04fd19cd7ddfae7c', 'Eugine', 'Oxbe', 'male', '1957-11-24'),
('492-15-2861', 'pwylesgf@twitter.com', '8888136e8494b4c145471a580822bf54d2adb462c2665e8b545f8a516e1652f1', 'Pyotr', 'Wyles', 'female', '1950-11-06'),
('492-18-2850', 'aandriesseka@nytimes.com', '8233b9b9d06b8748bd48924a4f803a85f15f306da496ed7db1f4849f4a804d48', 'Angel', 'Andriesse', 'male', '1957-04-14'),
('492-44-0532', 'lstennardo@upenn.edu', '63d42f4b9265bf13929f53dcd1798570e21ac34f0705a0d7d9f21510b60acb21', 'Lona', 'Stennard', 'male', '1953-11-05'),
('493-38-4258', 'rromainesrq@wiley.com', '3a9c36b4d47c704a55a748b86b7174a95a62e4ac3071864ce7ef39505b56d7eb', 'Reeva', 'Romaines', 'male', '1979-03-25'),
('493-50-8863', 'zablesonkg@businessinsider.com', '2cabad5ad9fb15e4d5506a81baf399c95c78bb30d7790556c827ccaf7deec404', 'Zea', 'Ableson', 'male', '1988-09-09'),
('493-77-2287', 'htremaynejj@bloomberg.com', 'b5691bd05cfbf8a7caf147a6848e563ef9845566cca193f2b962b35ee378d829', 'Hillery', 'Tremayne', 'male', '1970-11-15'),
('494-56-7710', 'ostoll47@google.es', '2f52dba5bb24339e9e89a9c4b84c4ab7411666827a8403695f3577f26f4f9aa4', 'Opal', 'Stoll', 'female', '1975-01-21'),
('494-59-5921', 'nirwinln@github.com', '4bb99abdccf0d875b1973cad440043f9b958363efe1af5df6457efea074a5c76', 'Netty', 'Irwin', 'male', '1993-05-20'),
('494-77-3423', 'skannda@weather.com', 'af197a7e55b4e2882a6af8d039afb79e43eb3c0334a20fa365ac8406579ca365', 'Susana', 'Kann', 'female', '1962-06-01'),
('495-24-0335', 'dfarlowff@weebly.com', '96b2a49f3329e152f5dfc322a54bcfb7bf3d9ceed8872284f0f350ea5575c22e', 'Dania', 'Farlow', 'male', '1993-03-05'),
('495-27-5999', 'jbrockwell7c@cdbaby.com', '5bfae85a065eba3fc10a5ec38feea291e15d8190e8f9d886ce0d0f1bff69549b', 'Joaquin', 'Brockwell', 'male', '1986-09-28'),
('495-83-9336', 'fgildersleaveso5@theguardian.com', '44e0522ac3a0301b8d53f758624bf83d93a0a11371ef84da53b50c4a206a7513', 'Fabian', 'Gildersleaves', 'male', '1963-09-25'),
('495-94-0800', 'mliebermannb7@dyndns.org', 'ace13a7323d41e8e7bae382393d5799e7367040d87e3418b40c238520a92ad93', 'Malva', 'Liebermann', 'female', '1962-11-22'),
('496-13-3681', 'hmcowanr7@friendfeed.com', 'b8b94c2b25c46afbc091ac3bb50a4b1398b6f34e5652f964a4b3916c34fdb158', 'Hermione', 'McOwan', 'female', '1985-05-23'),
('496-39-2136', 'sbasnallg1@hatena.ne.jp', '8a7aa820729f473dc01ef00cc2408968653190a159d97c7cbd3e63d7d581c820', 'Sybilla', 'Basnall', 'female', '1968-09-05'),
('496-69-0280', 'bdavillegv@sun.com', '7193fb84c8f7393bba23f130b861504c8edb19cbf857dda89eae12127029f19a', 'Bernetta', 'Daville', 'female', '1960-11-26'),
('497-20-2207', 'psherrelli2@smh.com.au', '9ee4b057c57b8abc273835ce46756bfda0ef9fafb363372bc52fb52b3afb5c5b', 'Perice', 'Sherrell', 'male', '1955-04-25'),
('497-58-3433', 'mjinkinsonjq@newyorker.com', '2328da2b719548ff6d5adefda4657e680e9444d371fba27bc5e121ff25a1ca75', 'Marillin', 'Jinkinson', 'male', '1989-06-07'),
('499-11-6991', 'wcutillo3@ted.com', '0e3980a61ad8370ac81170e6ec2518a01ffc4f5780b14da25aae918ff34dd25f', 'Winna', 'Cutill', 'female', '1976-05-21'),
('499-63-2903', 'zhowsegod1@hatena.ne.jp', 'a67c1d35f943ee8347801279009072e977834df466d683d14c462de0bb5b3d2d', 'Zacharias', 'Howsego', 'male', '1968-02-14'),
('499-75-3016', 'kpedersenm9@narod.ru', '689f7cc0557b470b595a8e6b48da25070492ac57db6262c5653dafe6b23b1b27', 'Kipp', 'Pedersen', 'male', '1977-06-07'),
('499-86-3307', 'dloggfn@elpais.com', 'de7c6b9dde6ba5fd77a061cad0652ca82153a30b60b48f2e67366c0075ac0f36', 'Darsie', 'Logg', 'male', '1988-04-13'),
('500-26-2515', 'kolongain74@geocities.jp', 'e7b5c5167d0cfbef5b0b1e6fa771ddf48191c814bfbc4da48349cb388423d156', 'Kimberly', 'O\'Longain', 'female', '1953-09-29'),
('500-35-9100', 'mworsam7f@army.mil', '24260d64d0ae6920ed762c9083811cc24f6aa0a9375266118495cca487964603', 'Matias', 'Worsam', 'female', '1967-05-10'),
('501-28-3011', 'mvereckerc5@japanpost.jp', 'fb23fbaf042bbdf1d74645334570fe3db554e0f2a0ab5c2b231de6ff8d72579d', 'Moria', 'Verecker', 'female', '1968-07-06'),
('501-68-4212', 'gbonteinr2@hubpages.com', '9eafbd77f1b8c14e30bf9f736dbf011745af511b639564691c7e91990b1e57cc', 'Gavra', 'Bontein', 'male', '1966-03-24'),
('501-84-6845', 'gfoucarp@senate.gov', '8cde71e3ef61e8aa1a1830b488dbb406231b13783d9c3d5c99902358cc2c0196', 'Gertrudis', 'Foucar', 'male', '1990-03-06'),
('502-60-5573', 'rburdekc@google.ru', 'a8f3c91c40f377bdf0782e3c955e1aaf81c9d3586301da660ed70326854ab8b5', 'Rossie', 'Burde', 'male', '1952-06-18'),
('502-86-4703', 'mgierathsm8@imgur.com', '8cc2fc2eb2fec05455bce2544d45d7bce75e7373ead781243587cdfc319a03ba', 'Mae', 'Gieraths', 'male', '1999-08-24'),
('503-26-9514', 'ndigginse7@jigsy.com', '67a1c1d470793fe186fd9776daa9422a02280ce30c0fd7754916b78e33255ab3', 'Noe', 'Diggins', 'male', '1962-05-21'),
('503-27-0092', 'dgatissln@cnet.com', 'b53dfabaa94568f16b5a589e9c909585797db3dafd447ee56904204b434e350b', 'Damiano', 'Gatiss', 'male', '1953-06-22'),
('503-93-5052', 'tmacredmondg9@ox.ac.uk', 'b3866b45678cfe2a848bbcbbfd4e239ead03677c3d4eea16bf2bafa95deeaf9d', 'Tomi', 'MacRedmond', 'male', '1980-08-10'),
('504-04-0030', 'cmaddamsdk@boston.com', '324340b989cd86eec613016913eff288b880999b24859dfa1471c43e82f7039e', 'Clarissa', 'Maddams', 'female', '1985-04-03'),
('505-52-3560', 'lmowlingm6@hud.gov', '91c5a707b95f4597a55311370f2d983f381f6db8750daf15b1ab990f7661ad94', 'Lurlene', 'Mowling', 'male', '1951-05-01'),
('505-88-5463', 'sstansell3e@vk.com', '17cd496130ed27e0d433d60e8d0271ede7c25ce7e015c00ac7aaf0b2105acfa9', 'Shay', 'Stansell', 'male', '1953-05-26'),
('505-94-6839', 'bsandisondg@reference.com', 'b9dc47937a6465266d4750ecca9e9d80111255705bc3f5b33ab39f64e53bf265', 'Brockie', 'Sandison', 'male', '1983-08-30'),
('505-99-0953', 'dchangne@dion.ne.jp', 'fad4ce06e88616fdc45bf577f6ce5b05dc8e2296c6918e23f4c6d078e13f922f', 'Duffy', 'Chang', 'male', '1953-03-18'),
('506-38-6137', 'nchappelljb@who.int', 'e142526b0b07d60b7a6af3fd9d566feab94b637ec5547451e635ea204acd587c', 'Nelle', 'Chappell', 'male', '1991-05-29'),
('506-58-6334', 'muff85@list-manage.com', 'bdce954c04256df6e670545f1ad1ed0a77e8c6772451bf4e73052a51c45629da', 'Monti', 'Uff', 'male', '1984-01-06'),
('506-78-0218', 'rrojae6@craigslist.org', '267d3e16ff798c61d310c0d66f3ae4a6b29dd29dbc7b221e4e51a6b7bc14dfad', 'Rozella', 'Roja', 'male', '2003-03-25'),
('507-13-1729', 'cgilffillanddi@hp.com', 'b2c7704cd7113742839bbe119cf44ddbf1037684aa1e40c20dd11c5ef5f134c7', 'Cosetta', 'Gilffilland', 'female', '1992-07-03'),
('507-78-1650', 'kdilley8s@4shared.com', '5cef4f1deac84ca51259c9e92416b5680f7f5a7d23b61da031c47b3231a25daf', 'Krissy', 'Dilley', 'male', '1978-06-26'),
('507-81-6480', 'bfosh9d@ftc.gov', '2389cbc43de894fa3fb94d49299d0af1ffd350fd377742618bf8bc3d5f03a4f2', 'Batsheva', 'Fosh', 'female', '2000-02-17'),
('508-29-1069', 'skettlestring7m@issuu.com', '2a89e4e0bbb3629b0eb43b381651fd3acff550ed284d1ffb829e29f307d88b8c', 'Sharl', 'Kettlestring', 'female', '1963-05-27'),
('508-30-5046', 'brodingerno@jigsy.com', '96b290ae71ce796b7ac9b0492b5a5362b8b9ef249d70d4c97767de053d0393d7', 'Bettine', 'Rodinger', 'female', '2001-01-29'),
('508-33-6471', 'ckillingbeckhj@ustream.tv', '03392b60a52d9a0fc657fa3aeef1d7dc41d613967bc9e41a12a3ce22a24c1b79', 'Cathlene', 'Killingbeck', 'male', '1994-08-04'),
('510-13-2879', 'cboyettqr@canalblog.com', 'e97dc7c3baea65608b333ea6db8b2a6884f3e905bb5ac951e4e0b0640639b898', 'Celine', 'Boyett', 'male', '1951-04-28'),
('510-35-4648', 'emarshman45@live.com', 'c8715841c24ff0ea5d9c9cf236dbc0d91172a2d9ca51b0aacc166b35d74a4eac', 'Easter', 'Marshman', 'male', '1996-03-15'),
('510-40-2360', 'kjansonk0@gmpg.org', '0bad07d2e1f04ef911f7bbeee45e22314f2ddba6f6fb465f79cb9d6cc6f320f1', 'Ky', 'Janson', 'male', '1988-03-02'),
('510-47-9934', 'theadinghambt@paginegialle.it', 'ef380c0ca8b9cabf98cc3e30fd1ee4caf967fbdece678e12a3de920c3187e869', 'Timi', 'Headingham', 'male', '1972-12-18'),
('510-73-8074', 'glabatiee0@fda.gov', '326816c2be124ad4bd494c41bd80246ef06ad516b5efe1670f8576f07d1b9326', 'Gar', 'La Batie', 'male', '1988-02-11'),
('510-96-7564', 'rdefrainegb@mtv.com', '93af92e6e4c8c1e3448069c029b7e9a1ba94b9beeb4a5be3f9352588052fedba', 'Rip', 'De Fraine', 'male', '1981-02-08'),
('511-64-5187', 'bkalisz88@tuttocitta.it', 'bc7f196440e9158b17bddb69d7cc6637b40d0fa0928945719fdca30f1b4018bb', 'Bailey', 'Kalisz', 'female', '1980-07-03'),
('511-65-8142', 'pheyward1z@baidu.com', '00ea82cbee1a3cc82f47b70ab3dbacb29b97f20d690a5fdceef08097a67178e3', 'Petronilla', 'Heyward', 'male', '1972-02-17'),
('511-72-9237', 'mhaversdt@seattletimes.com', 'fde34f257f3fdb9adbf75e8d2e2e41ae8a2e2b0951ee8d56b250a1ec498e8836', 'Melissa', 'Havers', 'male', '1990-07-03'),
('512-09-8745', 'mcalvertb4@blogtalkradio.com', 'e1b5bdd3f8d44a787339a38486bcba285b365899217aef73199a96ad549a4c2a', 'Milli', 'Calvert', 'female', '1981-09-29'),
('512-24-8190', 'tsmallmanbd@bloomberg.com', '4ce90c9f4fa27b881da04900c9da23b71cfcd72a94c2211842008d8c89973104', 'Tobye', 'Smallman', 'male', '1976-11-05'),
('512-48-2055', 'rlicciardelloju@illinois.edu', '88bb327d2e0fdce28953555c254918ca8c2d56055b138159c3e01d00806fde5f', 'Renaud', 'Licciardello', 'female', '1955-09-18'),
('512-65-1226', 'wgoodlattqu@accuweather.com', 'f7a13a6251f1f97f11f7e6c0eff9327811c40f5ca321786c83ec1330122b62f6', 'Wit', 'Goodlatt', 'female', '1972-07-20'),
('512-96-9065', 'pboobieriu@deliciousdays.com', '36eac1346999c65ceae9885d040c5fffec6585429cbf4f5ee29443a90272b89d', 'Pia', 'Boobier', 'male', '1960-09-02'),
('513-45-7867', 'kraperhb@va.gov', '2e02420bbc775e4d353dabc34297f3b3d9d16839369620b8cea8e6bb8a530d43', 'Kendra', 'Raper', 'male', '1990-04-26'),
('514-35-7130', 'mgyfordci@jimdo.com', '2cddda7c8d03f6a8a6febe4c264fbccb2c99639160b36caa1dc5c4f2508af0ae', 'Molli', 'Gyford', 'male', '1957-06-22'),
('514-97-6568', 'hbernardez43@last.fm', 'e61a03945aa7bdc6804e26b2c2f090acd179fc2de4c0d217f523b1c6eb2f85df', 'Haleigh', 'Bernardez', 'male', '1973-11-02'),
('515-17-3494', 'arubenovic5@nasa.gov', 'c303725e872d2785721939e096bf9def1df7948086e42ee7c48acd0d2b4ffc8e', 'Archer', 'Rubenovic', 'male', '1977-12-01'),
('515-62-7632', 'fforderp6@latimes.com', 'ccd7dfb83b1024197191962980f527ae7c8692d56c2cb39b95eb84acd9651201', 'Farlee', 'Forder', 'male', '1999-09-10'),
('515-64-5636', 'ktrahearcm@tiny.cc', 'bee83fa994c9db2982265c278da80d1e76197d4155daabe01ba078133ae73e81', 'Kip', 'Trahear', 'male', '1978-09-10'),
('515-80-1326', 'lbouldenoa@indiatimes.com', '735780a10b382f31767dedde1597e7f2f3772ec4f3470784be9f66c41ab5a0e6', 'Letti', 'Boulden', 'male', '1984-12-15'),
('515-91-8667', 'bphrippgq@barnesandnoble.com', 'b3f664eeefd029875e85f8ef234c1ec4499b007e8beb91916894986e99c9c569', 'Bryn', 'Phripp', 'female', '1969-12-21'),
('516-18-4635', 'pdomenc7x@census.gov', '66ccbfd03da6e7787345b866fae5ef6cad38b2cf6b974e3406eabc03903bb9f3', 'Paddie', 'Domenc', 'female', '1969-11-11'),
('516-29-9047', 'dmalyanqy@booking.com', 'd4cdb039d661a50aa9b8e86fdcf9dfaf7da7c30c70c59c597e44e1de29e6c259', 'Dani', 'Malyan', 'female', '2003-09-10'),
('516-38-3076', 'naltham59@furl.net', 'e94b5d64a0103a24a89b16bd5cc15c222313e0e5092e29932d8b2978cf020d4c', 'Nickolas', 'Altham', 'male', '1962-09-06'),
('516-89-3752', 'hasken93@liveinternet.ru', '2571a771b6f33e7acd42d909009869e5a8a667d64770a881d9379e2398b14cb0', 'Hasheem', 'Asken', 'male', '1969-11-17'),
('517-40-7912', 'brivett50@nih.gov', '2835c3b0797d6e7e711d130fcc5938210d8cff20e552573e99767e8170421fe8', 'Brandy', 'Rivett', 'female', '1966-09-18'),
('518-15-6434', 'elidstone2c@meetup.com', '1e46a36ebb5ca0c75fc31599530ea2892e943e4e9d5b397d1972e57861e51dcb', 'Emyle', 'Lidstone', 'male', '1951-01-23'),
('518-42-6304', 'wnergeri@yelp.com', '078a69cc769e99815630e8824c862170be980031082d92118fd52f8d7b117f32', 'Weider', 'Nerger', 'female', '2003-12-11'),
('518-51-6801', 'otillertonke@sogou.com', 'd71c770ee7a4c47766e731a3f3da6316840ec954c9e8ca358a60b571e6b38e7a', 'Oran', 'Tillerton', 'female', '1965-03-12'),
('518-65-2019', 'bschuelcke5a@mac.com', '717430c0621f832bc7c0c78892fa1bab059a988b2ebe03137c6006b7abb856b9', 'Brina', 'Schuelcke', 'male', '1975-07-24'),
('518-67-8017', 'mwilcox8@prlog.org', '1af3e5f24064f07a95e43e684557428fd6c1369cdb8315e581852012771502ee', 'Miller', 'Wilcox', 'female', '1992-11-19'),
('518-69-8032', 'jcodlinrg@merriam-webster.com', '2bf1718e94f4b1b24256c92a70717558c90ddb1f555411ff054a2f5d38e72d3a', 'Jonathon', 'Codlin', 'male', '2002-03-01'),
('520-61-6376', 'cpancoastac@sbwire.com', 'dc1e92d0aa953c5e7b925b533076764839c476340519fbd0e2c8583ded4cf7bc', 'Cami', 'Pancoast', 'female', '1976-11-11'),
('520-88-8981', 'tkimblingbp@flavors.me', '80e5d2101fe3ddd572f5b48964c8eb489a881799dd83390325a4fa5e7cb3ba81', 'Tobye', 'Kimbling', 'female', '1969-01-30'),
('521-06-2339', 'mskyrmeg0@google.pl', 'f50e585732d0012301e56f129b2343eedace2476ae79e1694a639036328ca7ea', 'Mirabel', 'Skyrme', 'female', '1993-01-08'),
('521-55-9114', 'bjantotex@hud.gov', 'c77b404d8be4db7cf5f4e11f7fb3148a8c1753f62445e5e96f76f713f2739724', 'Beverly', 'Jantot', 'female', '1958-11-18'),
('521-66-8935', 'bastillge@woothemes.com', '27959b24beed619538fc286d43ca926216b98112116e6eb714ea6cbf889c05aa', 'Bronson', 'Astill', 'female', '1953-05-04'),
('521-75-7690', 'dcutajar2b@geocities.jp', '8061bcec203a7b35c14650fb0eb7541940c4f3989cecdfa25cb4036a30e284f2', 'Deina', 'Cutajar', 'male', '1971-07-28'),
('522-06-3399', 'bvere2@e-recht24.de', 'bcdc502c8516416a6e82c21b4f896a908299446d0b80fd2cced4838d973b9fae', 'Barbey', 'Vere', 'male', '1996-01-09'),
('523-18-6173', 'klindenboim3u@loc.gov', 'd51ae5fd80a5a69a12fd9d210e159f5424f13d71efe4543a1c3a3c3353597310', 'Kim', 'Lindenboim', 'male', '1971-04-17'),
('524-01-2669', 'aobeeek@jimdo.com', '51091445272f120bcfee7825018f32fc1f8919e3581d558dee01e669980e42ed', 'Alyson', 'Obee', 'female', '2001-08-17'),
('524-07-6991', 'ygourlieee@craigslist.org', 'c58b946b3a7d5fbdfcb296235c618f0b1d4c409a930aa8b41f7baf225e7ad7ea', 'Ynes', 'Gourlie', 'male', '1958-04-21'),
('524-31-0241', 'afelton1y@house.gov', '7bd394ec1d0f96835941446724843378457c85c00c3449064e476c7388958ee9', 'Arnuad', 'Felton', 'female', '1955-08-02'),
('524-96-7077', 'kmurrockle@thetimes.co.uk', 'a84ab29ff1151510a4427452a9af870df73c618dd7ce7a67a57b501552e81c83', 'Katlin', 'Murrock', 'male', '1963-09-22'),
('525-47-5955', 'sberreclotha7@nymag.com', 'b9a0eb2e53561585e4d57bb274b9327b7248a64e700e48bf785449fbd42aedf9', 'Sheryl', 'Berrecloth', 'male', '1996-03-12'),
('526-36-7432', 'bstockaukh@wikispaces.com', '9cd15eaddab3be8c97c2594bc6083cf9af2850cc2b5e21b4c3a7e63360cc3088', 'Boycie', 'Stockau', 'female', '1970-08-26'),
('526-66-4134', 'rderuggiero11@apache.org', 'ba78ce1b91fcc58b83a5258ce35cdd3634e221f75e0926be5655660495c98027', 'Ralf', 'De Ruggiero', 'female', '1984-07-17'),
('526-97-4652', 'dblumirea@oracle.com', '5dc6f419e8018081887363c6722d6905d1e3a175c9529fb443d9827c60be1ed9', 'Darryl', 'Blumire', 'male', '2004-11-12'),
('527-55-9195', 'ghaygreenhp@jalbum.net', '0a9c0f948172fd7a71150bd7b0fda668b1be20d32ed804cd21302f4c70d90a21', 'Georgia', 'Haygreen', 'female', '1958-07-12'),
('527-66-6049', 'tparksih@senate.gov', '65304c41e1d63ece7af3231fb694733138507fcf8d45f26e5b51d91c214db9c1', 'Tyson', 'Parks', 'male', '1979-10-08'),
('527-72-5288', 'pparsand9b@sun.com', '19eb76b508c67222a3fec0199dafd3fdd810436e035b36e61e058f2d13db06b6', 'Pierrette', 'Parsand', 'male', '1987-12-30'),
('528-02-1224', 'amorant1n@odnoklassniki.ru', '6f33c8d2333a5e22de2316c5ab9e05b4d56950624a49c6a7c23e89aa957c3e06', 'Adolph', 'Morant', 'male', '1983-08-01'),
('528-94-3153', 'htringhamft@omniture.com', '06e1974ce72d2521403118c33adce4a9948ef03acd574cb4f601145bcec69a05', 'Homerus', 'Tringham', 'male', '1998-06-10'),
('529-32-9145', 'cmarcome5o@seesaa.net', '9e9d9ea8a1c5084550e86959752f105616f0265e3ac405c9c61ef36d61805ba7', 'Constantia', 'Marcome', 'male', '1952-09-09'),
('529-46-9783', 'elormangg@deliciousdays.com', '9a9a01185426a928329ec16e7f0b2aa3e26c8bed3622ee6a7fb1d7843e9708a3', 'Edythe', 'Lorman', 'female', '1956-07-24'),
('531-11-9126', 'gsiveter7r@hc360.com', '846687926534a21de53329a64820efa911e15ebbf0100fc95720a7d1cfc53f3f', 'Gerhardt', 'Siveter', 'female', '1969-11-01'),
('531-13-8265', 'dtapleykp@over-blog.com', '2934f92c405b3b86c5871ed093bd4cc8f47e38fd1003691749ac29e8c600137a', 'Dieter', 'Tapley', 'male', '1951-08-08'),
('531-44-2347', 'hmclukiemh@census.gov', 'e186ccb1a2833568aba36a7d5d2b87d9c691bcb31d78e246001bc690905538d0', 'Holli', 'McLukie', 'female', '2001-02-11'),
('532-06-9076', 'alangthorne1o@addtoany.com', '698168e53e10fc90de56b9a6d1427a9edb0ef7e3749de5ad5a8d027591cc0524', 'Amalle', 'Langthorne', 'female', '2001-11-28'),
('532-37-8192', 'cbollinifx@live.com', '10f2f31bfc2b6d389a8b2279878425c0fa2b33e34e67eabc308fbb68cd60829f', 'Cross', 'Bollini', 'male', '1960-03-27'),
('532-86-8712', 'jbleackly64@ask.com', '1ae4dd0f0d49b2370de0925ff185e8fa1668fda03c49f143a9c512353ba3517d', 'Janeen', 'Bleackly', 'female', '1988-04-25'),
('533-04-9799', 'gleinthall5j@dailymail.co.uk', '6377d31aca17364e8f728aade36763fdf51f3ffc50d46e4e1f2411758e95020c', 'Guntar', 'Leinthall', 'male', '1986-02-04'),
('533-27-5991', 'bbiggamkt@paginegialle.it', 'ae4c87c3e81569231e1497a1f9d8d9532461b5237a616d5820dc67edfbe9b7c3', 'Barri', 'Biggam', 'male', '1994-10-22'),
('533-43-3084', 'tfordero1@sun.com', 'd1886c93d487658f3a75e88307bb2ca64e85ffa3afe414017f901e7a08c24cb7', 'Tillie', 'Forder', 'male', '1981-09-27'),
('533-82-6248', 'sbowry88@bigcartel.com', '54623d865db4d6cb99a94340ab0d62b7c727bfe401ad74f307249e150baf8775', 'Sissy', 'Bowry', 'male', '1969-05-22'),
('533-98-9625', 'kgrunwald9h@topsy.com', 'e86c790e8eb450428e5aa7b7b51e56a75f5ede18d2c5aa11a009d398244f0714', 'Kyle', 'Grunwald', 'female', '1964-07-04'),
('534-03-8869', 'rsherrettdh@digg.com', '17a9a3b770bd8b44c5ec191184996bcc2b6c742a324ce587da27e08ea4dee08d', 'Rica', 'Sherrett', 'female', '2002-02-03'),
('534-43-9403', 'lshillitop5@unesco.org', '075af1fc4615942988a85e740d220b6e248b9198ed8749e652f04abf498921fc', 'Lydie', 'Shillito', 'female', '1961-01-13'),
('534-51-2257', 'wrichardet6l@cbslocal.com', '8f110c4abe175fedcec2a2bb3129791ca3c68d943df5530b8574154dcb59ac20', 'Wit', 'Richardet', 'female', '1959-12-27'),
('534-54-3063', 'gdemogeen@wix.com', '0bc7bdfb4a57b370f1fcc5b977fe8c26ec37fd1561407e350a6b5f639875ad41', 'Glenine', 'Demoge', 'male', '1955-03-17'),
('535-16-9276', 'jransleyjt@whitehouse.gov', 'cb86d5a927ce0ca742fdbbc970711fafc513c407d853d0b64653fb86b2425386', 'Jo', 'Ransley', 'female', '1958-08-31'),
('535-22-7557', 'clenneyoy@sphinn.com', '01265cfaa423b604cea7a0d724d29b715a2be4f6583ecb62b29fa90e81de4a93', 'Cymbre', 'Lenney', 'male', '1972-05-02'),
('536-27-9325', 'bmallinarjw@last.fm', '18f9c103750297407c659c61bb95faa028711d886fb1dff67a39ce3edd95cc65', 'Bryant', 'Mallinar', 'female', '1962-07-08'),
('536-28-4486', 'cluckesft@indiatimes.com', 'f485e336fd51bfc367434eb14ad9b729120a5c0cc9aa9ac5e79511dc8ce3d645', 'Chloette', 'Luckes', 'male', '1996-12-05'),
('536-60-9740', 'pkastelel@soup.io', 'd5d74d08818047a4b95654fa399006c47df6260e11dac4dd65f7272472d93836', 'Piggy', 'Kastel', 'male', '1968-12-31'),
('536-63-1191', 'cshackelis@uol.com.br', 'a522358ceffd01dc92020add6a047cd1554cc869feb9a4cf58962805ad3c8e7e', 'Consolata', 'Shackel', 'male', '1980-10-08'),
('536-83-2658', 'mdimeloel3@imgur.com', '0f9c8da8b30953c229bbd2cf6c214eb4b649c1e5f8d989281f4d61e472ca8faf', 'Maribelle', 'Dimeloe', 'male', '1991-12-05'),
('537-20-9130', 'mbaglinri@vistaprint.com', 'b65ed14ccf47318d85ce5fb9a52906d94b0a9e12a3518651ade150679181ab0c', 'Melva', 'Baglin', 'male', '1987-04-17'),
('537-53-2806', 'rderisley4c@opera.com', 'b58c7b7131d7b799f979a600b98bd7bef1636870c9e6e3766a3a515452cc1ee7', 'Robinett', 'Derisley', 'male', '1959-11-09'),
('537-78-5998', 'lstandrinlk@redcross.org', 'cc4a709810eff1355783ce700a090e2dfd26b49693afb31fc7c1fee49b00dc98', 'Ludovika', 'Standrin', 'male', '1958-01-22'),
('537-78-6072', 'tosharrynl@furl.net', '680edf5114ce3acbeb6247f3d4379463d9906349de1b26cab921c9606dc7c1b7', 'Tabbatha', 'O\'Sharry', 'female', '1951-04-10'),
('538-25-2185', 'ncolecrough40@merriam-webster.com', 'a19930502888d4a26e890fd650d29156a13cd62e055204f9043b33c0d046a14f', 'Neel', 'Colecrough', 'male', '1970-06-20'),
('538-45-0742', 'sgiabucciro@bloglovin.com', '2563256799c35a9887cc685e38ccc8b1e96f965f526917de1d4336a4395f7a8c', 'Sammy', 'Giabucci', 'female', '1957-08-23'),
('538-49-7646', 'pdirand1m@deviantart.com', '047b50c1158f8c0e4f89425078067657c146be2d99becbd0f8e4206d41e6db74', 'Patsy', 'Dirand', 'male', '2004-06-22'),
('538-50-6249', 'lreardoni5@pcworld.com', '13aeee6645c78dc78e1d78f036ab8c2e75da251fe844edeca9fb7102e7fdfca4', 'Lynn', 'Reardon', 'female', '1981-05-05'),
('539-28-0008', 'abauav@businessinsider.com', '221a37aa77a981a4138f85b8d5ed6ea6b074404b3ac3c43f42ebbd2856bfe94f', 'Alejandro', 'Bau', 'male', '1966-09-04'),
('539-34-3809', 'rlindekh@archive.org', '7b33edc7978190e6bb969cb01780b68104953b7575059b0be6c1f853827b6eba', 'Randal', 'Linde', 'female', '1975-04-01'),
('539-85-1579', 'mdenesd5@hao123.com', '23aaa390b1535061f45b7e7b22e5d6a9a15ec70c73ab63f58e2320a2606c169e', 'Morlee', 'Denes', 'male', '1983-10-18'),
('539-95-1168', 'bwerndley5w@ameblo.jp', 'aca43131c0d710ed40d13baadd3038b29acd946acfb260cfe863ebaf5ed5fb3e', 'Bernardine', 'Werndley', 'female', '1990-08-11'),
('540-62-3522', 'jdeuss4y@reuters.com', '58c9520f375f68c317e9c5fac21d7a839a42366d1b2567d01bd2de9b4cecbc79', 'Joleen', 'Deuss', 'male', '1954-06-29'),
('540-91-0732', 'mmonksqk@cyberchimps.com', '5765832e63968a7501b900794b95398d772a9e0a5d54e6d1514b45c0623d50f7', 'Myriam', 'Monks', 'male', '1983-09-15'),
('541-21-1660', 'cjoannidiiw@china.com.cn', 'c5676434230aa1dfd35112788c3d66207e2a5e74c6a5c65e84e9ceeef2021955', 'Carlynne', 'Joannidi', 'male', '1960-12-26'),
('542-46-5883', 'msanford9t@acquirethisname.com', 'a841c9a94501b1c61d5ed814713c1d1ef6aa3af60b0876d471e109c610ae1b3b', 'Marita', 'Sanford', 'male', '1965-06-20'),
('542-71-0842', 'bgargettn6@irs.gov', '558395278676dba12d4abd4251ec5041774163ae9728533402b63a90b492c692', 'Brande', 'Gargett', 'female', '1997-04-06'),
('542-81-0934', 'lsnadden3m@umn.edu', '5288189f5738005b677232fc41ed8299676777f72b6f64e12a1b36248fdc5cfa', 'Lisha', 'Snadden', 'male', '1966-02-02'),
('543-01-1662', 'bsteuart66@discovery.com', 'ba631a524350a68067fc66c884ab45838b14600a3d87372e57a1ca4b86871cc4', 'Brianna', 'Steuart', 'female', '1956-12-26'),
('543-10-1410', 'jdenisevich4m@adobe.com', '1502b3e47be42cda1b268368d622749a43dce6883783da4f9a0fc261488f9fb7', 'Jameson', 'Denisevich', 'female', '1958-09-28'),
('543-54-3315', 'abanton9g@ask.com', '72ce61df650ff576ec09063312053614147d88b5c7eb896eb0b5571641c8765b', 'Archaimbaud', 'Banton', 'female', '1989-02-19'),
('544-02-6992', 'imeekings58@bluehost.com', '8bef0c4421725fd58ebe2310adbd0e52a344e54fdd0c378082fa41a4a6c69d81', 'Ianthe', 'Meekings', 'male', '1953-12-03'),
('544-54-2565', 'jmckune6l@photobucket.com', '9128869268d6b4022e72e38596c039262127bb9f083581844d9492e2d8a7a8aa', 'Joy', 'McKune', 'female', '1988-05-10'),
('545-69-4004', 'lbraunerbm@hatena.ne.jp', 'f48ab6328f21f3d56c12ea89c4888aa1dde05082dd9c9c57c4db00ed4d97291d', 'Louisa', 'Brauner', 'male', '1974-04-12'),
('546-15-4614', 'abruyettap@vimeo.com', 'cfdf3bb9031a92f4d2284f0f6e88150fb976a80b35e032ef1f3c4eb4dc23d96b', 'Alessandra', 'Bruyett', 'male', '1995-03-11'),
('546-40-1377', 'ngodfroyd3@ted.com', '2592eea5ab2d764a0757d310d4a1d83bc94c8c7740e49c4eeb82e873599c7abd', 'Natalee', 'Godfroy', 'female', '1962-11-20'),
('546-77-5187', 'nvales4r@feedburner.com', 'a85493de582a8d627721147ebd7c5c9d8b091522f89a7a28eefea87afb37d3c4', 'Nick', 'Vales', 'female', '1950-08-01'),
('546-96-1446', 'cchicotti6y@kickstarter.com', 'f9876f84aa3fe4a02c0f9cfb61f90d9e30ac8e94fb56917e30b1ead74131a945', 'Charley', 'Chicotti', 'female', '1951-08-11'),
('547-22-0596', 'bloteo6@pinterest.com', 'a1f0f51ca0735f55d93143da203c4174c106d55a82bd47a5145a9daf50fefd77', 'Burg', 'Lote', 'male', '1980-06-12'),
('547-45-5311', 'ksleetgm@scribd.com', '93952856eb90f8f9cfd9f2cf183b625089d0fe4f45bc3368401d5007f064e9f7', 'Kenyon', 'Sleet', 'male', '1988-05-09'),
('547-90-4077', 'hpapworthcq@nydailynews.com', 'ab26c2e157789f56ea6fc8e158bb8677e0fe569b3e245f8fc5538ad3f7699f7b', 'Herc', 'Papworth', 'male', '1963-11-18'),
('548-03-7813', 'tgalfoureq@gmpg.org', '742a0340424d0d4f9769d02f90197015ea7786275867f3b273860bb81dee7f94', 'Therine', 'Galfour', 'male', '2000-10-04'),
('548-36-5208', 'abernardos83@163.com', '58bf14305d98f5c4364e911ba7d7c30335553565de9c2a7b670ecc8315eb1c5d', 'Austin', 'Bernardos', 'male', '1956-07-03'),
('548-87-6630', 'delliceh0@chron.com', 'e7bb31a134b83d02ebb493b953cbe2315a4c99e68c0e124a84af23f22e73fa38', 'Damara', 'Ellice', 'female', '1952-08-09'),
('548-94-9406', 'asellors9x@hibu.com', '6d1a82c0295ce045d56cda0e8fcde988bb6a5818f8b783115a051d77207f3afa', 'Alexina', 'Sellors', 'male', '1953-07-05'),
('549-08-9910', 'bduding58@paypal.com', '9ac1164fe403fb257d5d2ff2e89a0a31eb53337f09326fcd3b493c796b549a29', 'Bond', 'Duding', 'male', '2001-04-23'),
('549-14-1516', 'bfoskin8d@reverbnation.com', '2d02c9829defc4f8d06ceff797bc282257aff616264d14229aeccfb53d119377', 'Bertrando', 'Foskin', 'female', '1964-10-28'),
('549-64-9836', 'bredfearnfc@tuttocitta.it', 'd369c3b7f18c87860cf0b410f0ac2c06a05d39f991ab448c31b689110a28d1d3', 'Boy', 'Redfearn', 'female', '1974-11-10'),
('550-11-3352', 'gannwyl9b@indiatimes.com', 'd2d9fba490e0fb307af106bdb6f414d5734d7ad2f735181d0de436b10b4fdf0a', 'Georgine', 'Annwyl', 'male', '1980-02-03'),
('550-85-9422', 'arusti3@nih.gov', 'e1506412156a31c668df317d0eadabfd09057880649e18be9090e4da85b2c7d5', 'Aylmer', 'Rust', 'male', '1950-06-03'),
('551-32-2772', 'bheddan5z@auda.org.au', 'ae295f6c064a72fdb43b6194be2a4f1fefb1a14d505cf5a55764d9e95e14ffc7', 'Bryant', 'Heddan', 'male', '1970-07-26'),
('551-86-5974', 'fclaybourne93@guardian.co.uk', 'fc24c62d188665a21b8ea99209b54751726f947ea259f7935b3bd20ad18bf509', 'Fulvia', 'Claybourne', 'male', '1959-10-26'),
('552-11-1988', 'lerwinlk@histats.com', '1f0de859da00385fd9e493338019eae1a65b26eb7bf8cc8c77cfa9175af52254', 'Lyndel', 'Erwin', 'female', '2003-07-24'),
('552-17-2356', 'polyfatw@ibm.com', '7b1247d2458d20f622e66ff1ccd5698b6949a547c442b82233eaa5f0869173a7', 'Porter', 'Olyfat', 'male', '1974-11-26'),
('552-44-4303', 'jmarchent9q@twitpic.com', 'e78da273420728cea480a3859ea7877709ec333311c54dee5bef8998e9a5714c', 'Johann', 'Marchent', 'male', '1998-03-31'),
('552-58-4705', 'mcotsford3h@webnode.com', 'e4b95c77afefe647cb2e60d5c5efffe2b08625d48be9bfdab7bb7eeb66da2ccb', 'Mortimer', 'Cotsford', 'female', '1962-08-16'),
('552-90-1812', 'kfury1b@sogou.com', '437040eb3dccbf0b9c6b4f1c8164b69f5143e0649aa989e152586f11263fa5fc', 'Kevon', 'Fury', 'female', '1985-03-22'),
('553-35-4784', 'bmcclurggj@webs.com', 'c3ec3ad12256c414ed9ec649430abb66a39c9a243ef7a7eefb4e046837ed5678', 'Bram', 'McClurg', 'male', '1996-03-04'),
('554-04-4604', 'tjuorio8w@addthis.com', '34089fee16c8ea811c6ef050dff76e3e702e456143d4e81023c33c964e496797', 'Torin', 'Juorio', 'female', '1983-01-03'),
('554-74-2177', 'cquarebj@npr.org', 'c0bf4cbd58b6e2817f5532b2083de9d673b4e11d28299478005e1085b1f1fc8a', 'Cari', 'Quare', 'male', '1984-09-28'),
('554-78-1365', 'vpurslowg3@alexa.com', '019552c7847513498dc7c80dcec501100419c83e5f2ad019e484903f7d884c89', 'Verena', 'Purslow', 'male', '1998-07-03'),
('555-32-0178', 'nastlesd8@spiegel.de', 'bcca29b3d5a65cd4d7532a556fb283e3fd0fb38821e6117db46078e34fe4e0e4', 'Nancee', 'Astles', 'female', '1999-08-14'),
('555-40-9634', 'tstonmank6@feedburner.com', 'cfa733580bf99a162524158a3609a2b7839d1ff6d409e3b15e1eb2f6469b4d24', 'Tibold', 'Stonman', 'male', '1978-07-30'),
('555-88-3194', 'akaufmanhj@free.fr', '641bfb7e35b120bd540641a30395efd816e5d3586337847d5a1f6d6a51c67d96', 'Amelita', 'Kaufman', 'female', '1968-10-28'),
('556-12-6642', 'mgreenmanna@plala.or.jp', '55028852561358d9d7a2f222f67239cb243d4768ac9fac29bfacc70db1264ef3', 'Mattias', 'Greenman', 'female', '1991-01-06'),
('556-34-4032', 'afomichyovd0@bigcartel.com', '7c09e6151583a41c9a46bf7c167f4e6fa03992439771144e15cee11f8b392f46', 'Arvy', 'Fomichyov', 'female', '1994-03-30'),
('556-96-9692', 'jgapperrd@dailymail.co.uk', 'ca648143a0589b5ace00b7908bd623109d4f2008569738b84a3efa5ca35b1e55', 'Josias', 'Gapper', 'female', '2003-11-08'),
('557-15-1319', 'qcrockfordhu@webs.com', 'b190e82121424677c6063be50fcbfca64119791a331e8f2c704e168f8d7c3584', 'Quent', 'Crockford', 'male', '1970-12-22'),
('559-02-8501', 'gbentjehc@spiegel.de', '8b4b1aff920372f6bee957f58c796cb3d0e086bb9bc375150e32550936caa93d', 'Gusella', 'Bentje', 'male', '1994-06-16'),
('559-06-2709', 'lblumfieldfk@vkontakte.ru', 'eb53f1f7d6c671db62fb434caddf59d67fb1b4a335730afeba847931c0fd3a3d', 'Lazar', 'Blumfield', 'male', '1978-10-01'),
('559-62-3335', 'hdehoogha5@cmu.edu', '713457065144049fafb69e8e8a15506793eca872fa7b45df05cdd44f3df828b9', 'Harri', 'De Hoogh', 'female', '1958-01-14'),
('559-71-5501', 'dhodgendq@netlog.com', 'd9ad6304a0b558f7adfb90756f3ebad719e9ef7ebd0486f6139d740a9758037d', 'Dita', 'Hodgen', 'male', '1998-02-07'),
('560-02-5210', 'rguage81@npr.org', '3f3652f4355451d4dd6e5456bb643c26810ab523e97710096f6322c7f46a68c4', 'Rita', 'Guage', 'male', '1958-10-26'),
('560-29-0258', 'nkettlesonl7@techcrunch.com', '30267b43dbca1d61cb3451239f40b089aa74373e082d7c80a1c80fd11268f934', 'Nerta', 'Kettleson', 'male', '1989-04-07'),
('560-51-3785', 'dbreward49@drupal.org', 'a1a1ddfc375ca6c851a6e53b118656debfda029ecac9d055dfae1e5d1479efae', 'Dalston', 'Breward', 'female', '1981-01-07'),
('560-60-8388', 'khuffab8@t-online.de', '93dc11ffa80a3ddc7ac1ac2c494acab0144dea9aef70d4aa364f33f6ddcdc368', 'Kirsten', 'Huffa', 'male', '1992-12-19'),
('560-75-4574', 'tscurry6q@pcworld.com', 'f948fda5d4fc62cf724a3ec3f4390a7499b13800a21d205817582e7f2a5b5fe9', 'Tish', 'Scurry', 'male', '1954-07-14'),
('561-01-4458', 'pagerb7@dmoz.org', '42bfb029e8327cbb1ca96a61d20daf4cb0ae954d3d10e166fcb1dd8fa73f045e', 'Phoebe', 'Ager', 'male', '1967-07-20'),
('561-02-6877', 'lkevernqg@typepad.com', 'feeffe23f25b1a5df9afc411807539affb26efc2c43264f499dae4fa84edcfd3', 'Leanora', 'Kevern', 'female', '1986-12-24'),
('561-27-5730', 'bgeerits30@drupal.org', '31b3de89ea63aa2317b728ac23c1a972351e7e1b04e44d7475562fcca4e2ea51', 'Beryl', 'Geerits', 'female', '1973-02-12'),
('562-94-3324', 'rwallbutton20@hud.gov', '8fd54e76449ca2b1607422c53a8d27db65e6a8ad0976e5a0e721567f458048c1', 'Ricoriki', 'Wallbutton', 'female', '1999-11-22'),
('562-98-2436', 'gkitchinerhy@ft.com', 'debddb54808f8780a57ad6aed99abdbcf4502b412355bcb3b839a7cb54fa0018', 'Geoffry', 'Kitchiner', 'female', '1987-09-10'),
('563-52-2378', 'ahowiesono0@free.fr', 'ca9b4a24562ab647ca24f4179cb2c0e136cce12495a6d4e6642fcefef7b59feb', 'Anselma', 'Howieson', 'female', '1958-03-12'),
('563-56-8835', 'kgreystokeqm@cocolog-nifty.com', '93217b0d1f99b151b8ad487fea2646f4f2ab25d194c7799388a5d4cc3e923b03', 'Kermit', 'Greystoke', 'female', '1963-07-31'),
('564-11-0817', 'amularkey8y@diigo.com', '5104c951dc7538887708ac358255961029ac8d2552ee30127f35cf9fb135c3aa', 'Arlin', 'Mularkey', 'female', '1996-02-12'),
('564-18-3798', 'rstoddart53@biblegateway.com', '6345bb6c7f63eeb2a535b49ebac724c7bb1a17de21b6c027f4fbbc65631e1639', 'Raine', 'Stoddart', 'male', '1953-09-22'),
('564-71-4406', 'ggonsalok1@feedburner.com', '22b1195221456c927e6fd61560d78b0a0023c73a146e465fed2997263ceb26e9', 'Gwen', 'Gonsalo', 'female', '1977-01-17'),
('564-87-9355', 'ascaleraja@infoseek.co.jp', 'e12156189bf4b8dabf3449c698db1b4bdbbb77d0cbc37ced78d9697d2c6bac07', 'Ania', 'Scalera', 'male', '1970-03-27'),
('565-23-3692', 'smaria7i@unicef.org', 'cec96a39244170a7a166434ed205f8bd6a167ec08efdfc67cd6eb379558e37b6', 'Smitty', 'Maria', 'male', '1976-06-15'),
('565-49-1250', 'yvanyukov51@4shared.com', '340366ca1725db5ffc509b07086acfc7760d782e1a916261616e4f87eb13737f', 'Yule', 'Vanyukov', 'female', '1993-09-23'),
('565-73-4465', 'fdalesrn@google.ru', '5299944e2b28b5b321d0d080c9dce4cc16b0eb37843bf60b605f9cbf134729e1', 'Frederic', 'Dales', 'male', '1970-05-12'),
('565-89-1196', 'mcoolicangy@a8.net', '40b2c069d70500cd94ae6625eb2078419a081105a9c4ff0b01ff42532bcd47e8', 'Misha', 'Coolican', 'female', '1950-08-12'),
('566-52-7001', 'fsuggejb@columbia.edu', '53ebc1490f49c81b96f1e9ba1fbca7bca5fa17450993de0961b0083e3eda4b83', 'Findlay', 'Sugge', 'male', '1972-11-23'),
('567-61-5078', 'psinkings9h@umn.edu', 'e42154f7cdf347881fe96320520ab7c89be8fcec45fd7f7c62399beaef1a793c', 'Paxon', 'Sinkings', 'female', '1959-11-23'),
('568-08-3474', 'tbeefon56@unesco.org', '6779abe6c4e53bf74845a49850b39c4fb026d95ff5eecf012c63367fc321fbe6', 'Toinette', 'Beefon', 'male', '1987-08-03'),
('568-66-9665', 'mandrellibu@addthis.com', '11801be072f4dcf759a5e8e5cb6fea5d8b7434fb8287ab651bac4753a126b076', 'Marlena', 'Andrelli', 'male', '1987-06-01'),
('568-95-8250', 'ngoodrickpc@so-net.ne.jp', '71705da93804e338b15da7d3951807df999ff57fb3ccad7479b1260c3e252ebe', 'Nataline', 'Goodrick', 'female', '2001-12-13'),
('569-49-9496', 'emuntg6@narod.ru', 'c3d5970d6da8d991a32050f412ffd0736e820af2ff3fb8f12fd3384f31ce79c3', 'Ernestine', 'Munt', 'male', '2003-01-28'),
('570-18-2181', 'gerrettqu@tinypic.com', '266d1c3743fc6bea45f12bbcf69191b1645cda90e728cea58fd08a79ed4cc121', 'Gabriellia', 'Errett', 'female', '1957-10-07'),
('570-23-7351', 'jclareylg@wp.com', '259b85a4c8ad58d3eeabf4f654210498fde772cac5cf19c962967c1cad9a0aa4', 'Jackquelin', 'Clarey', 'male', '1978-02-02'),
('570-30-3481', 'twilliamsonel@smugmug.com', '62d22696b2d447598bc74b1e2f9a267332d8aec8e1d05918fa3f22d7037cc112', 'Tristan', 'Williamson', 'female', '1994-02-05'),
('571-01-7964', 'mheinelak@trellian.com', '2fbd8753319bde0dc3a7dffa46314a9c680fcbc2c8cbbfa988d0a4251c442fe3', 'Margi', 'Heinel', 'male', '1959-07-26'),
('571-69-7762', 'cdyet2q@cocolog-nifty.com', '19c7a6b724c094b0b738698bec42ccbfca7d0f82c73b47b62d41ea4d8d225fab', 'Clemmy', 'Dyet', 'male', '1962-06-17'),
('571-86-9059', 'lthawqp@sourceforge.net', '767a49dce4cfbcb3e6e72edd99d6c1a84c9d2ce43c9449bb59e5aa0c45ef022d', 'Lorianne', 'Thaw', 'male', '1964-09-21'),
('572-33-3745', 'ohedgerqb@canalblog.com', '0268200fb5c02b549fb946523c668d5e4d092412bf84f8512845ca747733ff0b', 'Orton', 'Hedger', 'male', '1995-08-04'),
('572-37-0732', 'ariceardsk0@dell.com', '6e05bf55de4109cd1e84bb0f2dcfd6d632ef4e6fb03c4eea3be88a923b6d603d', 'Alister', 'Riceards', 'female', '1984-01-15'),
('572-98-0039', 'vflight7k@prnewswire.com', '4eabc5c198c7cdfd224b2e677d8a1ab0ddc0260f62b5e88539073390ed961a2d', 'Valentine', 'Flight', 'male', '2004-03-10'),
('573-54-0340', 'knice4f@pagesperso-orange.fr', 'be3c544de614646ec4dc69bb6a6e97d3b2986338fc7d555cf382a50c7ffac417', 'Kaycee', 'Nice', 'female', '1965-09-14'),
('574-06-2508', 'ascanem1@prnewswire.com', 'b6fdc7fd5075f729b97e4ca14be1e187ec605b7b355e7e798b3031037d802d14', 'Anabal', 'Scane', 'female', '1989-07-14'),
('574-32-0666', 'jhatherleyq3@slideshare.net', '3ffe605331b43b7dab3da254222ff7d0882cafdf275d83fa915d75f5d696e93e', 'Justina', 'Hatherley', 'female', '1959-08-05'),
('574-44-9342', 'rpurbrick2k@geocities.com', 'a6e87cceaf474451da8a459fe0421a7fb26c914f79125e9800c792c3fb03ca6c', 'Rodrique', 'Purbrick', 'male', '1997-10-12'),
('574-52-2214', 'sarguiledc@reverbnation.com', 'daf74f58edd72472fe2aafb5577ef73e1e635c018b89a0d0a68f6b17432fe13c', 'Svend', 'Arguile', 'male', '1981-12-06'),
('575-08-7466', 'fcolebourn60@cloudflare.com', 'b72512cad0e180cc2a954a836535080102818066c678c34216631fb2cc243104', 'Forest', 'Colebourn', 'male', '1959-06-01'),
('576-28-8283', 'mjankslj@liveinternet.ru', '4e685290e0f31f534f40ff5eb1fbab854cbc7ebe60b691067d0207ca47fe8c5a', 'Maye', 'Janks', 'female', '1989-02-27'),
('576-37-8702', 'dfedynskiq5@reddit.com', '57efe681131ac03dfcb99b16903e3af418adaaf254c8091a055ac137ab3f6101', 'Dix', 'Fedynski', 'male', '1998-07-22'),
('576-92-8830', 'tivanishchevp8@tinyurl.com', '4f5171dd927a442836c4b994791a38e842fd9d395a657ef9b98c73257fdb06a2', 'Tonie', 'Ivanishchev', 'male', '1976-07-03'),
('577-05-9599', 'fnottram3b@symantec.com', 'c11bd0e7db9cf033f61ab575e1b752248b994d9b57baf985daf1a1df9e89972c', 'Franchot', 'Nottram', 'male', '1970-12-26'),
('577-10-3406', 'smacgiffin29@ameblo.jp', 'b8704f60eedc5bd3df0be7f96b5e047c86841c26e55640277876529e5e92a2a2', 'Sherline', 'MacGiffin', 'female', '1969-08-04'),
('577-29-3521', 'bgideon62@theglobeandmail.com', '6121880cddfdf7d6397eb930a748b283f97fb437df94b7366da106864e5e5924', 'Bernhard', 'Gideon', 'female', '1994-10-31'),
('577-56-0680', 'jmansfieldk8@va.gov', '9a9b44f737049485700b4d9eaf38cb7f15d3ebb317022dba49bdadf37e96715e', 'Juliet', 'Mansfield', 'female', '1958-12-11'),
('577-56-8469', 'bwildmanqx@ustream.tv', '3af03efddb40a5c1733e205d4a4e207b0fdc567b7ca9ade9309c1f4f85c6804b', 'Barret', 'Wildman', 'female', '1990-01-31'),
('577-62-3066', 'areinhart36@desdev.cn', '432473505c6e9183f6875a75853135ea5eeb805746113bde1098af2a4cd9771b', 'Alden', 'Reinhart', 'male', '1961-10-01'),
('577-83-6181', 'eelveyfp@state.gov', 'a87c5fd6b0e631f475d81f1e917165239a177d68470709dbdaeec62c07b81911', 'Elvis', 'Elvey', 'female', '1999-12-29'),
('578-02-8765', 'dmelbury2j@webnode.com', 'd747787ac5cb83e13cda6efb7d8cf4a21dbdba0b2235ab3c001ca32cff2d5a26', 'Drucill', 'Melbury', 'female', '1988-10-02'),
('578-29-3237', 'jcloptonp1@twitpic.com', '2f14bb6b7e106071adeba1d4a69f5f99be7c3d29cb77699651477b301f1861b3', 'Julienne', 'Clopton', 'male', '1969-12-29'),
('578-31-8831', 'xslot6j@alibaba.com', '3632eb3501acc3197e6128d7e3f98ce3cb772b8cd8bd219fae35b11ef979c66c', 'Ximenes', 'Slot', 'male', '1989-03-04'),
('579-58-4674', 'rstooderscr@cisco.com', '92e6e4708865e7722835620a6ecdc9d51b0a0ec0a7a319b117dead49354a59b7', 'Ronica', 'Stooders', 'female', '1950-08-06'),
('579-96-5275', 'cnewnham1k@dyndns.org', '49b719d27818cd42fd64bf0a048ae794cb80944ad9baa8f78121aa3a13828b90', 'Clive', 'Newnham', 'male', '1998-09-12'),
('580-72-6655', 'nbarghf8@ow.ly', '5a3a0a50d08fc85e6b564444c602c3055d9dc6eb3dc3ffb17a43ebe7ddd954aa', 'Natalina', 'Bargh', 'female', '1956-01-20'),
('580-78-1362', 'arawkesbyhb@nba.com', 'dc667e7604ddef8301823a103cacc12b455fc46208cbe83d537c2daa5644db96', 'Atlante', 'Rawkesby', 'female', '2000-08-11'),
('580-89-1809', 'psandesg3@ftc.gov', 'ce3a92253f047f071449750bc5d53a8c3439c59275d9f2ec19a05fdf65b4e918', 'Panchito', 'Sandes', 'female', '1952-02-28'),
('581-88-0628', 'aorsirm@feedburner.com', '5dc0abec096dc2a625cee167e1bc224f2d6f50d22380577712804af1b3254c70', 'Aldrich', 'Orsi', 'female', '1989-11-04'),
('582-71-7982', 'vmoyser6k@networkadvertising.org', '3662462647c41a906e09504b84fe9eb36e48362127044af6ae6f12373a7bf4d5', 'Virgilio', 'Moyser', 'female', '2002-08-01'),
('582-72-2550', 'iwakeram@samsung.com', '08d9e2c06945f7d85d1432afd7d0bd809379b7083a112f7a0e688c8644812c67', 'Ivan', 'Waker', 'male', '1974-02-19'),
('583-33-8216', 'ichaney18@canalblog.com', 'e623230348a5acfba6a8126299ab7f1208f4212df59efce9b6ffaeec4aa5c630', 'Isa', 'Chaney', 'female', '1973-05-04'),
('583-65-9600', 'cbeldingre@dailymotion.com', '2fef606a2a7e8a02853237e988acfb5ab3ea3b65699eb7fa6789f019540de5b9', 'Celinka', 'Belding', 'female', '1977-10-18'),
('585-47-5039', 'scunnowu@loc.gov', 'b5e72a45d5e2035994f6cbd6f1a2466974c8cda84c5ae289b401da27d1cab64a', 'Selig', 'Cunnow', 'female', '1959-05-31'),
('585-56-7535', 'boniansqi@t.co', 'a166efa8898417fbc19ab7fee25ca9ab967610a8f526ddab7b3daff0f823823b', 'Belinda', 'Onians', 'male', '1957-11-06'),
('586-16-8170', 'jkaleweit@nytimes.com', '070a7a96f3f85d1b18d2e3a094180423e0cb419f08f0abbecb568abcf5619c9f', 'Jacynth', 'Kalewe', 'male', '1986-06-15'),
('586-61-8598', 'bedland3x@sitemeter.com', 'a20c5299aec9558cb4a6d152d4fd89551095882ad19b8a83d1f0749bcb225080', 'Bliss', 'Edland', 'female', '1962-08-14'),
('586-76-8316', 'bmechic7k@canalblog.com', '1249ad53cb24648d259675b8c1ab97d3b9710c03278930e6e764ef35a7334dbe', 'Bryn', 'Mechic', 'female', '1986-02-28'),
('587-05-1301', 'mjacobqr@dion.ne.jp', '0906e098c7a1f488eacd5480e3076bbca75d9c29d9816e82cd5d6334f0a9bec0', 'Mandi', 'Jacob', 'male', '2005-01-15'),
('587-34-1220', 'bvasichevq8@shop-pro.jp', 'b875e883390fb1690c4ee8967a59cacabf8145ec1ba04723cd52b818e6268f1d', 'Brenna', 'Vasichev', 'male', '1959-05-20'),
('589-12-5355', 'cmulvaghov@engadget.com', '5d22d9e03368392686124d4a720fae904175a7c9a826ccbdd100985062dd4766', 'Cindelyn', 'Mulvagh', 'female', '1981-02-03'),
('589-14-0435', 'mpref7@seesaa.net', 'e6b05c405068615ad254efdf04c14a9dec318a3bc9e312473199c9c1b3a5cef7', 'Mile', 'Pre', 'male', '2003-08-24'),
('589-15-7106', 'zelphinstonqq@reddit.com', '77780c454fc5d443876bb53c8d928295c207dff680059bbc5fa867b9a6f67873', 'Zelda', 'Elphinston', 'female', '1966-01-30'),
('589-15-7125', 'mhedneyl1@opensource.org', '5896f02f730e663644ddce3373445eebcdf6c9f798c6a4d22987e5af89a2ca05', 'Marja', 'Hedney', 'female', '1988-07-18'),
('589-66-2944', 'bclague2d@about.me', '3b91b32341a38cd884ef8bc681841c1e241774fcb5df126260326dccab0890ec', 'Blisse', 'Clague', 'male', '1974-08-16'),
('589-96-6735', 'bportrisspx@ox.ac.uk', '36d95d04a44389759bac38d17d60edfcf30e94defc9396a28cdb25df40be3f5c', 'Barney', 'Portriss', 'female', '1986-03-31'),
('590-36-9528', 'mbighamqq@webeden.co.uk', '115d62886a10858d1cec6e8271c104d84422ab624f7c55c54277ae595e5c0394', 'Marci', 'Bigham', 'male', '1995-06-07'),
('591-37-2912', 'ebeelbi@salon.com', '2c982fd902035df10186f38429ff67ba00526f9e238b4bc207ebe0089e449ff4', 'Elonore', 'Beel', 'male', '1961-10-20'),
('591-80-2193', 'egarroodpn@seesaa.net', 'e67d77e85ac961dc0e585a7c0066a69b9f3dbdd3c49c65b5e7d931eb61f88de2', 'Eveleen', 'Garrood', 'female', '1984-03-23'),
('592-48-6373', 'paspinal8x@vistaprint.com', 'f10ab935590a9d1cd2c020811bbc154264fc53128f28432f51652209d45fea75', 'Philip', 'Aspinal', 'female', '1967-01-23'),
('593-46-2743', 'bkeyme5p@paginegialle.it', '0cabcac907d975556f60a4e5539db2d736196ee483f3baf3ca2d59c0ed2a2a5a', 'Boote', 'Keyme', 'male', '1961-01-11'),
('593-60-1515', 'rpuddefootj2@sbwire.com', '8e3b571afe40f563f3d4bc72f674777ea3d9a7da6e2065e868547ef0d98e5322', 'Ringo', 'Puddefoot', 'female', '1964-03-29'),
('593-85-0994', 'jmcginnis9c@chron.com', 'c9e94626ccaedaf1f554de9fc723ed3fc1fd2a12cd7aa2c6ff7ff08ee5a307da', 'Josias', 'McGinnis', 'male', '1961-10-04'),
('593-92-2736', 'gdeathrh@so-net.ne.jp', '3266ea252f2fb51d2fa5650c9403aa9a385680a696d4d9049a1e8dbd1deb3d83', 'Gayla', 'De\'Ath', 'female', '1971-08-18'),
('594-64-2329', 'rtomkingy@fema.gov', '6170445d2a32964361e7b7e7594d137ffae0e4109bbd923c6f8e66365d10ffbc', 'Rahel', 'Tomkin', 'male', '1961-02-14'),
('594-76-0830', 'hcurmdj@globo.com', 'bb271e0e6beeb410f623ecda3a5ad43abef67661bfc0903199c07c07ac9d7291', 'Herby', 'Curm', 'female', '1998-05-14'),
('595-91-8282', 'gchretienmg@ezinearticles.com', '4a8beba926870981d56d0d9673e1590c3a9b7360b370a9f4b4cc3f88f5adc8c9', 'Gian', 'Chretien', 'female', '1968-01-13'),
('596-21-8703', 'svooghta9@nifty.com', 'b1205a4a70992be445ff38ade9c0b442e2edacfbab0cd0ca80ae8896d69ce142', 'Sanson', 'Vooght', 'male', '1960-06-08'),
('596-27-2775', 'kenticknapkm@diigo.com', 'ddaad63f18f4a8f5410143ed995539e51840b81bf2fda61facb8279c5e2db074', 'Kevyn', 'Enticknap', 'male', '1989-10-13'),
('596-28-7551', 'cminterml@java.com', 'f911ae06d78be82ae3164b9c841d087491afd1f568a5c95c1117f6884364597a', 'Chen', 'Minter', 'female', '1990-12-04'),
('596-82-6362', 'wbabarf@drupal.org', '2aee70fdf7b90d79d18c3f003c74485e0c98cdb863409bba7de3ac81dcfdc993', 'Willem', 'Babar', 'female', '1989-01-03'),
('596-97-6397', 'sbogeysbh@ezinearticles.com', 'e1bbe61e5eda689ad3c5997083e602568864e8b35c0bcbe0807beab0d10b474b', 'Susanetta', 'Bogeys', 'male', '2003-07-29'),
('597-26-7228', 'mrouge1l@weather.com', '155c0aefedfc9d739da359d157bafdfe1ea64eaa5c14a669bfb0bd33293b8f21', 'Major', 'Rouge', 'female', '1958-06-01'),
('597-57-1774', 'kcaddanot@jimdo.com', '334830cf3cf183cb238e9e9ea2750059e3d364ad74f488a1ebad170400f0bdc6', 'Katy', 'Caddan', 'male', '1986-01-20'),
('597-74-7846', 'lmclisehh@kickstarter.com', '259d5dd9a807a37c6f7a017bb6ed628a0c4c26cecf152c46146aa884e4713ef6', 'Latisha', 'McLise', 'female', '1968-06-06'),
('600-05-2663', 'mwaterworth3w@homestead.com', '603b9c74b474396f93bdc0336ac0c6271677f8906941aeacfaf40c2d351cd341', 'Merilyn', 'Waterworth', 'male', '1958-04-28'),
('600-82-5781', 'kgrossr@printfriendly.com', '4b9023c595e8c486bc30088b65722240e43848286297555b772dab77c01769c6', 'Kinnie', 'Gross', 'male', '1990-03-17'),
('600-96-9050', 'efreeborneck@ca.gov', '4e7afbc5184b72554ef768ed476cc3e58beb17e654204b3e7c982e30e5b11f48', 'Edmon', 'Freeborne', 'female', '1962-11-03'),
('601-37-6488', 'vtoffolonia0@nifty.com', 'd4a831e3a4245402392fbcd8eaaac2db42b828649e40585ed3952cac68da30c9', 'Virgina', 'Toffoloni', 'female', '1991-12-21'),
('601-42-5897', 'obohmanoh@bbc.co.uk', 'e47cad16e56a0113813d65385742afc8d8e18e90e9355a87ed4ed4608022a273', 'Oliver', 'Bohman', 'female', '1999-12-14'),
('602-05-7085', 'kkilohoj@hhs.gov', 'bf3179806c9677376ae391351459c71115bb2e58a2dad742be67a8e9f08b0855', 'Karly', 'Kiloh', 'male', '1966-10-28'),
('602-12-3925', 'asage4s@geocities.jp', '79529f8129d8a61777498f2d29fc3bd3c876f6771334b8a7cef3dfac22f1c21a', 'Aileen', 'Sage', 'female', '1972-01-21'),
('602-18-6241', 'tlockartph@google.de', '0b87081f9143db3be48a3c7b170347a059fdbbc356eee18582a12b4496ddebe7', 'Tod', 'Lockart', 'female', '1964-09-29'),
('602-46-5799', 'jdeedesgn@nytimes.com', '1fd3ade79697b59cf32be69fd1443f7b08d6bd9ce17783c704b80d8283d58fd3', 'Janie', 'Deedes', 'male', '2000-02-28'),
('602-63-5736', 'lguerre66@vk.com', '4c59322739f52ff1a37bdf8469a9c570adb112fb9bc43c0783572ad082db92f2', 'Livvyy', 'Guerre', 'female', '1985-07-25'),
('603-06-6955', 'lhalstonlb@yellowbook.com', 'e565b059896a2894c9922ec7a25f7babc1f2201534df040adcec61326594ca2a', 'Lorilee', 'Halston', 'male', '1953-05-07'),
('603-09-7856', 'mespinelk5@ted.com', '83683b4b2c0f770baf5d513e26d400df4e523b11c081ee9c77367343ae0c4418', 'Malynda', 'Espinel', 'male', '1967-11-20'),
('603-24-7360', 'rbowle4j@simplemachines.org', 'f72be76f53921f81c5442afb9b4020a03d5bdc352ae886615406a2e7b5a40d60', 'Rufe', 'Bowle', 'female', '1956-12-30'),
('603-75-5338', 'ewrotham13@illinois.edu', 'c9d901eb60363a6150131ed82a15845bbcc8d8b0ec07912aeb195053d8a9ea7f', 'Ebony', 'Wrotham', 'male', '1982-12-25'),
('603-79-0086', 'semleng5@wikipedia.org', 'a5af003342a38558b4e06de712bf1a96f8b7738e2f423b4ec05eeaa8a7005a08', 'Skipp', 'Emlen', 'female', '1992-01-23'),
('603-79-7427', 'fgarberl6@dropbox.com', 'b4233ffd840ae1b0e0ec5dd6b90b88eb3312672a13300244b8b69e11b2fa3a95', 'Flossie', 'Garber', 'female', '1995-05-20'),
('603-92-4978', 'sguthersona3@elpais.com', '1cc71ab67d6965ec3d936e93fa861958953f123c1f383314eccfcc605ab8b768', 'Scotty', 'Gutherson', 'female', '1972-09-03'),
('604-06-3141', 'afussench@merriam-webster.com', '401f4c7e69dbb72c3c899f30747def05506d4d89c197b4e74385aa2a2af42b8f', 'Amalia', 'Fussen', 'male', '1991-07-19'),
('604-43-8982', 'jarrandalefj@craigslist.org', 'a2248e79e4dc2aadb1f4bec3a465f210ab909907fd1097ec31f00a30c441be4e', 'Julie', 'Arrandale', 'female', '1951-03-22'),
('604-49-5942', 'rmacpaikeny@rakuten.co.jp', '2e838b7d9c99defa6e54368bc942374b6d57a9f8da91db6a3505190505b1385e', 'Rorie', 'MacPaike', 'male', '1980-09-04'),
('604-51-6600', 'cgabitesaq@ebay.co.uk', 'c4ffb39c7c9498b58a09bb29efb74126f35015a014694103f30b5ec5af6f5bdd', 'Cristabel', 'Gabites', 'female', '1979-09-10'),
('605-52-4702', 'adelcastelp9@blogs.com', '88bf7e17ef113016ae41aeb0288ba4ca995f5d7c0ab99c8a903db5a3f9873c42', 'Agata', 'Delcastel', 'female', '1995-08-02'),
('605-99-4513', 'pkubankz@wordpress.com', '1ce2ad897f5dc27e828e4f9305b626a53f68867b092c4c82c58cbced1bc6dd3a', 'Pepillo', 'Kuban', 'male', '1979-10-10'),
('606-04-2470', 'lbourhillco@vk.com', 'e76160cf2034faa521540dc11849c6f7c77fc2062281a4dd47e98c0bd2e616dd', 'Laughton', 'Bourhill', 'male', '1973-11-07'),
('606-83-1174', 'mglasard9n@wikispaces.com', '5ddd46779bd3d075022d6b014110d3b8b1025f1969ee99302d4252d018617c34', 'Mildrid', 'Glasard', 'male', '1951-09-15'),
('606-86-9856', 'ntapsfieldh9@reddit.com', 'e54562414c40ea7f700b3b62f28cc142166f53c56b8059ef7c9711a372798e2e', 'Nathalie', 'Tapsfield', 'male', '1992-11-11');
INSERT INTO `persons` (`ssn`, `email`, `password`, `first_name`, `last_name`, `gender`, `birth_date`) VALUES
('607-12-4815', 'gyukhninim6@wiley.com', 'bc2c8f78178c5848341169c38ff5fd37df29470d4ecbcf6cd7c29a56bb583eb4', 'Gertie', 'Yukhnini', 'male', '1982-06-11'),
('607-74-1462', 'cparnham9u@icq.com', '70fb90df07851bd26849934c97dca329478322cf5c267cf09aa1e7ecd66ddaab', 'Christa', 'Parnham', 'female', '1974-10-15'),
('608-21-4931', 'bidell4j@cdbaby.com', '47541e579b561eb99f289d8f0c64d62ab3598643ef20fef2ea7f9df1b05b5e3f', 'Betti', 'Idell', 'female', '1974-10-17'),
('608-73-1214', 'rtoplingpy@pen.io', 'b3717625026283a3e97a9a85c7ba62352ec972661ac599521ea11a000dc1659d', 'Rorie', 'Topling', 'female', '1960-03-18'),
('609-90-7524', 'rgother7u@g.co', '7d7e1e20ce29f96da1cdece652e4a349a5cdc146c4fc453ef0fd754793dfa77e', 'Rodge', 'Gother', 'male', '1992-06-22'),
('610-73-8374', 'lamblerqw@techcrunch.com', 'debc7a0620984733c4080762b70e20b513d18c6196e8a7d8e71955bc7629ba2f', 'Liane', 'Ambler', 'female', '1993-05-09'),
('610-93-3910', 'pjaniak4p@businessinsider.com', 'a8574290220713cdbfe50c683ad61e3dd9c625f9f8d1eab066ecb6c33e8b24f2', 'Paddy', 'Janiak', 'male', '2000-05-13'),
('612-20-5024', 'dskeermor5h@theglobeandmail.com', 'c1be92aa8975f976828baaf1d8141d7e855f40737cb4ec9b4f0435a5cfdd3511', 'Dannel', 'Skeermor', 'male', '1980-12-06'),
('613-14-0404', 'baldersealq@zimbio.com', 'dae34d410fc3bb6d3e702de108429c1b2617e102af02e7ee866d3ec3172d6314', 'Bartholomeus', 'Aldersea', 'male', '1973-10-19'),
('613-79-5509', 'hgerrietr9@reverbnation.com', '18e514282d00666b3c2f140260f8c69c16e48c727b3b756cf773dbb41bc7c3d6', 'Hailey', 'Gerriet', 'female', '1958-02-13'),
('613-85-8944', 'kormondi0@blogspot.com', '49cd97896c76de78f2014875dd1e1b56158fc81a01baabd6eed2fe45a3f8cbee', 'Kelwin', 'Ormond', 'female', '1962-02-23'),
('614-05-0159', 'ballston3o@wired.com', 'e42fe865ce88fe3a8ec994e699af289df51a6565d2368a714b9cb1b24b202753', 'Bren', 'Allston', 'male', '2003-03-25'),
('614-12-6074', 'fhucksteppat@newyorker.com', 'c65dd85f1f7311d971bca6933c1915766cac9c30d91e34bdeaacedf91d9f468b', 'Fania', 'Huckstepp', 'male', '1975-02-14'),
('614-39-9420', 'wkinchleynm@cornell.edu', 'cc8d64495fcc98923ff8e1ea728717b84cffc1ea592c1d190fd9d81c4d97ec98', 'Willyt', 'Kinchley', 'male', '1974-04-12'),
('614-64-2855', 'aalltimesb0@usa.gov', '119046baa686e77fab027eb13ea46b9af9f63715306c009a26e8c5a382cb00cf', 'Anthea', 'Alltimes', 'male', '1951-01-18'),
('614-75-5325', 'kroches8@youtube.com', '691d9f7cedffbbbf8db7b113fc8bed17aa83e57ab773a0df7fb58c0290c27af3', 'Katey', 'Roches', 'male', '1999-05-04'),
('615-63-0884', 'lgounelqx@about.com', '6f875f58146ca06eb184012cb3bae9c3f5c4ee1e118ca0bcc6d6bdd8e11bfbaf', 'Lin', 'Gounel', 'male', '1974-01-22'),
('616-69-2027', 'pspat8e@lycos.com', '813d51fabfb4734c4b1a9be6b2c57ce8b733afdd31ca63dc9bdd4f7e2f06ad79', 'Pinchas', 'Spat', 'female', '2002-11-17'),
('617-46-4601', 'kcardoebv@marketwatch.com', 'f36763d807b004404ad7d79a593d26da1a6d6f9f19705a2778544db8325dbc07', 'Karin', 'Cardoe', 'male', '1994-08-17'),
('617-50-0708', 'rrand3j@smugmug.com', 'f3479d2f0cc3a081e5056e65ec64d138910df379b7007c328386cd9f03aca7ae', 'Rice', 'Rand', 'female', '1971-08-24'),
('617-58-5528', 'klavertyoh@goodreads.com', '6b5a9509f4043f3d5cc44d917ec4ae3780d6395ce9cccfacb045cd1cc78128a5', 'Kamila', 'Laverty', 'male', '1970-04-21'),
('617-61-4655', 'twinspurrfp@umn.edu', 'd20d4f33924c662cbc96d2566a308de6851735955cb738e362b329d833c28c16', 'Tyler', 'Winspurr', 'female', '1980-12-18'),
('618-13-9793', 'stremmil3z@vistaprint.com', '5296ef36983172db7cbede5a32b50fff1d5071a23a94bd5025271a29abc24b47', 'Sigismondo', 'Tremmil', 'male', '1986-01-04'),
('618-56-1618', 'eioselevichpz@sourceforge.net', 'd2a6ecc3f5730f3fcc3edaae9251ead2106d8a4748c9cd5b292bb9ef439eab27', 'Earvin', 'Ioselevich', 'male', '1959-02-04'),
('618-80-1755', 'genrichds@furl.net', '9466dc04526a80658980c5fb1101b97e237ccae175a984bd41814a0796eb85af', 'Goldie', 'Enrich', 'male', '1998-04-09'),
('619-04-9161', 'cmacneachtained@ezinearticles.com', '7b216763515fdec8f11c635c806b5451b869729f048f3b14cdd49be58aa5a9a6', 'Clark', 'MacNeachtain', 'female', '1996-10-19'),
('620-02-5627', 'rclendeningpo@merriam-webster.com', '759b418e839d7315f5dc53b44f2ac2c368e00543f35e23d54c30e0ab95c33e61', 'Remington', 'Clendening', 'female', '1955-01-25'),
('620-15-9120', 'asictornes67@yale.edu', 'f52031bfb2df8eaf69d903b79663beb21bec5e020a2b93326cfd0fd943bce18f', 'Audrey', 'Sictornes', 'male', '1967-12-14'),
('621-22-7300', 'ltheuff47@123-reg.co.uk', 'c410020a5fbc42c2b67641f596aadd9c2aac65ce478ee1063b70f4c243798fe4', 'Layne', 'Theuff', 'male', '1972-11-29'),
('621-28-4562', 'bennorh6@wikimedia.org', 'e22a69d27ca695c99c7104e655cbe8063de5266060c37c9295e9f13135135f8a', 'Bevan', 'Ennor', 'female', '1984-04-20'),
('621-75-9699', 'gbourdoneq@noaa.gov', 'b39573a50be85815ae5189e0d367ee40d61b7003d39d4ffb691e4afdabd08e3e', 'Gratiana', 'Bourdon', 'male', '1957-04-09'),
('622-19-8806', 'bstolworthypj@twitpic.com', '0803c66b20f3a9ffdbc4a03d8cc185edd80a64f26a7816cfbac840fbe87d0982', 'Brocky', 'Stolworthy', 'male', '1975-01-10'),
('622-39-0008', 'cmagarrelln1@a8.net', 'ae0cb7ada0edc026e03b7c1b6927538ba579cba5459f7a0f88f104342762bb2b', 'Cristi', 'Magarrell', 'female', '1999-08-04'),
('622-84-2600', 'adaouze8r@un.org', 'e618b7f4107ffd5757143d623c12e2d703ed991daafa4c787306ea22e52fadbf', 'Arlee', 'Daouze', 'female', '1965-09-10'),
('623-20-9100', 'kfludgate6v@nps.gov', 'c0e77c6215be9c3c86f50fd22f9262e4c7578566f5046e50c4e01ce396aab6b4', 'Karylin', 'Fludgate', 'female', '2003-03-07'),
('623-33-1862', 'obuckhurst4r@shareasale.com', '9acc8a51e5567bfc3778d61eb03ec5bb729a6a944ff41d5cde3e9fd293e504d1', 'Orel', 'Buckhurst', 'female', '2005-04-06'),
('623-45-3659', 'sheddenn3@meetup.com', '18e774dca352973f380d1f5d1bdcfddc53e4cb95ded8e720d2fb019520c37e0b', 'Samaria', 'Hedden', 'female', '1985-06-24'),
('623-70-3071', 'cgambellj4@hatena.ne.jp', '2bdfb4ca096fbd9d02e3955b0cc1a4f0591bad2adcd73156c6bc1b24bba052d7', 'Costanza', 'Gambell', 'female', '1955-12-04'),
('624-24-5908', 'bpowes@springer.com', '3d38abd2c4c4e7ab343ed19bdabe1f8214f97892dae2df26368c10711c93d473', 'Brigitta', 'Pow', 'female', '1990-12-04'),
('625-02-5773', 'wdurhamg6@dmoz.org', 'a284a7d0e9c5a8ec229ecf8579f2421ac35a1c6a6f43f54095b1014fcf4168ed', 'Wilhelm', 'Durham', 'female', '2004-04-14'),
('625-18-1084', 'udrever94@shareasale.com', 'e5c50bd5e65cc354cbb9a9eba206d9221c354fc9285526c132e83efd97a67384', 'Ursuline', 'Drever', 'male', '1959-11-16'),
('625-38-7971', 'sswiften@sohu.com', 'f946306f30dbe59393124950ca2557b1cc3e0db11aea44302a9716b705c005e8', 'Salmon', 'Swift', 'male', '1995-12-17'),
('626-20-9234', 'bleganoo@artisteer.com', 'e846859476e335d6e569688e9b3eefd52f926ad359470e085618ab91743c80ee', 'Beryl', 'Legan', 'male', '1986-08-07'),
('626-41-2554', 'vwinnistereg@pbs.org', 'd8eec73d9863f7e65a24ddeb4050dbb2c4dafe5b5d924440edf8529b4f0841e0', 'Verna', 'Winnister', 'female', '1966-09-27'),
('626-72-8849', 'sportugalnt@nasa.gov', '36c3414c0b31177db72ec14241027d72247e2f6f003c7209b10d54ee8c42d79b', 'Susanna', 'Portugal', 'female', '1981-05-23'),
('627-53-4014', 'acadaganeh@list-manage.com', '8006460cf55f6480f1a471e48d3ddd227c32b01471a36fa4b014542a2d0a6829', 'Ashla', 'Cadagan', 'male', '1968-08-01'),
('627-78-4659', 'droutleyg4@noaa.gov', 'fdbbfd547ebbe0c170bee9c458b4ed6c4e83bcb04549fd7b6dfaed8e2009be82', 'Delmor', 'Routley', 'female', '1963-11-25'),
('627-87-8708', 'veddowesgh@oaic.gov.au', 'f7a3f2c861c4cbea22f9a39af2ca579f42d98edfaa417c57d46426da7bcdcfb5', 'Van', 'Eddowes', 'female', '1978-04-17'),
('628-01-6603', 'jmarchisogb@canalblog.com', '7c41dd6b87505b93dde554479c6fd989b019aced84989a6017204134a4bb9988', 'Jemmy', 'Marchiso', 'female', '2002-10-13'),
('629-22-8252', 'spingstonnd@github.io', '28cc4773934f04fcf85c9a9ca924705de9556f0b2ebb7e44fd48e8bb5f989618', 'Sophi', 'Pingston', 'female', '1993-01-07'),
('629-26-2083', 'jtellett4w@columbia.edu', '53865a4f71505b29df6d41876c8e537a23d38c816c873e88fde1f5ff36d0ad19', 'Jody', 'Tellett', 'male', '1953-01-13'),
('629-57-0770', 'ginmett7x@meetup.com', '077cc024fa905f173cdc538e2d5828aa7b9d6020fc58b794671f60588f89f5d3', 'Gabie', 'Inmett', 'female', '1982-08-29'),
('630-25-7290', 'dgeareej@quantcast.com', '580419cedd942534576cf6b71547a47ecb80bbdb98524b8dc940ee1ad1336ebf', 'Dugald', 'Geare', 'female', '1994-07-08'),
('630-56-0269', 'soxborrow95@sciencedaily.com', '0d9271182a85698483303ef6a2dc4256fee916b793f19867bbda330c75153c96', 'Sibbie', 'Oxborrow', 'male', '1984-10-01'),
('630-72-6317', 'mseal5b@altervista.org', 'baa60d78750b731f982b98949a54d60483905f308414de836cd537e03b3f3b53', 'Madelyn', 'Seal', 'male', '1963-11-19'),
('631-57-1854', 'mgrinishin4b@newyorker.com', 'df6aa7a3ed36703c8af90843900785ce938defb00bab2370c7c85e436701240d', 'Merrielle', 'Grinishin', 'female', '1993-03-10'),
('631-66-6002', 'lwilletsny@ft.com', 'fce3932e6fd3819057b21c2dd7e928bdde0567c28269c14c163e2033f3b2353f', 'Letti', 'Willets', 'male', '2000-12-04'),
('631-72-2425', 'griccioox@china.com.cn', '527a9abbe545bea8e5fc54c9d8d7665822081dfa1d3a243e9113fc6d5dd38fd5', 'Garv', 'Riccio', 'female', '1980-02-10'),
('632-64-2272', 'mbertheleths@people.com.cn', '2348b42163284a9d3bf7b1acefb05c9e81e7cd73f7f84444ca007e42c6acb24c', 'Mohammed', 'Berthelet', 'female', '1980-04-24'),
('632-84-2215', 'drosenfeltl4@marriott.com', 'a14c7ca827a4afcadeda707310d0aa5cac539f7b1c52f5e941976dd32d8612f2', 'Donnamarie', 'Rosenfelt', 'male', '1977-10-23'),
('633-40-6990', 'slevittcq@vkontakte.ru', '03da4f4f26ad4ed5f70ecd298c5b5c77f5accee6028d47b615b06b49bfcfdb7e', 'Shoshana', 'Levitt', 'male', '1962-03-03'),
('634-53-8423', 'svila2m@mit.edu', 'a81b89984d74d359b301b54a31fc9d5daddeef276f37327c44e5e840e6cc0f02', 'Sindee', 'Vila', 'male', '1974-02-20'),
('634-59-6404', 'amcgarelg2@businessweek.com', '843acf813def1c7c8f866b52c6b7dd023dc5ca6d97ac9db043814377981556f2', 'Auroora', 'McGarel', 'female', '1955-10-14'),
('635-15-0065', 'pwaterstoneet@businessweek.com', '86cbb1a60be23b17a9b49a02326728319c489673db8b258b5c54f21186983547', 'Pandora', 'Waterstone', 'female', '1959-10-21'),
('636-30-1605', 'mmcsperron1a@xinhuanet.com', 'ffd682a08be002af5e770c785364d8798a4208664a7eceb10fac66e2ec4b5b31', 'Margette', 'McSperron', 'male', '1981-06-29'),
('636-31-0799', 'pdedomenicipl@wunderground.com', 'b149fd9038b4a094d25cbe4ff01b60cfc05ba54f7e233a81a2020aea96cdf215', 'Patti', 'De Domenici', 'female', '1997-09-21'),
('636-33-8184', 'agoodayg1@bbb.org', 'db6c31e69fff553d3c81d175923b72f8716bf3e1d869c3648fc8caa5fe37171e', 'Aggie', 'Gooday', 'female', '1975-09-30'),
('636-45-4607', 'sdorn2o@myspace.com', '970df1ff24f8dd82855f5d0be2ac1d7f2bb75c0e5fcc5991637d1e7f9c16e8c6', 'Stuart', 'Dorn', 'male', '1952-05-12'),
('636-76-2699', 'tgoldsbrough8g@networksolutions.com', '47a358299a147c5d6c9abf39203b8fe43e19b399d69d21989923768c242fc75c', 'Terrijo', 'Goldsbrough', 'male', '1983-09-23'),
('636-94-9022', 'soakman7g@posterous.com', 'c82b124a2f2e620cdefb71de6278c231457fe6b740eab6b5163ab9b53aae9dc1', 'Sebastien', 'Oakman', 'male', '2002-05-01'),
('637-29-0652', 'lbassingden8c@patch.com', 'b840bde6329f4ebae707600ed74fde71f8426acb9a6ba65450011d3679672190', 'Lori', 'Bassingden', 'female', '1956-02-13'),
('637-30-9717', 'wsmerdonoc@europa.eu', '55f375029687c25dc63afa0b0473109747e0789d295d3f72a149680e634f952d', 'Weider', 'Smerdon', 'male', '1971-09-09'),
('637-52-3517', 'mpenaskx@wiley.com', '6fb7b635d73c5b470e43775bac304b48401267e6f2d172764809e1b1d9b0ac3a', 'Marita', 'Penas', 'male', '1997-06-05'),
('638-01-5185', 'toshavlanlb@walmart.com', '01cd843e79d338bd7d0a06e333280cb2c039b94dfaac61101a6c0ff76a5a3767', 'Tasha', 'O\'Shavlan', 'male', '1953-12-06'),
('638-16-5057', 'bwinsley3@cdc.gov', 'e38d48b7e56806019062fe7acea4277fdfaf543f59300601133c207d58f110e9', 'Barr', 'Winsley', 'female', '1997-11-29'),
('638-41-5151', 'gbyrthey@cafepress.com', '2fa82692b5172b9d6bdcb33b907fc892fe6297fc850eb05dc3db1e48f4d8f023', 'Georgie', 'Byrth', 'female', '1959-05-25'),
('638-61-3771', 'dblazyjk@blogs.com', '3e409a939ccb48ec08a39ea94c89b16d4ae3dde9b214244985e1ec1b00787faa', 'Duffy', 'Blazy', 'female', '1960-02-21'),
('638-72-8036', 'emcshirriedd@berkeley.edu', '2c66743ed2786611eb36cc624c6aa53c8cb5295cf7d7039b20f9a6ff381b6420', 'Elizabet', 'McShirrie', 'female', '1969-08-28'),
('639-37-2985', 'sscotti7e@google.fr', 'eca00e2b729b817b16ebaf476ff4b65aad523054f65e79a81bf433c6a7601f62', 'Shae', 'Scotti', 'female', '1970-06-20'),
('639-79-3062', 'jhouricanpa@pagesperso-orange.fr', 'd113482c5c319095dd23353228cf93e1f8de1d5188d0a1edd967a47cefb76c82', 'Johna', 'Hourican', 'male', '1977-05-11'),
('639-82-6590', 'dream5@weebly.com', 'fd94a13971bf7e19bf013c2803e38b276f4f3f8b38238c5707549696648748ff', 'Donal', 'Ream', 'female', '1973-03-07'),
('640-03-9420', 'blortzp6@bigcartel.com', 'd1d700110d7659635de6410e315180ad935341fb0283688a40a49a9c706e5a5a', 'Bernetta', 'Lortz', 'male', '1979-07-16'),
('641-12-5355', 'tmccoshbi@omniture.com', 'f2e319809ba9e9d4c2c91ebc33685dc6721a051b122f8960570be9a6139d594e', 'Twyla', 'McCosh', 'female', '1969-01-30'),
('641-24-5810', 'srattrayd4@is.gd', '8d38ad20848a21134e9ccc9131a6b341da97db1a8edd88ccff77c7f34ebbf6d5', 'Sharia', 'Rattray', 'female', '1955-03-23'),
('642-19-0102', 'hsibthorpedu@wsj.com', '7dbb1eee72938eb0d9c345a2e0e7eeb3bf7b292f93deadc7d32a3e3f3bf7ff62', 'Harlin', 'Sibthorpe', 'female', '1952-08-25'),
('642-62-5698', 'mlanceley5@mlb.com', '2641d8d096761adb099012a7dd123b4503adb4387d214e501d91dc1d69d7b3cc', 'Maurene', 'Lanceley', 'male', '1957-08-13'),
('642-65-9191', 'bgobymn@slate.com', '3209122cf8bbef86db4c9af5cac538ae1c8c0b8f746d8a02796cafcce9cdce30', 'Bear', 'Goby', 'female', '1972-06-01'),
('642-72-6312', 'ocrabtree6@nhs.uk', 'c7025b48d2317c293cd1df458898243a9693347bbe078808ff256abb4d7cf0c0', 'Orlan', 'Crabtree', 'female', '1994-12-14'),
('642-75-4223', 'wjohannesson3b@creativecommons.org', 'ac7552ed25064268572870ac498cc2e946d658cff8a8eea4ec81fa1263233c82', 'Winslow', 'Johannesson', 'male', '1962-02-02'),
('642-98-3457', 'jfurmanm7@ucla.edu', '206dd39d298dfdd10f2dfb83c9fe27bc72a75c7bf8d9786a77afcdec91e6ef27', 'Jordan', 'Furman', 'female', '1958-11-09'),
('643-09-3027', 'tkemmons4g@npr.org', '141884bc5c031a77b632f1d6b9a2ebeb6c54d054bfc22dc4517f12c936097d79', 'Titos', 'Kemmons', 'male', '1977-05-03'),
('644-17-1240', 'mrasp9z@about.me', 'c402bd1196f48341159c022bb00c2e4fb10b6ca48624710ce8574b341fc9693c', 'Murielle', 'Rasp', 'female', '1974-01-25'),
('644-41-8006', 'ecroomod@goo.ne.jp', '1c3b29b91ab59826c27f21a2c99426d3aeaa48a915b36be46e9d2690796de1ca', 'Edan', 'Croom', 'female', '1971-01-20'),
('644-89-0449', 'rconisbee3e@mail.ru', 'c07d4607bb7f1c9620814184fe159df8c26b93b111bb0468ab2221a4ef6e93dc', 'Rebekkah', 'Conisbee', 'female', '1955-03-01'),
('645-12-7778', 'boregangs@cam.ac.uk', 'bc32d8fda9bfaa90971538c23711070b59e284a3751af2ab57bd9968b83c6055', 'Barnett', 'O\'Regan', 'male', '1968-08-03'),
('645-92-4560', 'jnelldy@umn.edu', '8e36164f7bf6fa3571b0729b56ff5b06e5fc419eff41d71e552706d8d8331739', 'Joey', 'Nell', 'male', '1998-11-15'),
('646-01-0268', 'rthorogoodbg@un.org', 'e049e7344930932799c342a8ee80b7c4826e15852241e3ade54f1563e4ab6a28', 'Ricki', 'Thorogood', 'male', '1966-02-15'),
('647-03-2922', 'kgilardonigi@gravatar.com', 'fc6d3c586f53e00c32546c86b4f838cdea3492cd65755bfdd0ea7356a147e641', 'Kissie', 'Gilardoni', 'female', '1957-06-14'),
('650-53-2947', 'goxenbury2u@barnesandnoble.com', '7e562a073332a908e9fb86cecd8abab4b0aa370cfa451481fd02688769e03f0c', 'Gloria', 'Oxenbury', 'male', '1992-12-30'),
('650-60-1849', 'brubinekrd@umich.edu', '532bc2af3fe782fe1cc3f4ccd8eabc04f5b1576aac2cd5a73966028c215b6962', 'Birgit', 'Rubinek', 'male', '1987-04-26'),
('650-76-7196', 'mgandertonfl@economist.com', '971915f73904376ae6528f3ef4e3900ecda6c46e3d3a0c72cbcbd70f391ac972', 'Myrvyn', 'Ganderton', 'female', '1962-02-23'),
('651-21-1371', 'abergincn@economist.com', 'fed6c0543ab32f98cb98e134238819a6fa0d68173075b06dfdaca5b39a9a94ea', 'Annmarie', 'Bergin', 'male', '1968-11-10'),
('651-82-4422', 'rtrobeji@nyu.edu', '428af26ff6e775bb237c24b483a553b095715b652e3b65d5c00b8ae2bb07ff1f', 'Roxanna', 'Trobe', 'female', '1995-01-09'),
('651-86-7200', 'mroughtfe@google.es', 'd0bc43003723334e0b000e64d46390538c37f7a6749cb7a7e55451ca35e5db80', 'Meghan', 'Rought', 'female', '1985-02-13'),
('651-91-0897', 'sdigginqf@springer.com', '2b1ed3a22af3a7c91f425ef405ea6df38e987aea1c635fa25341fca6450d4ce6', 'Selig', 'Diggin', 'female', '1973-10-12'),
('652-02-8840', 'loffield75@icio.us', '89a3830bd9b3433aa7bb811733069ff4a9a54819ba410e9a9753e8a2e27b2da6', 'Levin', 'Offield', 'female', '2000-09-24'),
('652-50-6648', 'rcabrera8z@paypal.com', '99a9502f6514a9d250902aaccf0a195d8591f4ed1f806c579be5d8f64d8f26e6', 'Rhoda', 'Cabrera', 'male', '1985-09-10'),
('652-58-5517', 'dlambshinejd@weebly.com', '98bec72cb704030ecfe9f97f96e5f7f9dda79c6dc30a4dfe230cd887bd815e16', 'Darla', 'Lambshine', 'female', '1962-04-17'),
('653-09-8892', 'ccash6b@infoseek.co.jp', 'e0d039d997abbe70f40629766e56a1b6529f50cbbbbdbd822dd8b26235e05a87', 'Cooper', 'Cash', 'male', '1955-02-01'),
('653-41-3872', 'jricharzl5@businesswire.com', 'd9c93ee90cb767ad7608d1ca623bd3cff25f24ba8dd12e46af2736fa6e54f967', 'Jeana', 'Richarz', 'male', '2002-08-27'),
('653-80-6219', 'smaddiganmr@nps.gov', '5f2d560e7f524ced51acd3b9590d0397c3835bdc7f16a8251aaad73c49cdb58d', 'Shanta', 'Maddigan', 'female', '1962-08-13'),
('656-85-8938', 'blochead6@oracle.com', '9ace287ae0d33d4cb7fc116ca40c10a604972538eac53984e950e4d04bde5b1b', 'Brand', 'Lochead', 'male', '1974-04-08'),
('656-93-0054', 'msymela@tripod.com', 'be4acbcf1322a50f5acf71ab7e39233354988f16b75080f3a4904bebcb982c55', 'Milicent', 'Syme', 'female', '1980-04-26'),
('657-09-5355', 'slurrimanm@oracle.com', 'cfb8d2c0aced17a4ea81c731fb6bde7461e6e0669a6e21e523eb8d9fae4a8048', 'Siobhan', 'Lurriman', 'female', '1973-03-16'),
('657-17-7641', 'rwentbk@google.es', '3725dac940295969e9c9035969cc88d1895cae9ae734dcb8f954ef2af61ea83e', 'Ramona', 'Went', 'female', '1971-07-13'),
('657-38-1136', 'tjonathonlw@goo.ne.jp', '12a3d47f3fe5a1fa68398c274f1b4c30a22029a221433e1db201d8e823158821', 'Tatum', 'Jonathon', 'female', '1952-05-03'),
('658-35-8898', 'phumew@dagondesign.com', '995931b6267c96e7387ed8ed87a282a9630495ad5c6ed40c1a71a0665b031145', 'Persis', 'Hum', 'female', '1981-01-18'),
('658-81-9464', 'golufsent@netscape.com', '26bf0d2d68b4a459befb8f652fff4610928b7b1609193df29535138723d79bfc', 'Gregoor', 'Olufsen', 'female', '1981-05-18'),
('659-46-5036', 'msizeye3@imdb.com', 'bf5e5ea747f30f13ff7f73753b773e3d9a2d42a5e421fb0b9e27206d70d0bd72', 'Micah', 'Sizey', 'male', '1982-09-19'),
('659-67-9557', 'jpopworth6p@creativecommons.org', '9c0805069d7b91c03db3e8b939641fd8adc0b9eda9e59f70a396d51fc11b143c', 'Jilly', 'Popworth', 'female', '1957-01-27'),
('660-25-3663', 'kstarrs3z@usgs.gov', 'efbe00c82665d76cb02297b862fdeb3deeda00a69e27552bc76c1594935608b5', 'Kimberlyn', 'Starrs', 'female', '1985-07-01'),
('660-25-5678', 'tcourageq5@cloudflare.com', '30b290dc7aecbdcdf312986104b4c0141b1213f79ef5893b7d6d5b3b72ed439c', 'Tim', 'Courage', 'female', '1969-01-24'),
('660-28-8521', 'vgarfirthim@dion.ne.jp', '4aa5437af86603aa9923edcfcd01c0ce06655a2d0b61ee368c9ef591322f5a01', 'Valdemar', 'Garfirth', 'male', '1997-05-24'),
('661-27-2229', 'hlosselyongo1@soup.io', '436b65bb0c8f6f6694fbde504b4f9c1c083903d779435ce9a780a7b2f643c6ba', 'Harry', 'Losselyong', 'male', '1991-07-08'),
('662-67-1811', 'avassmank2@discovery.com', 'ac92c12be00bd68bb941a7f55efe876ee7cb5b8ce85d6833486aae9441852617', 'Anna-diane', 'Vassman', 'female', '2004-04-08'),
('662-98-9550', 'erootsdv@mapy.cz', '2c2cc5485241b7d998c801a6da5dcb36317b2329869d4a78e35a7629f9d962f0', 'Elden', 'Roots', 'female', '1982-12-25'),
('663-15-8644', 'gbritchgv@google.cn', '7b5aec8267e5c70a26c2f76fd8065a0fe3493131a9d3a9a77b2af6bd20d298fe', 'Griff', 'Britch', 'male', '1968-11-29'),
('663-51-6583', 'bgronauerb2@tumblr.com', 'a7054f27220220497c768cc8a7b94cafa25c3793e0b0aefda8595e2e4e30ac55', 'Berte', 'Gronauer', 'male', '1965-12-06'),
('664-04-6483', 'akobel8u@businesswire.com', '29c0fe307a48b49db99a57d18fb2eda9e8e79d355efd3542f88f213248e57821', 'Almeda', 'Kobel', 'female', '1964-05-22'),
('664-83-3704', 'tsclandersr0@opensource.org', 'f9910f21b607af024cd76ab41ff535cc1808a2c3ce78616e05e81e8c3ee3c305', 'Tonye', 'Sclanders', 'female', '1961-11-11'),
('665-34-8556', 'ccinavasz@cbslocal.com', '420f8a85cbc46e54bb6a5d45d3a3ca4838b8ab794f7f8c8a854b8950bc54d869', 'Carola', 'Cinavas', 'male', '1994-09-02'),
('667-02-0007', 'rgrimshawqj@phoca.cz', '982f3a1c5a935e76ddcccfcca36107bc03ef5c06882a3101069d857b05a06234', 'Rosalyn', 'Grimshaw', 'male', '1971-07-10'),
('667-53-8904', 'nfortmand9@admin.ch', 'ef361a9eed84ddba35616b481bac1ed23202503f2198b6d9f27cb90a9a8162bf', 'Nels', 'Fortman', 'male', '1957-02-27'),
('668-77-1261', 'zcardallhq@goodreads.com', '51b72aaf223cacf0ca1c32c06c0766628f212951a02495a0677367a4dd464838', 'Zandra', 'Cardall', 'male', '1965-06-21'),
('668-79-5486', 'cfrancesc4z@hp.com', 'da569e78977716f8719e3d27fb7dcd530eb4b29b060f67235c6550bdabb51856', 'Corbin', 'Francesc', 'female', '1954-08-14'),
('669-08-4073', 'ewilmot6g@senate.gov', 'fcd5abac742023fea357a681d28a5a30cd1cf782dc54178ebcaeb09c2647f8cf', 'Etti', 'Wilmot', 'female', '1987-09-23'),
('669-14-0893', 'kjakubowicza3@uol.com.br', 'd70f9b27322a881848d3ee813cd1d5738faca2bd84b34db1750ace2be07304fc', 'Kirstyn', 'Jakubowicz', 'male', '1974-11-01'),
('669-49-5653', 'edungate24@cdbaby.com', '1b43f3d171f4aa1010a0ccf31e63fe20b708c10d0380a0368c1ef8252d593eec', 'Ethelin', 'Dungate', 'female', '1995-03-26'),
('669-92-8649', 'sdallimareok@reuters.com', '566025d2bb929fa0668f9a074168958fa954276881e8cad03a742182298ee5df', 'Shaylah', 'Dallimare', 'male', '1990-01-14'),
('670-19-2302', 'lwyldx@webmd.com', '5fdb98f000e7275ab4e348f372ae1f5d4187fc79d12bfe4d8d90712810a57626', 'Loutitia', 'Wyld', 'female', '1981-06-11'),
('670-69-1744', 'lvanbruggenpq@domainmarket.com', '925242d97a87bbada42f20d28e6cb563be74f9c66abd2091052ece927c837b6a', 'Loralie', 'Van Bruggen', 'male', '1994-04-14'),
('671-45-2888', 'dstairmandm@clickbank.net', 'ecc9b05670fa96451826d8cdeed0bf7bfd344cc92950793c2e83553a28dd269a', 'Dorris', 'Stairmand', 'female', '1981-02-01'),
('671-73-0296', 'jguillondq2@woothemes.com', 'bf3c27ce133d39925c17738aeee20f0b11689a5ce3013de63698c114426e0ff7', 'Juditha', 'Guillond', 'male', '1963-03-08'),
('672-71-1909', 'jcoultashf@bloomberg.com', '804a4e36c6dc8eda891e6b1a715b7194c791424ca3eb080900021df68706abcb', 'Jose', 'Coultas', 'female', '1993-04-30'),
('672-80-1862', 'sbacksalhl@theglobeandmail.com', '845e336b6e2767799149aff235d1c9beac8990f9bca5dc1a88622c0d5b670a2a', 'Sky', 'Backsal', 'male', '1969-04-10'),
('672-97-1189', 'lmerwede4h@mlb.com', '377fab844adcb2faf98f92388e6cea00a677a1e730c70ec4f696c306021137e2', 'Lory', 'Merwede', 'male', '2001-11-25'),
('673-47-2254', 'glickesslw@geocities.com', '82587a3722d73c6218553b6ad3239f4088caa4bb2685f443646968b9c8fcb8d7', 'Giff', 'Lickess', 'female', '1956-11-02'),
('674-21-5069', 'gpilley63@weebly.com', 'b87c9f3c9050b6a4d50dfc52e04cd9bc2294e2607ba1ea136748601d819b0e5e', 'Gerhardt', 'Pilley', 'male', '1971-12-02'),
('674-22-5493', 'golehaneq1@simplemachines.org', 'ea02582c3e8ce4afd0baecbbc8882da3dccfd0cd838a5d973a734860c9f96e8c', 'Gerta', 'O\'Lehane', 'female', '1986-11-01'),
('674-54-9721', 'amclarnonp2@un.org', '74dfa88867c499ac6b85171b722f666f343052ed64c1e7e5eed78e21db67ea95', 'Abe', 'McLarnon', 'female', '2001-08-18'),
('675-96-8168', 'mcolebourn9v@salon.com', 'c73b540f8cd5fdfc028f66a75467f892de7a76a7a790cbd37abf5b1848f4ab32', 'Magdalena', 'Colebourn', 'male', '1968-12-26'),
('676-29-4142', 'hcorintonl6@gov.uk', '05ceca8a8d88aaa1de6d610fe273ee8b6c02bc2b4e1817b53e4d3aacaf2fcfca', 'Haskell', 'Corinton', 'male', '1957-06-14'),
('676-38-6024', 'kgoodfellowep7@people.com.cn', '1cf8d5ed92a99f77df411458f93f24a01768485a0f2b111dd5092c8de53cd42f', 'Krista', 'Goodfellowe', 'female', '2000-01-27'),
('676-98-1489', 'tseiler7a@smugmug.com', '1f8972eff766c069b0b2f03428ffb8b186ccc74e0df8934c9aeb2ac65a63eb66', 'Theodora', 'Seiler', 'female', '1999-03-11'),
('678-32-3955', 'cmilligan6c@pen.io', 'c1e69f227b25fe406de868fc76b9d14cf7a9e76d5cb074618ea1ce35c715adb4', 'Currey', 'Milligan', 'male', '1992-03-10'),
('678-48-1857', 'aspeddingik@pinterest.com', '9d365bab369ea7cab48e4f2ded66bb348f2ca0fb8c36bf84cfc337c390d5e481', 'Aeriel', 'Spedding', 'male', '1999-09-13'),
('678-49-6929', 'pnussgenb8@google.co.uk', '772f8d1816e2bbbdba764a32c43cd5a62476d8026d8427f4265232aa85fd73b8', 'Patric', 'Nussgen', 'male', '1978-07-07'),
('679-02-7109', 'psilvertonnd@boston.com', 'f552340e02664a2ca7ea9443a7add5272053f79cb7ceb0ecabba873f5ebda346', 'Pavla', 'Silverton', 'female', '1973-02-24'),
('679-32-9670', 'mmccolleym@com.com', '09d293d39b1bbe7f1fdb37aec3b985bd0c288ea32ad028f53458716fb0ece412', 'Morrie', 'McColley', 'male', '1956-03-23'),
('679-50-2711', 'lgallifontr4@dot.gov', '789a828ec2719f7cccd18831f74218c27c4e126dbb3287a2217f6e1f37062999', 'Lazare', 'Gallifont', 'male', '1956-08-30'),
('679-82-5040', 'tboakem@theglobeandmail.com', 'd4992a5b437de89acb57d810b2fef34edd5e5f370a27f230bee73711bad22c28', 'Tyrone', 'Boak', 'male', '1980-12-16'),
('681-10-3556', 'bjahnckenh@seesaa.net', 'b7bc1b21a6bf1eedd8c183fb56582b76204f1536f8a02ec3c8e992c7f2b9678e', 'Binny', 'Jahncke', 'male', '1984-10-21'),
('681-31-3894', 'bcrennellq9@nbcnews.com', '40485755359dd1b5ef457a99a2e771a76d199a54723691269dc9ad2b601c00c3', 'Brandais', 'Crennell', 'male', '1972-11-22'),
('681-44-2988', 'mleethamie@webnode.com', '571913ed98eaba8288afbddf4d5f8bf9b4dee7f84cb2d3fdff9a44e2beabc33a', 'Michaeline', 'Leetham', 'male', '1954-05-27'),
('682-59-9824', 'rhuggon87@storify.com', 'e25e480cc89dc9898cc20171bd18bac9c42c1ebfafc28be6464db24a8039672c', 'Raven', 'Huggon', 'male', '1953-11-27'),
('682-68-2938', 'eblowbc@myspace.com', '3dbe5635c7c1e8c55efe0f7459b775c99359091180223581a861106c0aa0593a', 'Emmanuel', 'Blow', 'female', '1957-07-26'),
('682-83-5336', 'mstranahancs@china.com.cn', 'db0a91c855e3b328759965c38a073e0591b18f357bdba15bdbf6b9cce79f5709', 'Mayor', 'Stranahan', 'female', '1990-07-21'),
('682-89-4191', 'jcowlesaj@amazonaws.com', '48131a314d74c32c399b98cccea391fe852f9df3675fd82972b36c37cf7b3e6e', 'Jaynell', 'Cowles', 'male', '1997-12-06'),
('683-42-5177', 'bpetcheq4@buzzfeed.com', '57673ef0e8f2a3223ca8d56f70b726be68041b46330a6826d0420fbc3d1c5404', 'Bartlett', 'Petche', 'female', '1968-02-09'),
('683-62-6373', 'ghumberstonepb@parallels.com', 'a25698bb6e6e0999e1bb2b4be80f8e25870ccc3b8e5644b6576bbbbfce94ae90', 'Gale', 'Humberstone', 'female', '1966-08-26'),
('683-94-7366', 'cbedboroc3@woothemes.com', '528ef8344927dbc9a4f6f12b453556c401dc179344978c66e307c6e4f349c6dc', 'Celine', 'Bedboro', 'male', '1974-05-22'),
('683-99-8803', 'eperrottdm@gmpg.org', '2a485d048def7f649764394d1024218698907138b1004cb9e3f8cbf2acd281eb', 'Emmerich', 'Perrott', 'male', '1976-08-11'),
('684-55-5788', 'amctague2g@jalbum.net', '97fa5a68970bcd5e9bcee1b14d31ec720553a9d98a353cef5b77bc407ebc583b', 'Allix', 'McTague', 'male', '1950-09-03'),
('684-62-3046', 'lwakenshaw0@sciencedaily.com', 'a345b9c145ec3b3ef00759ef04128a964c1e014fee31c3dfd7b19e0d12334929', 'Lazar', 'Wakenshaw', 'male', '1982-07-07'),
('684-84-8132', 'sbushe8k@reverbnation.com', 'd5b1846dccbb0edeb17c68958342c52ecbb0958a9f8a5254c32d2539d2e47f2e', 'Starla', 'Bushe', 'female', '1964-11-14'),
('685-33-0744', 'ksynnottrj@goo.ne.jp', '770f26707fb174ad2fd2c3cfb659cac969ddcc07cd030588768acf0bc38da9b7', 'Kaye', 'Synnott', 'female', '1996-10-28'),
('685-67-2225', 'wearey5k@narod.ru', 'adef7b49efc311f64d26d197e31c95e1f043b42cdecc06beba46af67093fdcb7', 'Winnah', 'Earey', 'male', '1981-03-17'),
('685-79-7618', 'vthorby8b@unicef.org', '534507b10fc6cb259627416f33149bc4ba773231f8ae688b0c137f125046e8f8', 'Vinni', 'Thorby', 'female', '1985-12-14'),
('686-97-2501', 'jbenoi38@mozilla.org', '85dd27210c0716c1b80854fd751d3d856a0d77e6b7177926bc4d8d7dda4cfa15', 'Janifer', 'Benoi', 'female', '1982-02-26'),
('686-97-3289', 'aeirwini1@redcross.org', 'ed1461d3353cd864ef26b4cf77081fb30d74645b934fd08e63f29e505eac1ad4', 'Agna', 'Eirwin', 'female', '1984-01-28'),
('687-33-1570', 'bcreeber3@photobucket.com', '0c85a17c8385b36362d46f82877f3557ef9a976fb8e1bb32118aaa79f0e5182e', 'Billi', 'Creeber', 'female', '1981-12-13'),
('687-58-8017', 'dhouseleebw@virginia.edu', 'c0f87067a70db03bdb392c260273799999aad6a3d7c8f06f63b1a952439cb2a3', 'Donnell', 'Houselee', 'male', '1993-05-18'),
('688-26-4304', 'akittoe1e@gmpg.org', '908b986f89427eda4adaad3c78fcbd0917ce670603d75a341ee6856550186039', 'Adel', 'Kittoe', 'female', '1960-07-02'),
('688-32-5987', 'cmaultby42@princeton.edu', '8dc9501260048e7e48626b4bf3cee1af7baed6ddd0e6fe1ba4e1b4f0ef742303', 'Christina', 'Maultby', 'male', '1951-05-04'),
('688-33-7035', 'pchadbournek4@skyrock.com', 'b8a5716a5b33d444eda5ed205dce5e5a42b01414cdc32f311d523fee7c5b0417', 'Persis', 'Chadbourne', 'female', '1980-06-12'),
('689-76-3565', 'gbarsamc1@youtu.be', '3f2b6782a916a57cdde4b8e01331ae2c958f659f204422c315b6259f7286c887', 'Gilligan', 'Barsam', 'male', '1976-02-13'),
('691-16-5002', 'egreenanma@thetimes.co.uk', 'fe32d19b0dc0740bb52a45267a4bc54235f612defd8617836d51f0cd9f2279a0', 'Eveleen', 'Greenan', 'female', '1990-08-11'),
('691-24-8275', 'lchrystiee5@vimeo.com', '15d0a59535007f04883ade4ba61efc2323a51a321ec0a143776b96325d421687', 'Loreen', 'Chrystie', 'female', '1994-01-15'),
('691-33-4870', 'rschleswigholsteinph@house.gov', 'aa6dd155430fbec0c0f00c85e945b68a040e37970e2ade77121f9432eccb74cf', 'Reeva', 'Schleswig-Holstein', 'male', '1982-08-20'),
('691-41-7057', 'bcordsenab@linkedin.com', '048dc31278daec54b77b4a7fc783f241bc9737d14cf6066195dc77c3356d3ec3', 'Bordy', 'Cordsen', 'female', '1982-08-08'),
('691-51-3317', 'fmeredyth1q@fema.gov', '0eff76134e225fbb54fb745594afac6765f24e30e963f2ae85c9e313004b2e3b', 'Fara', 'Meredyth', 'female', '1975-02-18'),
('691-59-2813', 'dbrashawqe@spiegel.de', 'cf56d2c9a5f0da48ad65e68a5249108cdc1aeff712b423aa95d06a6e8b9ef5f1', 'Doralynn', 'Brashaw', 'male', '1989-10-10'),
('691-70-9142', 'hyallopi8@redcross.org', '15194f45672a3159b3f86d67cca99be472cd9eda463e857308704a112bab32bf', 'Hillard', 'Yallop', 'male', '2002-11-29'),
('691-79-3603', 'gzellner6s@comcast.net', 'a59fd58b8af0cc485ac582f9cd2263760326ff6b5a8f4a890cf96c86c027b57e', 'Gavrielle', 'Zellner', 'female', '1963-07-29'),
('692-32-7490', 'bsparlingmj@sphinn.com', 'c2ba50f4b585f49aab84f59a069f742f602a08da1aa57578f1442b4feeff4c82', 'Brittany', 'Sparling', 'male', '1994-06-30'),
('693-18-7521', 'lnudde82@typepad.com', 'fef974d54a0a845ef37b6a2b8e388d3f2bb1d727e2cfee68f5d58f069d6794be', 'Lynnett', 'Nudde', 'male', '1993-11-07'),
('693-58-3211', 'rmarshalleckhd@list-manage.com', 'ea6cb822eea3f43ccb7d2f905ce417c6a9ebf544b1163059b41290b781ad2f12', 'Roxy', 'Marshalleck', 'male', '1958-02-09'),
('693-71-3610', 'jgannonix@mozilla.com', 'd9223e6e660aab62d3abeb7e6bce7331e6733a17f01c25c4e8100a032e498e4d', 'Juieta', 'Gannon', 'male', '1971-05-17'),
('693-72-1886', 'gspurgeonhl@yellowpages.com', '392fe593cd192fcabaabd07e9ec991ad8ad197192a4ffdb526269a5c7ecd58b3', 'Granger', 'Spurgeon', 'male', '1956-07-05'),
('694-57-9659', 'nmacconchie7d@huffingtonpost.com', 'b2855228dd3f7d4881c6d995ee864c25dcc8d75067098e1dc6c1a538285d0668', 'Nadean', 'MacConchie', 'female', '1967-04-21'),
('694-99-3056', 'mhefferonqe@uol.com.br', '0e58c3319092edd9a2d624ee9a7c632e13ed79f0a99c5f41a4e6c848c836c75b', 'Mella', 'Hefferon', 'male', '1983-12-19'),
('695-33-1585', 'leary80@uiuc.edu', 'd899d8a25f9e5bb33739adc2001faf5e6f8e0ee15906162585d214e231f6e22c', 'Lind', 'Eary', 'female', '1965-11-15'),
('695-47-8197', 'hnannininicp@ask.com', '990fe094076dbe68e4c8ec51c324dd1da05394ac925c027202d8bd21af6c671d', 'Hinda', 'Nanninini', 'female', '1990-03-19'),
('695-71-1252', 'kpauleau4q@msu.edu', '135e5d6f6b3762c84568b577fe7741f2389bc396a89163e68bc4ff1e1bdeb6c7', 'Kristan', 'Pauleau', 'male', '1955-12-19'),
('697-06-4338', 'jgommesna@cargocollective.com', '373d24898a9fc977ca8fcb4ed5f28a179f53ed1090d01858c0bbddf661f98ba3', 'Jorry', 'Gommes', 'female', '2002-08-14'),
('697-38-1836', 'rcoyish6r@odnoklassniki.ru', 'a73d32965e5ca10deda85feccf5c7712d40be0e2e4e22d1eb9cad38fe2e9533b', 'Reed', 'Coyish', 'male', '1985-01-16'),
('697-58-5169', 'mhuncootkb@princeton.edu', 'fe42a905a23aedb14268d961594159efee4e20e0f2f983e37f281c807255d264', 'Mady', 'Huncoot', 'male', '1992-02-16'),
('697-59-2285', 'tjefferysol@jigsy.com', '844d430736009b121608c4ce6872a1be1d592fdcd6c1aa54dbeaedf66876229b', 'Tally', 'Jefferys', 'female', '1962-07-15'),
('697-90-3616', 'torricej5@bloglines.com', '10954daf29dc6f9863bb3ea5ea64b7916c38960e32806144ed767d61c63689cb', 'Terrence', 'Orrice', 'female', '1956-11-14'),
('698-42-1322', 'cgiraldo12@dion.ne.jp', 'c1c85d4665b89fd06fbe6f75defe6880a6e33fafd0ab07d4066e3ce58c77efe9', 'Cori', 'Giraldo', 'male', '1956-12-03'),
('698-56-0233', 'qbyforthh4@google.it', 'e0b1fd5b5fdfb99d1069544ebdf1892d7dbd2127ba9719a93c02314f0b2d3d55', 'Quinn', 'Byforth', 'male', '1989-05-29'),
('698-66-1837', 'bbetjemanpm@theglobeandmail.com', '2d9ce493a4fde1bd8d996e265dc12ed2852bafef5e53fef18052ec19075012af', 'Brig', 'Betjeman', 'male', '1963-05-28'),
('700-85-1756', 'jrobioui8@slate.com', '08c78ae1cfa019bd5603c1b5d493889039fa54927866272779f5dd0334b632ea', 'Joyce', 'Robiou', 'male', '1984-07-07'),
('701-74-9224', 'bbutsonpp@marketwatch.com', '30226823800298f132e5d336079dce0e539b3e947f0d598a2e47245446cd6fe5', 'Barthel', 'Butson', 'female', '1956-02-16'),
('702-02-9438', 'rsaddleroc@spotify.com', '953f06b1be2dc269c7429cf4da47b07d4ae8de8350002d97b6893fae94ac9a30', 'Rudie', 'Saddler', 'female', '1954-08-07'),
('702-16-3462', 'chornung6o@msn.com', '9105f0fc9d0aa7f743a0292f202bb86c8387ea47ab80dda4f69eae8ee6360097', 'Crysta', 'Hornung', 'female', '1962-09-29'),
('702-40-0846', 'ccatletter@mozilla.org', '7ed0706556c66e3d8d80791f7e410402d38e5ba60b19846d3b89e7a44c8db671', 'Curr', 'Catlette', 'female', '1991-12-25'),
('702-48-4976', 'rgitsham6u@livejournal.com', '24c499e338767f4d05a0276e8e00409407eea817c2faadde57f6d8602d8ad2bd', 'Rickie', 'Gitsham', 'male', '1979-11-14'),
('702-80-5024', 'afrancescuzziip@bloglines.com', '6d62a858662dc9232717a147b9bda202dcd12aa34335a29494737237bb66a481', 'Anthony', 'Francescuzzi', 'male', '1987-12-08'),
('702-85-4920', 'btaffee8e@amazon.co.uk', 'bcb429ddd010b4d84384d12572514f2b770148901ab192e150e116a4e75a3a00', 'Blaine', 'Taffee', 'female', '1992-06-24'),
('703-03-6093', 'jlockneymu@zdnet.com', '2e33559d3eba3669b6b22717dedd4c590877f24152d9dec23512d948d3b183bf', 'Janis', 'Lockney', 'male', '1982-04-26'),
('703-07-7389', 'vkeywoodpi@icq.com', '48ad25c4660fc79c0fa55783ae08cfc3fda549e306783c85fb75f8a6b6e2bd65', 'Vyky', 'Keywood', 'male', '1990-12-21'),
('703-14-9621', 'ejiran15@posterous.com', '4cce8f5a6b4d6d91c07d7ea3e98018f555df90cd0e4d1debb2cfad325795173f', 'Etienne', 'Jiran', 'male', '1960-10-24'),
('703-63-1713', 'iwebberley4k@youku.com', '9e883c6a2ae1af35d417fdd11e355c4ffc14ab0e8830c93da568178313be183f', 'Ike', 'Webberley', 'female', '2004-10-06'),
('703-92-7371', 'mzecchiiio@theatlantic.com', 'e994076436f2d03870f6579d65748e8dab92ccb8723ca2803778c0dd0ff1d22c', 'Michel', 'Zecchii', 'female', '1989-10-05'),
('704-17-5049', 'jlilywhitepq@aol.com', 'aa38927739bc58cbf78462d1453f33345a33d44461a3854e70e5659911d5a69b', 'Jourdain', 'Lilywhite', 'male', '1957-11-29'),
('704-29-7081', 'doakinfoldpd@weather.com', 'bf3074331a5715a5d1cc236e72556e36637da7004c85d77f3d4b724b1ed12e44', 'Darda', 'Oakinfold', 'female', '1986-11-08'),
('704-57-4745', 'jdelunaj8@hibu.com', '268c2c2506a4deb7e6c53ad477648d332c77d4340b44a0db5c81751d063cc7da', 'Janie', 'De Luna', 'female', '1968-06-16'),
('704-87-9877', 'nfeyerq4@freewebs.com', 'f37e40da9b02d88e22ac83c56a37dc9614ee0f3dcefb4eb52b64c1951b570358', 'Nydia', 'Feyer', 'male', '1981-12-30'),
('705-39-5668', 'mleetmx@mac.com', '1b6a619b75d58f5d3cd411882c06a4363897de96b768545ec7f3b6cba9b0d90f', 'Murry', 'Leet', 'male', '1962-04-22'),
('705-88-6266', 'fhallbord9j@geocities.com', '1ea15b680416ab4bed894fc66b212952dba048bb9627acea50988bd149962793', 'Fey', 'Hallbord', 'female', '1987-11-20'),
('706-01-5290', 'bsimand2@phpbb.com', 'ecaff2b2ec3c4e3e9d3305f320a562b532a76798f250ca6da901d1d9dc376334', 'Babs', 'Siman', 'male', '1972-11-13'),
('707-71-4848', 'hblasil9@virginia.edu', '1042939c35fcf48179c8faa15fb47844e934659bdee8349b5471748768026bfd', 'Harland', 'Blasi', 'female', '1951-04-30'),
('707-80-2830', 'zgadsby96@whitehouse.gov', '059d2aa409f1d5f564c722e0090394270d42e2b3f8d06848672757268bdd6388', 'Zeke', 'Gadsby', 'male', '1991-03-02'),
('708-69-7072', 'rgrahlp3@geocities.com', '21ec1c5bf4753ecb0e214ab578ddc94d1a934f962366cda4149870ebf167ec9a', 'Reinaldo', 'Grahl', 'male', '1953-07-02'),
('708-88-8361', 'dphipp1c@360.cn', '2d17dc0bdace45dd7c858cf1c5ed7f8bf08781f9798c0757680b8c3e7bbe4df9', 'Dalila', 'Phipp', 'male', '1955-02-13'),
('709-21-1568', 'bohenecanhd@opensource.org', 'ab40fac9b3fa0e688a574f7db688925697477d6efd057b17d8cac2cc2ae864a5', 'Boniface', 'O\'Henecan', 'female', '1986-05-01'),
('709-60-7531', 'dsonnerrp@accuweather.com', 'f7d83b0ff872cc5b6cc6cf1b44b4c4b3188ac680e0f4abf63632b94c7d02f6f1', 'Dredi', 'Sonner', 'female', '1992-03-30'),
('709-64-0525', 'vclaricoates6c@aboutads.info', 'e18939240767f7d5e57fd58151c74649787cca92c24b6cc871fc98fe1adc34c4', 'Vanya', 'Claricoates', 'female', '2001-12-19'),
('709-65-3199', 'hcaddockh@nymag.com', '77c09497790eb6265f0f0764a75f78cc6ed75ac786b5e10f59760ff6da7de912', 'Huntley', 'Caddock', 'female', '2001-08-05'),
('709-69-6292', 'tmccarl70@nhs.uk', '88f920ede23a6443103321107f34dbc7ee96b0090e5ef0a22b78329a50b04c05', 'Toiboid', 'McCarl', 'female', '2000-09-19'),
('710-04-4786', 'hibbesonpu@ovh.net', '520b3c37f9c4fa30ebfbc54f44fab159b2852ca2e24ef8b184a6de0ea80b62a9', 'Hermine', 'Ibbeson', 'male', '1979-10-01'),
('710-45-2006', 'fivettep@indiatimes.com', '95386904e2efc3ce6f75673680f904abd2be1fc3e11fc437d24a77e3e8e97d92', 'Friedrich', 'Ivett', 'female', '1990-06-29'),
('711-55-2955', 'fjeggobb@army.mil', '3359bfd15ceb8873d0bcd5eefbaa2799d16ae4f7f066d4eba1e44d7376c32ea0', 'Freemon', 'Jeggo', 'female', '1963-12-05'),
('711-96-5574', 'ltrippettqo@jalbum.net', '1125ade82e009513b779e3a42bc68c3d3a702d8992ed77b4cfc1ad862d587baa', 'Lockwood', 'Trippett', 'female', '1968-02-21'),
('714-02-1327', 'jscriven9w@lycos.com', 'efe9ded8f876e7e9cdfc5e68d1909e8e278e9dc68cafc11eea6287dd15d4ccfb', 'Jordanna', 'Scriven', 'male', '2002-04-07'),
('714-35-7043', 'tgaughanhq@jalbum.net', '4f1ebbb8ea3ed05d038e8a5e8479b781fd7df613fa1ceb9fc8b9505dee6ba7ff', 'Theresa', 'Gaughan', 'male', '1967-01-30'),
('714-69-1955', 'tmacconnell2v@mayoclinic.com', '763b3a46b0521362049fd0eaa7b477c12356d3b7c2943f648df3519abfc0a86d', 'Tucker', 'MacConnell', 'female', '1980-01-29'),
('714-96-7996', 'mbarnettgn@51.la', '6c4d39e56fa91f930855ba0ad72267c9df6ba7e4b9c023859f3de6a8cea50e72', 'Malachi', 'Barnett', 'male', '1970-09-18'),
('715-08-6020', 'jreinalv@amazon.com', 'a58e726f6c1f7570999069037c9405c4424f23a561941cd5e1ec95cfac0ca4e7', 'Jo-anne', 'Reina', 'male', '2005-01-23'),
('715-42-9813', 'ewackettoz@weibo.com', 'f47da1e18304e09219d794d8e8a7b9f8ad6d7a842e596f3234442ca8eb91c513', 'Emelyne', 'Wackett', 'male', '1979-10-05'),
('715-46-9600', 'kwellard6d@slideshare.net', '0aab94e8f131b20753f9cc16d6db2b83ebc7f86fdce7156189029e2c7b112923', 'Kassey', 'Wellard', 'female', '1952-10-29'),
('715-53-4820', 'ccollatonba@yahoo.com', 'f61695c701f8e2940cf54cff375d018e3f3f47e9661bb792ad3e91971d83f053', 'Correy', 'Collaton', 'male', '1974-04-10'),
('716-65-9180', 'mcram8w@istockphoto.com', '9960b211a4b1098102f0c4f27772b7a32f0150fe0e2c45c36a8de18db85186be', 'Monroe', 'Cram', 'male', '1956-04-11'),
('717-36-9136', 'fcattlefs@intel.com', '8984a0c11d348a740a6cce1ee611107da4dd1bd2064de454b9be3bb6dbd5d9fa', 'Fayre', 'Cattle', 'female', '1974-01-29'),
('717-70-2744', 'mfeldbaumn3@printfriendly.com', '7482ff7f91bfa716f60cad7f05aeab27adaa0a17db73eade451c71356c643cd7', 'Monroe', 'Feldbaum', 'male', '1985-09-12'),
('717-85-2183', 'gpeyton2y@w3.org', 'b7ab75b2267a291accf5def2fd2452e3c49ed672b4bcd123c917fc83a308dfec', 'Gregoire', 'Peyton', 'female', '1964-07-28'),
('718-67-5527', 'rellerayor@ifeng.com', 'ddcf5065c1bcec19494a2d403e8ae54b26f79eb9bbb148a382c6c2069a1d3f9a', 'Rudolfo', 'Elleray', 'male', '1950-05-25'),
('719-95-1285', 'vbaverstocknc@gnu.org', 'd14ac6d3cf53a0e28e50858c361c352370f838cf369781fc7a34961083f48390', 'Viole', 'Baverstock', 'female', '1982-01-11'),
('720-52-8972', 'sbreydin3s@bizjournals.com', '4c0e78fd49b103bbede8803f6f8d1191deb1a42a283400532f0fe949b7189e0c', 'Sol', 'Breydin', 'female', '1958-04-21'),
('720-59-8324', 'ngaineofengland1t@ucoz.com', 'aa7db844cf1060d9c05138cde13ed3a5413ae2ff3ed34e81e7893550616a8a64', 'Nathalia', 'Gaine of England', 'male', '1979-03-28'),
('721-80-2368', 'ctutchingskl@myspace.com', '579f58224d19527be496f63e1c93a2fb0bf4f7ff0efc6a88d598f9a7b2954797', 'Carolynn', 'Tutchings', 'female', '1992-05-17'),
('722-81-2160', 'shekb9@latimes.com', '9e93c0129317263132ba6a6f29f8e36a914bcc071836ef9367ba6b485d0fe898', 'Sada', 'Hek', 'male', '1971-06-29'),
('723-12-5441', 'alouedeyq9@eepurl.com', '91f51a5684de522fb0df12ba621d284c6c9104fb0ccb36352ecbe817aad323cd', 'Alley', 'Louedey', 'male', '2003-07-19'),
('723-12-7823', 'csummerillrn@boston.com', '9757ab9c3b9bbdeb438a450f7402fc15e83fa207a0355af0e178a8afa42fc5ba', 'Caye', 'Summerill', 'female', '1964-06-17'),
('723-70-0636', 'bgaymerh@java.com', '0cfca897d69ea1364e4d7a768f00c58b1fd5729011bbeefb4b18eb780b6f064f', 'Bernardina', 'Gaymer', 'female', '1981-02-21'),
('724-06-4077', 'osteagallgi@prnewswire.com', '16052bb95ab83c55f4b8c42beb2ad1e917c9e0a024d06e725c33db6f2bc0ce11', 'Otis', 'Steagall', 'male', '1979-05-15'),
('724-08-3206', 'kvendittidm@tinyurl.com', '4cb32520cc96196418a6fe0c6bdc11a4bc275533ba899a3e622b1ab1b28095ea', 'Kanya', 'Venditti', 'male', '1982-03-09'),
('724-56-4588', 'dcowls@geocities.jp', '11aa1abdbbfda896dce8acc4b64d2f8957d48d283567f01f5c50fd2a1c00a22e', 'Dulce', 'Cowl', 'male', '1975-07-01'),
('724-96-7512', 'fhadgraft2c@jalbum.net', 'b78addc9c4a5ccf27d6cc1601089926198aa9fdc19b14255e9c2ef100739a67a', 'Fionnula', 'Hadgraft', 'female', '1964-05-05'),
('725-27-9762', 'lyssonk8@whitehouse.gov', 'eb007b34f61d940b2fb7e877ad3b335a003422ef4717fbc57306391194792e3f', 'Lin', 'Ysson', 'female', '1956-10-15'),
('725-65-4709', 'adalmeidagq@china.com.cn', '7f3495d676fed050e465ee6976c71b610effcc09336e3dc8521890c946e75b0a', 'Adora', 'D\'Almeida', 'female', '1958-12-21'),
('725-92-8067', 'erollinsonkj@ucoz.com', '8662b8d8a554a55977d0f0219dccb2831cfdd855a55cf3e24154c27ac602ed12', 'Eustace', 'Rollinson', 'female', '1966-03-16'),
('726-43-0278', 'ggrandin5l@blog.com', 'c4d5246b29e43bcb40f25cd1824e1918822e6c24317a849eb8ac0e76da184be3', 'Gawain', 'Grandin', 'male', '1990-03-25'),
('727-67-5015', 'thook7j@time.com', '677273615fd5f80e4c3290587715a989d9df61ac0674fe6104b24b2bfd27a4d0', 'Tomasina', 'Hook', 'male', '1990-02-22'),
('728-08-5491', 'rrenakja@devhub.com', '21ecd9caee7e4e767c9ecdad7505401d8316689f096b634c97d1d1b53ab4f7e4', 'Ronica', 'Renak', 'female', '1963-12-25'),
('728-64-8596', 'cstalfix@bbb.org', '0e7c4a7090a963e5385ea2c28a333d71f2627336edfe8ecae1df7b351079311a', 'Connor', 'Stalf', 'male', '1964-07-12'),
('729-21-0352', 'grodge9f@google.com.hk', '692614d6f16925b43bdadb69f90aa39bc2526d16605c529013c2a6c5670687b9', 'Glennie', 'Rodge', 'female', '1953-02-09'),
('729-57-6172', 'ncrosonpr@omniture.com', 'e3ffbc90e301a6f70aa252b29f25e70ac3ddd84de7605584d41a41727ceaa6ca', 'Nikolaos', 'Croson', 'male', '1956-01-19'),
('729-79-0993', 'gsheahane2@who.int', 'bcf916f321dddfd53910e51fcba6b18bd924a7db1d228b35e80a2046e5a593f5', 'Gearard', 'Sheahan', 'female', '2003-02-19'),
('729-98-9671', 'tkeddield@studiopress.com', '394599ac31d5c2304a70e316a60dece7e591d21f74688c9935f98280dd748c2d', 'Teddi', 'Keddie', 'male', '2002-03-29'),
('730-35-4485', 'cclercao@psu.edu', '2adb0e35d3feb168a435506fb7ec9934f31b352a9b3e5f12ee82b996f3423dcc', 'Cash', 'Clerc', 'male', '1962-02-08'),
('730-55-1286', 'gstraine25@wufoo.com', 'b1e704aef6def3962dec1a9b7fa3612fdcab101f5a0e1cb9fa4c396fd3b91166', 'Granthem', 'Straine', 'male', '1975-11-27'),
('730-55-4697', 'wmaric5k@earthlink.net', '7b5a40daee286040127049d059187c79e4592267672abe3a6db6b4ded5e6f3f4', 'Ware', 'Maric', 'female', '2005-04-10'),
('730-58-6344', 'lusborn46@sbwire.com', '344a8b659be0fef03b939df9e234c2f1592d7a655154e2e5ccea9a85eee528c5', 'Loella', 'Usborn', 'male', '1961-12-13'),
('730-70-5739', 'gluty13@nba.com', 'fcf2bd6dbe78ab70a79f44fb9167c2218f326e8c0c505a20b0198d36148dd2e2', 'Gearalt', 'Luty', 'male', '1991-06-17'),
('730-71-6565', 'bstutterkw@theglobeandmail.com', 'ad5bdceef7a0bf01492805625c1b19b495c008d80da42308c42eebb8f496097b', 'Bronson', 'Stutter', 'male', '1953-10-18'),
('730-72-3421', 'lhearonj@bloglines.com', '644b4e98827e65a6c2f724f84e3030b2959e149d04176c06c5deafa553b300e1', 'Lou', 'Hearon', 'female', '1971-03-02'),
('731-56-7873', 'battwool9e@livejournal.com', 'b09e822505234177d9367ed43428001860bbd89478f5491e3c25a8980dd29efc', 'Barthel', 'Attwool', 'female', '1970-04-12'),
('731-80-1386', 'nantonaccioi@desdev.cn', 'c015e1131887418828c30a7d1cd167f57ff727a71055f7e818f7a14e75c19388', 'Nissa', 'Antonacci', 'female', '1981-09-23'),
('731-81-3739', 'bkingsfordqc@wikispaces.com', 'b53b0f6dd7e2aa8e4fba0a2320c9577fa62a56a47db72fbb1413afaeb9fc25d0', 'Bink', 'Kingsford', 'male', '1987-02-10'),
('731-91-0687', 'astoltingnm@w3.org', 'bd6726e533b28430696d34cd528ec6b3c7be7436bfad71511ed6d25265790d5e', 'Arthur', 'Stolting', 'male', '1971-05-06'),
('732-36-5188', 'agoldie5n@shop-pro.jp', '627743eed5fa87ef51948ec74d5ca03ca62ff1ee7b67da5fe331eec0d191b90c', 'Adara', 'Goldie', 'male', '1981-02-15'),
('732-58-6242', 'kdewarkb@alexa.com', 'f4eb42ec067e7b0bcef2aaeb71336bf8608f5260518a6abd7eee7b21bcc5d2a7', 'Kai', 'Dewar', 'male', '1967-06-13'),
('732-76-7488', 'ekleehuhleri@wikispaces.com', '86d624ab6b2c6e5d5df845d223bc854806270629b7cb1d3b00259e8471895569', 'Emili', 'Kleehuhler', 'female', '1986-10-23'),
('732-82-9776', 'dbrandreth3v@dot.gov', '2f4c2167804a74e35efcd782027a49f16c43e852a06a724e9be7fee8b7e0a058', 'Dredi', 'Brandreth', 'female', '1994-01-21'),
('733-43-3608', 'ktoyneb4@github.com', '12340a6bcf61b9fa4fa1ad550610ee1b5c17c78af59ee555a06577764a6a4cc6', 'Kare', 'Toyne', 'male', '1954-10-11'),
('734-02-6926', 'jwalby57@netvibes.com', '8c57b4a5fce35bf749ca28f957de5d27ae7ccb9c5d58306caea711bc0d25609f', 'Jillie', 'Walby', 'female', '1959-10-10'),
('734-56-0699', 'jsawdonlx@cmu.edu', '9cce8750ad1b1dd0248eb4166f2a9560ffc6323b34ae683d54390df47fa1e058', 'Juan', 'Sawdon', 'male', '1969-04-21'),
('734-70-6994', 'rdevennyno@wp.com', '4a850855b28efc61a07f15ae5559ac88f9495d087459e385db5305316981d21b', 'Rahal', 'Devenny', 'female', '1969-03-29'),
('735-03-3141', 'mhuckerbe5m@hp.com', '02c10f1e8c496ab3ae8fd4b8d4c052568741e68f13fc2749e499dc786bffde48', 'Marmaduke', 'Huckerbe', 'female', '1968-03-04'),
('736-21-8501', 'sjeffersonjo@ft.com', '5e15fbe0af473157a83b4257535a1e05da803d0c3abe49d933c17ea6a62639fe', 'Sigfried', 'Jefferson', 'female', '1986-09-09'),
('736-44-3438', 'cmonsongp@trellian.com', '5d93737f6381b10c423c99556bd9dc0c1169329461cf9833bb82cc82683279e7', 'Cori', 'Monson', 'male', '2004-03-18'),
('737-38-2968', 'mbeardall5r@howstuffworks.com', 'c8260ee2e293db9758d74e64ca75c6167b26a30531248d41f0b32cbab1198707', 'Mordy', 'Beardall', 'male', '1990-04-18'),
('738-62-8528', 'mhinchshawoq@cisco.com', '3b095831c562b27f36c8e2cbb9ffdb0764094240064727bd0ec8e4e37d862b5c', 'Maddi', 'Hinchshaw', 'male', '1952-11-18'),
('738-73-4064', 'mricardetdf@fema.gov', '0e58745804916a0b615e7459884f88c5f232b8788cea9ac76a559bd159a31249', 'Maggie', 'Ricardet', 'male', '1983-10-16'),
('739-58-7746', 'abrobakq@yahoo.com', '6ca0cf2653615daeb44728d9a95de07eb0fd0fe644070857d740318aff184e18', 'Archy', 'Brobak', 'male', '2005-01-19'),
('739-66-5168', 'rweinsbn@addthis.com', '3b1ff107d7e6ec57bcca8bff14d813365489fcd8fe2ae7187fdbc42d7851cdee', 'Rip', 'Weins', 'male', '1973-06-24'),
('739-67-1940', 'rebbagehn@disqus.com', '5f9923fdea7130332e42b1b09b42c4a091216ec40e35690cf838b5e33428e6b6', 'Rachael', 'Ebbage', 'male', '1982-09-17'),
('739-92-1260', 'lcammidgec@house.gov', '90022eaa2013c42f77915026ac3ffbd7b95b3f1286372b846e8f1a6e99e6bf7d', 'Lutero', 'Cammidge', 'male', '1952-05-26'),
('741-35-5997', 'kferrarottin2@state.tx.us', '9f3292c149fbda6b52b93182e10a5c23b264334df41aad6d21c72a73b7685790', 'Kacy', 'Ferrarotti', 'male', '1969-02-09'),
('741-99-2757', 'arounsefell7i@themeforest.net', '9f2ec573a096eca1b3a3ca72a812c681d055f5854129734f1cab320332a2626d', 'Appolonia', 'Rounsefell', 'male', '1969-05-27'),
('742-56-9274', 'mghiocd@disqus.com', '6bc5bcd8bd580b2353aac2a9a943e5708cfb21c530f90cf724873e9d3ada14ec', 'Marcel', 'Ghio', 'male', '1955-12-07'),
('742-86-3065', 'ddobeygk@deliciousdays.com', '453cfe9c2de796f9ff55eb24bb7eceb8df687a8821a09da755e13023ae246cdb', 'Dex', 'Dobey', 'female', '1976-10-21'),
('743-36-9780', 'gsemple3k@illinois.edu', '8c8ea046b4b477735d15ee826ec2b81087e409f0af248031bfff0f427abef00e', 'Gwenore', 'Semple', 'female', '1976-04-13'),
('743-40-1988', 'lvidean27@archive.org', 'b4e3a65d06c2a212548861ac7326f017eb35b9e19ebbb10538cfa0cb1120058e', 'Larissa', 'Videan', 'female', '2005-04-10'),
('743-52-6654', 'jjirkamt@blinklist.com', 'faf00615533262a6c32f583a0aa70af272472c1a0e43297b8a39b19e3f3432c6', 'Jodi', 'Jirka', 'male', '1960-10-24'),
('743-95-1482', 'mruppertzpe@twitpic.com', '5f5d8ab77731dae130999ac73a32de86eccd610cff22b01ff84542adef05c7eb', 'Marjory', 'Ruppertz', 'female', '2002-01-16'),
('744-01-1652', 'ibaselli9m@blogtalkradio.com', '6a8b374c243cf4bd51ed467224ea45f65d8a55fd407dfca5fa7cdacfc045dfc7', 'Ivonne', 'Baselli', 'male', '2003-05-26'),
('744-01-4718', 'jkittiman4m@springer.com', 'd5268651b7908a81081e4cd5d8c4d8efb781479b96e995c1685331ae46dbe5da', 'Joannes', 'Kittiman', 'male', '1983-09-03'),
('744-73-5680', 'dferencowiczm7@goo.ne.jp', '717980fb8d330abbe41d411f7480629f12b5e30857d88a4993346158872906d1', 'Danika', 'Ferencowicz', 'female', '1989-03-25'),
('744-80-2060', 'arobelinlp@ca.gov', '22ff255dd58e22862b092f9447af2e4ba6e759d8f1d1bd4c4eb9248f01d475cd', 'Aleta', 'Robelin', 'male', '1983-12-01'),
('744-87-4076', 'hbrough5i@noaa.gov', '29986d529b1865345b56519a3b171e659bdfa5f0e10e290946611517b2d16a69', 'Harmon', 'Brough', 'male', '1978-03-04'),
('745-83-5147', 'rbaignardiq@state.gov', '688fd1d37c4c68474851d483d1b5dac1ab9dbb560dc2267ed6f0df3fadca795a', 'Rollo', 'Baignard', 'female', '1960-08-18'),
('746-23-8842', 'dmcritchiere@globo.com', '8c87c5ef8ca5a00b1e8a041e23e427901ceadd8b62f9af948286ac6e0004e2e8', 'Darya', 'McRitchie', 'female', '1984-08-21'),
('746-60-4287', 'mrohanow@smugmug.com', 'ea0a1ca90f3de2c235daa9ee18c1cfff068d0fc777911cbe87cbe379bc6e4b6d', 'Masha', 'Rohan', 'male', '1990-04-14');
INSERT INTO `persons` (`ssn`, `email`, `password`, `first_name`, `last_name`, `gender`, `birth_date`) VALUES
('746-76-4484', 'uherreranm5@php.net', '2ae4c6996f459c4675e18af466dc473bb871e66c77c956ab6fdedc6d90fe3e75', 'Ulrick', 'Herreran', 'male', '1966-05-10'),
('747-66-2205', 'lohederscoll3i@telegraph.co.uk', '51f85976cb775e96120f93b9ca74e5ea43c6ea90e0c914609a522fe684ac0290', 'Lenna', 'O\'Hederscoll', 'male', '1997-11-06'),
('747-86-7945', 'wpointerex@google.com.hk', '034dbe408887107dd540cd9a5a8162ed9118666cb05d58d80bb3faf098ef6f8b', 'Woodman', 'Pointer', 'female', '2001-06-07'),
('748-97-7451', 'mjacqueminot7h@tiny.cc', 'febdc741d002a9eb32a8e2ef735f73f61e2ea84c2bdd3d8cf2722d0b88f7dfe7', 'Megan', 'Jacqueminot', 'male', '1973-08-13'),
('749-18-2573', 'mbathurstll@zdnet.com', 'e178a365dab30c0c0203d2cc5d271821bf7f1eec67c97a704085ffd2718fb3d2', 'Merle', 'Bathurst', 'female', '2001-08-02'),
('749-40-9893', 'mdarrelmx@arizona.edu', '85c2ecc75986d440e989bf15d3e4219f071ff9f927192dd64546d88291abd2f0', 'Marin', 'Darrel', 'male', '1963-05-17'),
('749-74-6167', 'dsheirlaw86@dion.ne.jp', '39d862ff48016756acccf45d76b6f66ff96a35a2785217482960dd36ae00e858', 'Delphine', 'Sheirlaw', 'female', '2000-03-15'),
('749-76-2366', 'mloy40@google.ru', '3b8b9304f930ceb7c5fbd5ff894c27442b2af90e5249d47ee0e28d1d42e2c9bb', 'Martainn', 'Loy', 'male', '1989-01-13'),
('751-30-7378', 'vdyteaa@kickstarter.com', '15c0f63787dc35a7b9feef140b65bf079c797e1f5e8c647a83b0c211ea906975', 'Vere', 'Dyte', 'female', '1952-05-22'),
('751-36-3383', 'fselburnc4@t-online.de', '7ed713490b075f963940439f2e21f566b3b1d341398b77e9cedf4692a924b110', 'Fielding', 'Selburn', 'female', '1958-06-26'),
('751-84-4766', 'aplumbe6h@nhs.uk', '655236c26dd6fecb7e15da212ff56bca05391edc348774227b7a9af9a951ba23', 'Ava', 'Plumbe', 'female', '1967-08-14'),
('754-43-3065', 'skembrey7m@angelfire.com', '885aaacbd652516a093fc917325e8fd5ad78c774b214a4b54f1f09f485755140', 'Sven', 'Kembrey', 'female', '1980-04-11'),
('754-51-3356', 'amishowbh@amazon.co.jp', 'b0836ea5abf70930e8cdf4b9cfd841a66a3b88134fa93abbd1e7ee963a57fb68', 'Alisun', 'Mishow', 'female', '1975-06-20'),
('754-65-6960', 'aspavon1x@edublogs.org', 'f0f9d82da8157a26140fcf0845cc2b5d2248a77278bd2b5cff8d5c8717888598', 'Abraham', 'Spavon', 'male', '1958-08-28'),
('754-85-4941', 'elombardq7@google.ru', '2ff33f6e8bece75a5e7270ac864031a5732fa20e0755305a7cb8f88f8c0ae662', 'Edward', 'Lombard', 'female', '2004-07-16'),
('755-04-1927', 'fgearyrg@hao123.com', '6ab4e081eebb3a99c0cd881840970e914a65d6448814be7c1f7052f5317d9429', 'Fanchon', 'Geary', 'male', '1978-06-08'),
('755-24-2758', 'bcornthwaite5e@cornell.edu', '1be4f8c4c06dbf230f2ca960f8add21c70eff0cd654595e25f50aa56eb417c43', 'Betty', 'Cornthwaite', 'female', '1973-08-30'),
('755-25-9182', 'lpoppletonqd@fastcompany.com', '5cc681ad729f9f866447674a40e63c84bf4df81cd7a79dad2586ce4dcf13907f', 'Leland', 'Poppleton', 'female', '1966-07-08'),
('756-39-0669', 'pmawnef6@uiuc.edu', '6c3cab528a2b3175e0068cc37ac859e7b441344a7154d908920174f79facd13e', 'Pepe', 'Mawne', 'male', '1985-02-19'),
('756-51-4341', 'hcrowleypj@wunderground.com', 'df78fdd252205919f49d7d73ec39a098065949229544da3d48fd5152a4c20c20', 'Hillary', 'Crowley', 'male', '1974-03-19'),
('756-82-0402', 'ktommen3h@who.int', '4fe5b2735b8ba6e70e5e2dabb96e6a0352cb62c70d5e8b4af1187131e6d4aae0', 'Kele', 'Tommen', 'male', '1951-05-10'),
('756-87-4256', 'cborellcv@goo.gl', '6467f5bcd5608fb52583196bf81a5f3a60ca309b237a07e8cf80c624f6658ce7', 'Cherry', 'Borell', 'female', '1989-12-22'),
('756-96-3446', 'dduffitjn@typepad.com', '273bf03de478359defc719c1bb239c34e4bb459f28efeca67e7fff739e33dc93', 'De', 'Duffit', 'female', '1966-07-30'),
('757-17-5518', 'rkergz@mapy.cz', '78d9adb04853a25b65c74fa9dffff54b178412f5e320e34b77e03aaece302c02', 'Roley', 'Ker', 'female', '1997-04-28'),
('757-76-0463', 'lemilienjo@4shared.com', '253627a8563b6e16a89e8c96bef72b2b309a69d3c616d0e4b9afe4597e7d903a', 'Loren', 'Emilien', 'female', '1996-05-31'),
('758-07-3298', 'jfawsonox@homestead.com', 'a21439a26f5bbccd4e1bba8635fbad9dd8bef8d490412c2eb40b73fbe6d15ab6', 'Jacinta', 'Fawson', 'female', '2004-05-20'),
('758-36-2605', 'bsoulehx@admin.ch', '4b5ed85f6de6c109884fd0a99d738f6afecd9e1a26203db8d2a38bece999b30d', 'Bryn', 'Soule', 'female', '1986-01-02'),
('758-38-2777', 'lorts4v@phpbb.com', '058f3efcfc1f54954407c9ef6cb160e027f483f1c711e3716dc560c878098d5c', 'Leyla', 'Orts', 'female', '1978-03-04'),
('758-51-5779', 'lgudgeonaf@hatena.ne.jp', 'f5d2f82061a6c4c32757fdac912a389ba76fb7c8b7a5b4e31b8ee5de18ad979b', 'Leonidas', 'Gudgeon', 'male', '1996-07-08'),
('759-12-9489', 'ereadshallap@hexun.com', '69ad0d7106152e3cb6344f948ceab4069ffa9de48347f8e25ea1effbd11987dc', 'Edna', 'Readshall', 'male', '1958-01-04'),
('759-37-9027', 'dsimonsen89@bigcartel.com', '9491bd8b573f8492e0013051db840fa5a77610b71168fc5ad64f456c40844987', 'Dion', 'Simonsen', 'female', '1978-11-09'),
('759-46-1857', 'hfarnallls@stanford.edu', '3c724ea8c48b223d3303baee664eccdf064aea29a4ad84a170d99d7144bbe3e3', 'Hillyer', 'Farnall', 'male', '1955-03-09'),
('760-12-6117', 'ctayspellis@printfriendly.com', '15005f97320cf24ff69a0e9702b3e8590aa83636b07030663cfbbd2e107e6b18', 'Cull', 'Tayspell', 'female', '1951-01-06'),
('760-24-3261', 'airvinmi@goodreads.com', 'edd4f4af6199fe51bd49fbd8e96375b895f61a3786ad6eeb6e73b04657dedc58', 'Alden', 'Irvin', 'female', '1985-04-12'),
('760-52-0237', 'galdhous4u@psu.edu', 'c351feeae64ce3359c95ef20c8b03f4392cd1b6ea67d7dbc3d2b248367f78319', 'Gianina', 'Aldhous', 'female', '1986-12-12'),
('760-80-8812', 'rbirtchnell9u@skyrock.com', 'd64c0dd61c4677d5bd452fd44294fd387c73b6353fe72670d3520e57ae692139', 'Randolph', 'Birtchnell', 'male', '1951-12-06'),
('761-09-6439', 'awilderf1@yolasite.com', '01162be1ac98e8e9c650b94d257ad105537c5521aecd7de62ca06226c3f7f93c', 'Arabelle', 'Wilder', 'male', '1987-04-02'),
('761-18-7735', 'tmandevilleh8@omniture.com', 'aae5e750a84026cc5a8077d023bd7e5d1f797043775ed68a8692f10e565b5fd8', 'Tommi', 'Mandeville', 'female', '1958-09-06'),
('761-28-6596', 'adominiak97@unesco.org', 'ac2f5d0239a6f0467324d1d8552540a38f41b956cb0b9136a138600b85108a12', 'Alfy', 'Dominiak', 'male', '1974-09-22'),
('761-44-2467', 'kwiddows2u@csmonitor.com', 'ed064e8b2a438ac8396b8aa19aa2f077db4c0c8f9087b77aa96449c5f4de7cff', 'Kathrine', 'Widdows', 'female', '1961-07-05'),
('761-45-1110', 'helylt@alexa.com', '8cb9087112365db73c5ebda25eaba5d8de757cb6a59018bb87754248edff0fd9', 'Hirsch', 'Ely', 'male', '1969-11-29'),
('761-66-6026', 'cnoldap4@netlog.com', 'a5d6fe711d2716ccd1e7111e995bfa0998438b73a8e968ada5406eae4369b856', 'Celina', 'Nolda', 'female', '1998-03-13'),
('761-81-4866', 'cbrounfieldlf@techcrunch.com', '4948313e4ce2b75e86b98bd6721c16b84b2d8ee9b0efa3058df8a3b095e7243d', 'Chandal', 'Brounfield', 'male', '1952-05-03'),
('762-76-1772', 'kkilroybq@devhub.com', '907afd693f43bbffb2392a298d038d24df9a0cfffdd53f4db0b6585f9543a6ed', 'Katalin', 'Kilroy', 'female', '1967-10-12'),
('762-93-2353', 'civanishev78@chron.com', '7fa935178ce771c0ac62f5e296209f5fbe83d8112d2d2cdcc51d403cc4a2225e', 'Cullin', 'Ivanishev', 'female', '1982-04-30'),
('763-95-9097', 'rtuffell6z@symantec.com', '172975817a53f31446990706297ecf56b79b3c0727bb872396c90775781a7e40', 'Reid', 'Tuffell', 'male', '1991-08-15'),
('764-81-4706', 'mdoramg7@wsj.com', '31ad6dd3913fae1fdb47a842fed8dfae169236153527b80d1438ee069911ff71', 'Myron', 'Doram', 'female', '1996-12-08'),
('765-18-3413', 'nderobertqk@hugedomains.com', '1bf6dacd2e4853b65603eb55bdeaf64f497cfbbb8788a0ad9861146751e32195', 'Nikki', 'Derobert', 'female', '1966-03-23'),
('765-35-0740', 'nmounternw@godaddy.com', '24b47cd590b3dc69ec2ac1846351014d4b159bba032a385517e3e8b2d003bec6', 'Nikos', 'Mounter', 'female', '2001-07-16'),
('765-43-1463', 'godennehybr@unesco.org', 'be9a04939b0d2126ae2eed54de61c0e028e53a8092db63b7813e2f1c087f0f9c', 'Garrett', 'O\'Dennehy', 'female', '1984-04-19'),
('765-73-8038', 'pickovitsm0@liveinternet.ru', '0dfdc8159245f5990140e9345ff765a6a86b17a995f0a3a289ab61f061127c29', 'Pietra', 'Ickovits', 'male', '1957-11-25'),
('765-93-8279', 'rbosdetr9@wikispaces.com', '7b8c230e9d8055e80b943285f0ee7c8296ad745531c5248c84d9dbd236a8c999', 'Rhiamon', 'Bosdet', 'male', '1961-05-14'),
('765-95-0286', 'leasun2g@oaic.gov.au', '26a9f263e1207f634881e2465b644b6568a12803bbb220911d11ec2731c17269', 'Lenee', 'Easun', 'male', '1959-09-06'),
('766-43-1677', 'tperris98@wordpress.com', '5220ee943f5440c0ca50547496878fe80181ff9470929666e41da118aaf2cbf4', 'Thomasin', 'Perris', 'female', '1953-08-01'),
('766-61-9667', 'vloalday62@cargocollective.com', '9c82a48e1974b16c3184d495188159ef24d773e50c63df50182a996fa90dff32', 'Vevay', 'Loalday', 'female', '1978-12-28'),
('766-73-3359', 'dahmedha@typepad.com', '33a2e4b0dc26dac0cc231f927365146116b97fb6480c682ef0e81f5355b428e7', 'Denna', 'Ahmed', 'male', '1972-06-17'),
('766-82-5740', 'adellfz@freewebs.com', '65e792cf3edbe07319c97ada94129d728210593ed3d0c24b4a28d260b0be94f4', 'Adrienne', 'Dell', 'female', '1958-11-13'),
('767-43-3886', 'aelbourne1v@hud.gov', 'a45994a7e07793cb82673bdfc0663ee49ba783b1bfd2b4643809ddcc3594bfba', 'Arda', 'Elbourne', 'female', '1950-06-08'),
('767-50-2826', 'lbarizeretg2@a8.net', 'f0b4358993c2dd3a401d99acf5067916df917c3fa893cd406c7076593a3f1bca', 'Levi', 'Barizeret', 'female', '1955-07-18'),
('767-56-2324', 'ndowniemp@hibu.com', '2ce3320dd2802beed37ac5a5f57997ee325d7470e8ddcbf2fe3a412796c04494', 'Neron', 'Downie', 'male', '1967-02-10'),
('767-92-4730', 'epigden7h@vimeo.com', 'da108e83e7b27dfbaed5b4af472ad8216c6b51c60eef47b5e4e79298c950cda7', 'Elka', 'Pigden', 'female', '1995-09-03'),
('768-02-3100', 'ascrauniage1n@plala.or.jp', 'dc92022605f57c864ce82106e30f9a124b5ae697d26a684d9dae2829ba6caf05', 'Alleen', 'Scrauniage', 'female', '1974-01-03'),
('768-43-1024', 'dcrowdsonjd@homestead.com', '5a3a64619a4405cd622fec92c2eacd2e86acbc5b747a1b10af2e220b86897075', 'Daveen', 'Crowdson', 'male', '1957-12-01'),
('768-76-8705', 'lerratt9f@washingtonpost.com', '7423d236857579eb6b54d5d7fa703febcfd751e1f5a1f952bfeb83bc1d69d2a8', 'Lockwood', 'Erratt', 'male', '1966-05-05'),
('769-29-6412', 'nwaddoups4t@ask.com', '4ba626483ed808ed2ed5a100408c51d171ff00833264f0a568dd553928f48eed', 'Nadean', 'Waddoups', 'female', '1950-07-08'),
('769-41-4283', 'tblenkinsop8t@yale.edu', '7a5e5cdb7bc9819a5b18b190f77001339dc3cea530c1cba219313dec5f2fffdd', 'Tamas', 'Blenkinsop', 'male', '1973-03-09'),
('769-93-7303', 'tthomesson5j@dropbox.com', 'b4b14ab7e60ba5ae9840ca43bdefb69270c9a9d2a50cb25e6cba6bd78d8d4338', 'Tarrah', 'Thomesson', 'male', '1995-07-06'),
('770-18-6539', 'sfauningj6@github.io', '47408686d359dfff8549bb72bf004cdc9d3b4d2e48ae7ddfce2b36738582804e', 'Shari', 'Fauning', 'male', '1992-07-14'),
('771-07-7398', 'nwillattsak@networksolutions.com', 'ad535db3e1c8485a1023fbd3c12cbfe753bd921aaa244595c51daab66e12d141', 'Nessy', 'Willatts', 'female', '1960-12-14'),
('771-18-2434', 'acastanms@ftc.gov', '95ae49e525caaa20a081c9bf0c493f8208d87a7540750e5b275db7b03a55e39e', 'Anne-corinne', 'Castan', 'male', '1955-05-27'),
('771-68-6933', 'fwilmottg5@51.la', '6b89889039c0c00922954702e5ea10f924bc3e8b35c15fbfdba5d86b86265136', 'Freemon', 'Wilmott', 'female', '1998-01-31'),
('771-82-4988', 'smartinetsh5@odnoklassniki.ru', 'fa08991209a8dbf00c6daddbb708dc3a800cfafb0333caea022c1943b43624fd', 'Stevana', 'Martinets', 'female', '1995-05-19'),
('771-93-9651', 'haptedks@mtv.com', 'abc4791a612baeb49d48e38c862f2bf26e9f43559a9fda856d8a33f2574706dd', 'Harri', 'Apted', 'male', '1974-09-30'),
('772-01-5138', 'abeyne8d@seesaa.net', 'c6b59e8169aba5ae54b5dbf980fe53f377ab88421e36c7f15de6c0275e446a17', 'Adolpho', 'Beyne', 'male', '1954-10-19'),
('772-76-6778', 'gajamhh@nps.gov', 'e621fff7747d4eae7c8bb7ffb7473a9db6edebc5a8b31d364e29b191ee52338c', 'Garek', 'Ajam', 'male', '1966-12-02'),
('772-93-1828', 'dcamblecy@deliciousdays.com', '0ede0614d53a26177efa0c399791249b77538496c2dd96d6786ea884f0291e03', 'Dorrie', 'Camble', 'female', '1952-05-11'),
('773-67-1998', 'ldavyl1@ning.com', '1a3bb946124aba8a04befb000d354fb8d02e6fb39cb36178d2905d1f3dddff29', 'Livia', 'Davy', 'male', '1981-11-24'),
('773-77-0310', 'cnovelligw@furl.net', 'b2311506c82a4e8db1efa74b6424fb42876e6b131d1710d5edca72428931f2ca', 'Claudian', 'Novelli', 'male', '1971-11-24'),
('773-81-7597', 'bclementetfr@webeden.co.uk', 'fabed6e6add240d6683811e3d56066717780710be8712808144cb98236244cf3', 'Base', 'Clementet', 'female', '1953-08-29'),
('773-87-0840', 'thaslamc0@usnews.com', '5e5a1831d24a0b5b52a58e68ba49b72420b043eac903a0ec93030b0cfc4fbb3e', 'Towney', 'Haslam', 'male', '1953-03-02'),
('774-16-6708', 'gtreamayneoj@chronoengine.com', '10d0b02e3d5f551ea71f15bc996af32355e743f99fbb48f967e077969323a314', 'Guss', 'Treamayne', 'female', '1977-02-19'),
('774-42-9197', 'nspiring5e@marriott.com', '98170d00ef60e1c31be0b9aa878d37b572ea0482f75a5733f9f768db2d4c77cc', 'Norris', 'Spiring', 'male', '1973-12-13'),
('775-06-1926', 'kcrayker19@cocolog-nifty.com', '479c5fe849301cacefe909f311f3e563785a794f9b35c3fa8d41099e2957275a', 'Katya', 'Crayker', 'male', '1953-08-30'),
('775-17-4708', 'harmor5q@etsy.com', 'acf3015f1416dd73700683a2c51d1c63d01e130e94ed342b8f568431491381c9', 'Harli', 'Armor', 'female', '1983-05-04'),
('775-21-0233', 'echecchetellimd@google.com.au', 'f97d6c8ff52713cccc76c752535200ae53dac7ffeea4dd8f77a5254eaf271c3d', 'Emelyne', 'Checchetelli', 'female', '1974-05-16'),
('775-45-9628', 'kdries1p@ovh.net', '03396109b914e237d1e83d4557f2f8ce5764aa42652785764d0e017f1033c396', 'Kiersten', 'Dries', 'female', '1993-09-18'),
('775-59-1236', 'mklimaszewskijv@buzzfeed.com', '0eeeccda1d24ae0ced5165407fa938e7be8e2e748785254abf312df5a2e493a6', 'Margalo', 'Klimaszewski', 'male', '1962-09-23'),
('776-11-1089', 'cmesnardme@nhs.uk', 'afd48188531998fb4e0250ac1cbc500d11bbbdee0abfb4e8191aa6d0bee14034', 'Cesaro', 'Mesnard', 'male', '1992-03-25'),
('776-37-5411', 'cyanind4@state.tx.us', '3dead8721d39bd5054716c2a4f8d0eb642ace3f4b860ebfee1270533de5e9b1b', 'Carmela', 'Yanin', 'male', '1975-07-07'),
('776-93-7283', 'ctheodorisnp@cnbc.com', '9afa643711be95b5b94990913d15c02b5750dc73ae0a519ad8520b25408803af', 'Chester', 'Theodoris', 'female', '1978-04-26'),
('777-03-9298', 'jaimsonnk@youku.com', 'c03de248af0fe690dfe25827da4da2b328ac291dd16f08da70db99e3b16cb94c', 'Job', 'Aimson', 'male', '1973-10-29'),
('777-22-1607', 'sduffet6j@virginia.edu', '1be84ea75762dc25e75c8814d7bf37c027f528c5766f7e9a8f4a815b5cdd82de', 'Sonia', 'Duffet', 'female', '1984-02-15'),
('777-70-3464', 'agammillrf@exblog.jp', 'fab853d97fb8ccfaf634a9b7bb998ddf6baa27ce01a75c5a5dd07075726db08b', 'Abbot', 'Gammill', 'male', '1980-05-10'),
('778-48-9312', 'mstackbridgef4@usda.gov', '919565cc152c2271e5377a19fca7aa051f79e757139290bd86051e2f2d62a53f', 'Monika', 'Stackbridge', 'male', '1997-06-12'),
('779-40-6788', 'durey9r@gov.uk', '394c85f17ced55374d23539373641be5de0d3ea56b9a0103b97814403609cfd6', 'Daisie', 'Urey', 'female', '1967-04-06'),
('779-98-8333', 'szimmermanns6s@mysql.com', 'f322470eefc0d3357ddf8a14e4cd01148dfbdacdcdbb12066f2aa61351f34193', 'Sharona', 'Zimmermanns', 'male', '1965-06-24'),
('780-24-6542', 'lgunther7n@cloudflare.com', '12113085b00970a6134a46cf504df7c6446ecf1d5857671c9411bd3238ef74ef', 'Lorine', 'Gunther', 'female', '1973-10-23'),
('780-25-6779', 'gbaishkv@shutterfly.com', 'e3754fea1058b2c44f061e536c65529da0fb3df54dc4deb3122aefb80beeb286', 'Gaby', 'Baish', 'female', '1993-08-30'),
('780-54-5014', 'jeasombz@dailymotion.com', '99849e50dda5592cdc52c517f1ea73fa4cec634f0804a423a64f16a55133524b', 'Judith', 'Easom', 'male', '2004-06-05'),
('781-14-8946', 'mespadatebz@weebly.com', '2cf47fdd93de4bcfed2b2b2057435f4831e0fa7f64cdc2b5ce94af35e2dd9231', 'Magdaia', 'Espadate', 'female', '1963-07-12'),
('781-26-3982', 'kargonty@state.gov', '337b95f2d046e224eb0206cbf2bc85641d083647d74a737ff883b0bbc4d72dc7', 'Kate', 'Argont', 'female', '1972-04-02'),
('781-31-0045', 'tpayntonch@google.com.br', '742ad4236204a8aeebe775bec0f062cd4db9a41dd53d2d2da3c390d92d78f070', 'Tiena', 'Paynton', 'female', '1965-03-07'),
('781-47-2962', 'gmussettio7@google.nl', 'dc698f03fe513aa4b41f85ce7ee4a320fbf86ebe72b7448a8a3b90913b470e40', 'Gery', 'Mussetti', 'female', '1960-11-07'),
('782-65-8232', 'epankettmanou@huffingtonpost.com', '68d8eb63844df803b4b253021b52f51e0e8481fb433027a4a72e50018d241aa2', 'Estel', 'Pankettman', 'female', '1977-07-06'),
('782-86-3376', 'ofallowfieldim@un.org', '93b631f25e1e529bb5308fc0599a49bf92d4eebdd727c64dacd23e8954c015bc', 'Odille', 'Fallowfield', 'male', '1953-05-04'),
('783-52-1079', 'lradbourne4z@amazon.co.jp', '8c56300e7c30d908da9b0b3add1bec471a98e7473e56abdf2df0236309a87ca5', 'Lisha', 'Radbourne', 'male', '1971-11-18'),
('784-10-4355', 'civane@ezinearticles.com', 'de5c0dac870fe962b96218ae6b4fedfb96bff80a7d32e867d9c7e5ea58c09ed9', 'Constancia', 'Ivan', 'female', '1952-06-06'),
('784-21-0600', 'csawnwye@thetimes.co.uk', '575976f7bc3e406e53a358d33620d2a7febf7cca0e352141d66a48ddbca31cb6', 'Carmelina', 'Sawnwy', 'male', '1985-08-30'),
('784-78-6740', 'chasell50@ustream.tv', 'f19ba93a7eaa5d3ad54ffbfa8c07b47b94d81e2ef98bb66d9d3a13d34df3c315', 'Cynthea', 'Hasell', 'male', '1975-11-13'),
('784-96-3180', 'dfittallfu@hibu.com', '9c7d91874b1630f75bcae04e30fef047f5d1743ffeae5d81ec0593863021da68', 'Durand', 'Fittall', 'female', '1992-02-17'),
('785-34-7070', 'hreeman71@desdev.cn', '83c4aebad0a16f6fe75ea6b5e99db23c82e86d2604d7bc5b5c6b8f4d3d0e462b', 'Henrieta', 'Reeman', 'female', '1970-06-08'),
('785-40-0606', 'vhardimang@bloglines.com', '3a1f1670916f4e52ba1592af48bc7e9db9d37c0503ec0dae3b09b9ef9115c7c8', 'Vickie', 'Hardiman', 'male', '1955-03-24'),
('785-70-4434', 'dkellawayg4@webeden.co.uk', '4bf4f0adcce6f1476534fbfebca527f75e616a2ddbb86888766a405a1c0cb7cd', 'Denis', 'Kellaway', 'female', '1979-01-08'),
('785-75-4072', 'ogussinq2@livejournal.com', 'a0b78c4f34f2d11c701977da1a78ae6d2ebba4539ec399e53cbff682ba30d966', 'Olivette', 'Gussin', 'female', '1989-05-08'),
('785-81-2379', 'wsharplek7@xrea.com', '0a6b2705ffab86e8e3b99b035c5ec69df5e3fa2aae2977c05d1870be2eef50d7', 'Wolfgang', 'Sharple', 'female', '1999-12-12'),
('785-82-3343', 'dclydej1@nydailynews.com', '81c808aceccb3ad8edf0b252483e6e612748cb1c9cf4492b5df290656f9a1346', 'Danila', 'Clyde', 'female', '1993-12-26'),
('785-99-4402', 'jainscoughlh@dot.gov', 'd660bead6913730b36b2a0a709de076b72ce93b7bcdaed1122938085d3414777', 'Julia', 'Ainscough', 'male', '2000-08-24'),
('786-11-7629', 'tarter76@comcast.net', 'e685943e227f0368982826270fc127604d83547424c756b0f847b8808b99d818', 'Tabor', 'Arter', 'male', '1989-09-23'),
('786-28-9222', 'dbloxsumai@comsenz.com', '3543c22ef256de31e2249ec4326f6826009a0e53ccecf3361c0c740f1450dde0', 'Dominik', 'Bloxsum', 'female', '1990-12-10'),
('786-45-9024', 'spowellc7@over-blog.com', '7caf1b946054d7184e52af0949ec804403072c48798ebd4854d391aa49f1670f', 'Shea', 'Powell', 'female', '1959-11-03'),
('787-01-6737', 'gganing54@opera.com', '0507826e64214d49624489670a68e6291624e6219653d9569e5ef0272c42118c', 'Georgiana', 'Ganing', 'male', '1984-06-10'),
('787-83-6039', 'vhaycox6f@ucla.edu', '3e76306a33750aec0e835be16ed3f27836c4a02114cad4d66f3646d0663a2791', 'Valentijn', 'Haycox', 'female', '1964-02-24'),
('787-87-4709', 'mskiltongz@qq.com', '87c42fdccb8efdbde43422b32de68f66dc4c9aca6f40366d1bb8f3bee411a859', 'Marquita', 'Skilton', 'female', '1996-10-23'),
('788-93-6668', 'tgrimstead90@comsenz.com', '1d25884fdd92e28001c8f5b6212e6256c479155d3c9372e1588f4c24156b4a83', 'Timoteo', 'Grimstead', 'female', '1986-04-01'),
('789-41-9299', 'iqueenborough6r@addthis.com', 'bfe15260a386e59d68efb6640f1ab3c988ffc6bf7c95296ba11915628aef9fa1', 'Iolanthe', 'Queenborough', 'female', '1955-06-01'),
('789-65-9455', 'dvasyanin6n@google.ca', '20b565627973e01a8281dad7b034ec18623082e4a00cdc334c24428718ecca7f', 'Dayna', 'Vasyanin', 'male', '1990-03-22'),
('790-03-1388', 'ahauxbyqw@amazon.de', 'd3a3bdc47d40eab078874dd63cf9f51d471c621d98a05d4a76762f09a90a8626', 'Avrit', 'Hauxby', 'male', '1993-06-06'),
('790-43-7498', 'amanselby@nifty.com', '73507bc803b0c5cc461031de314e1d81a0985e8c2cdaf2d3ec7f185b2a5f3fe9', 'Almeria', 'Mansel', 'female', '1971-02-17'),
('791-40-9289', 'fpaigedg@samsung.com', '89cc5c44d0231455dba9ff8738779f478112530651c4aaaf13d5c4b4a513abbc', 'Faydra', 'Paige', 'male', '1990-07-23'),
('791-69-1783', 'znorhenyl2@ovh.net', 'e3dcdff2734f068185ecc4a4614b0a095d39badf2f4707e743e10f8b04ee7ad3', 'Zechariah', 'Norheny', 'male', '1971-05-15'),
('792-28-1025', 'astrikenf@time.com', 'c9f2cfdc95e07e6f53bb5f8ba032a32537768550be76603f175df320a0734e0b', 'Abra', 'Strike', 'female', '1965-10-28'),
('792-30-6663', 'klutwidgeq8@cnn.com', '2bcb9a2d02b6bbfc497478c9b236f579617d25e2fef6cbb621d5f87661f43b5d', 'Kennie', 'Lutwidge', 'male', '1983-11-16'),
('793-39-2528', 'tstockallqh@marriott.com', '5858d5c9d64caebe45981634ea067f1291dd0b8bdd863f3b8341ed0d0dfe808b', 'Tatiania', 'Stockall', 'male', '1995-03-17'),
('793-60-4022', 'adumbark@gizmodo.com', 'f3e720e5cb9d434e13626ba111fa609cec5dcc8ade306ac42b714ad768b31ac0', 'Arlana', 'Dumbar', 'male', '1969-01-31'),
('793-77-9794', 'kcollsez@zdnet.com', '60757697b5ea5555465ad6c406f524efc1a8617ad5ed223cde532e9b5978c8e8', 'Krista', 'Colls', 'female', '1957-03-11'),
('794-68-0836', 'sboylund4a@hao123.com', '6617c616306b5e64d15274849bfecf4d127c053e937c43324a1d403ca3bc605e', 'Sissy', 'Boylund', 'female', '1984-02-03'),
('795-83-8503', 'dcrosiohk@4shared.com', 'f9cff021344c1be37f446b879311abc8e4661c64ec3cd6703f9dfe8295c6f943', 'Danielle', 'Crosio', 'male', '1961-12-18'),
('795-93-9649', 'apantry28@house.gov', '4df42eb2135d6234e9db812fc48ed078ce5a0e676083a6d16c1478cdf2b85236', 'Adorne', 'Pantry', 'male', '2005-03-09'),
('796-40-1529', 'yaparkl0@yale.edu', 'e1afd454c77e5847e5a92a0db645779fa704bc3fcb773ebf04b0f880921e250e', 'Yul', 'Apark', 'male', '1996-11-02'),
('796-91-3736', 'tbowndz@instagram.com', 'fa49ac56d90b9c0b5cd5a9619a747468e0a54911cc032d6f808a91d7ae1b45a4', 'Tildy', 'Bownd', 'male', '1976-12-22'),
('797-19-9061', 'klosseljong3n@slideshare.net', 'f40cc073f2d2d6dbafa2d8f5f504bbb3a8458a21e09e92cc7e27eb65e6c06c4a', 'Kimble', 'Losseljong', 'male', '1952-10-17'),
('797-44-8664', 'ajurekhv@blogs.com', '2bd95afbb8412f11d0f06aa4b1d441261a34fc71b50120f6c326fb244528857f', 'Avram', 'Jurek', 'female', '1969-02-11'),
('797-47-2014', 'lguymerbn@tumblr.com', 'bd6d8ade35a3c7b85bf864fae98df96750167ad7be6c4e2ec011b9c442299c4d', 'Laurena', 'Guymer', 'male', '1978-02-11'),
('797-49-7929', 'amarchbanknx@yellowpages.com', 'a966c0f80ce7bfeb9dc0fc02c58d1ad1066304541ba73839442266284d94ff0c', 'Ashely', 'Marchbank', 'male', '1995-07-05'),
('797-52-2780', 'jdutteridgeg8@cocolog-nifty.com', 'cae9879439b87b43e7b3b09612a0f113bf443a1da996aeac0b654133ea7438a9', 'Janean', 'Dutteridge', 'male', '1993-10-23'),
('798-21-0991', 'rendspd@microsoft.com', 'd979b9a839cc533817b49e7ec2d6f4d60e2a7bd878faa7407191edd921144fdd', 'Raynell', 'Ends', 'male', '1950-06-11'),
('799-64-4600', 'hbrazik@fema.gov', 'b004d9a9a9645e0080355c9ca996afb502ffc5141ae462f4de8bda76831db061', 'Humfrid', 'Braz', 'male', '1977-10-15'),
('799-95-0026', 'ctomkinf5@exblog.jp', '23c980d0e93339ecd7bb3880ba66a3e9e88f9d0bfa0102e390d62e517718576f', 'Craggie', 'Tomkin', 'female', '1976-03-08'),
('800-20-5005', 'ghansef@geocities.com', '0e209bf37c5888d6d427b0fb631ebc0a74fa3787c628c996f1e3cf4169a3fca5', 'Gianni', 'Hans', 'male', '1974-03-05'),
('800-26-7360', 'jhardie69@xing.com', 'cbcd721466bbe7c9770a777bf1e40e2c3eb63eefdad132d51951a8528de40264', 'Jacquenetta', 'Hardie', 'female', '1982-10-13'),
('800-59-9489', 'agudgin3u@deliciousdays.com', '5908acef0e0cc02ac7e3bb388f93b2ebba714927a938711fad290a694407b137', 'Anni', 'Gudgin', 'female', '1967-08-24'),
('800-60-2636', 'jbettles30@imgur.com', 'dbd46bc9659abbc7750fdf4cf8ad2ebf809633ff1cd977b5d703ab8ac16d2dea', 'Jamie', 'Bettles', 'female', '1968-03-19'),
('800-98-3528', 'szanniij@dot.gov', 'b4b9027d18c847918182b74ad57087ca6db7867ba01b9f9f332055a2e2e8be32', 'Shayla', 'Zanni', 'male', '1969-07-13'),
('801-47-8290', 'dmckerronq0@nih.gov', '4fbc6d194fc3a415ec1111e791af942849677f56f22a5c0b656dd3c70b2c1707', 'Delbert', 'McKerron', 'male', '1963-01-06'),
('801-85-1527', 'mdrowsfield7q@china.com.cn', '43f4d0594b1333243544569b842d7d143af815669c8d3647322b934cac30aa51', 'Marne', 'Drowsfield', 'female', '1985-02-11'),
('802-10-3029', 'scassyrk@sciencedaily.com', '13d8d7a84f4b9b853d1725868ae2595e96f551cddc0c974dcd67e692732a2cdf', 'Scotty', 'Cassy', 'female', '1967-03-17'),
('802-13-9398', 'scotillardgr@deliciousdays.com', 'fc3fafe160866d81036ac637bebdcc8e111271f3961a91526499ea8c8c03d786', 'Sandro', 'Cotillard', 'female', '1964-10-09'),
('802-28-2045', 'ariveles80@utexas.edu', 'cc2dae25f90069e63c87b4b20e503db4f22c57ecf1115615c701b96694957e4e', 'Allx', 'Riveles', 'male', '1973-12-05'),
('802-68-5245', 'hduplanp1@reuters.com', '4a05a40f130bf6c68e5a0c601491536ff16dbb431c8cc354ca5e86e03a9876e2', 'Hillard', 'Duplan', 'female', '1960-06-29'),
('803-51-4877', 'msultero2@mapy.cz', '8bb489e167dc2d1a5ea7de11f46466357da67bcb7cd9a4d63e0488bce85cb6ad', 'Marlon', 'Sulter', 'female', '1957-12-18'),
('804-23-9849', 'amohun5c@omniture.com', 'd60687add62734851860bd50b02504b2af68eed7d2ff8cbeb808f8482f4e3ac0', 'Ania', 'Mohun', 'female', '1983-10-15'),
('804-26-8478', 'kmesias8h@digg.com', '1d5855ddf745385d251f4615ab684a6f8e1c64626987a1b318f6bdcc39e2634b', 'Karrie', 'Mesias', 'male', '1983-09-12'),
('804-42-2964', 'hbukowski2f@storify.com', '613c57dea6e0d598968a557556b62fe01538db73a77fc7778eb6a55766c5fe35', 'Hilliard', 'Bukowski', 'female', '1989-03-28'),
('804-74-4421', 'njellimand@usa.gov', 'f4351e6fc53fe15c7904083e4f7b50d834492001fae89cffe3dac71c5dcd1bde', 'Nona', 'Jelliman', 'female', '1951-02-04'),
('804-92-7992', 'wdowdenan@topsy.com', '594d7d2184d0d1a2d010c52dfc084150bfa824344265368c0ad396bbe1db168c', 'Wakefield', 'Dowden', 'male', '1983-10-20'),
('804-93-8560', 'ekrimmerfa@discuz.net', '68b8e5559ed2de1cfc8a580ae2a69fcec865f78bdad0603a3ee06d6840b8700f', 'Eduino', 'Krimmer', 'female', '1961-03-10'),
('804-96-7203', 'pyakebovitchk@storify.com', 'e258f21d9a804b5b6f8d29f5cfd30c1d8c2597fc777c56c4e4c723b61ffb551d', 'Pace', 'Yakebovitch', 'male', '1993-06-04'),
('805-14-1069', 'wdreakinj2@gnu.org', '65406087f97d2c6e86de09a7a1e8538384c6dcf580bdfa3493d2ad437a62f787', 'Waldon', 'Dreakin', 'male', '1968-05-24'),
('805-78-6950', 'krustem5@biglobe.ne.jp', '1de41404e7a57c24a21e01362e3ff0613596dace4c0564746074c3dfb380986e', 'Kesley', 'Ruste', 'female', '1954-06-14'),
('806-36-9590', 'kkennaird3s@pen.io', '630c5e811e46cb3b6bd5db75c36f7318aef34f427bba2b6d7c63cf35bc658f16', 'Katharina', 'Kennaird', 'female', '1976-02-18'),
('807-08-3911', 'mbuchan2a@adobe.com', 'eaa175d1dc07da8113e75bafe1d01a0cb9e8bcc5a10923358bdfb466084c95aa', 'Michell', 'Buchan', 'male', '1998-11-03'),
('807-42-5551', 'tboulder2l@vistaprint.com', '1b793196cdca51defbaf47c5d95a6a119bfdd1bf51273b35ad72cec289cca4d1', 'Thorpe', 'Boulder', 'male', '1983-09-29'),
('807-42-9196', 'hlappinemw@stumbleupon.com', 'ec23c1019f5bad6a10b1f66580292eafa936eb62c95059148a289d4f7edcc1fa', 'Helge', 'Lappine', 'female', '1990-10-18'),
('807-96-5127', 'dbrager8a@dailymail.co.uk', 'f0753e0397986d729ea0deb3b65c2b77d5ef8351133d49472988c8e8204c6613', 'Doy', 'Brager', 'male', '1994-10-21'),
('808-60-5254', 'cmothersolej@hc360.com', '33903a388a8fe1af22f48f81ed818b915f39b761bfbaee12abf32e7ce78e7673', 'Cookie', 'Mothersole', 'female', '1976-05-09'),
('809-33-4116', 'lbohlensic@google.ca', '2fc808f4b84615e85e6fcef7c27d367c48a58c81e824322cbb198c8762a716c5', 'Langsdon', 'Bohlens', 'female', '1969-02-03'),
('809-74-6201', 'rcarloso6@abc.net.au', '81e7f2d0dbbe55a3235da81ba5a0f018b8e516b8a96673fe6e1204de5b34fc8c', 'Rhys', 'Carlos', 'male', '1953-12-12'),
('809-87-8719', 'ssidlowfz@psu.edu', '7b30ca04db83d24864867945e5c2a65fd4ea6888f5fbd4a4e9d024ecaf540088', 'Salomi', 'Sidlow', 'male', '1991-11-27'),
('810-24-1765', 'agrivori5c@edublogs.org', 'b3cae7bdce8c08e3a6117a60fe25d3b270452817cb70d170ee5222014414094b', 'Ad', 'Grivori', 'female', '1961-01-23'),
('811-17-5414', 'wgallofi@wp.com', 'b67ab5346b5de72845143e5a142a834e8c0050bc8b6b97c9d22ad217a766acb1', 'Willa', 'Gallo', 'female', '1984-01-13'),
('811-36-4889', 'hthain7r@360.cn', 'e148b9a45ec0d2c4f4da01869b86170095929e203b6884cd5c1d1f27c8855333', 'Hymie', 'Thain', 'male', '1969-04-09'),
('811-37-5545', 'amackereth2@cloudflare.com', '12b95b988d8812f88d6d8e2320e3780abe905c7b033ed33173547768e7a4bc5f', 'Adrian', 'MacKereth', 'male', '1984-01-01'),
('811-64-1286', 'ldefilippis8@aol.com', 'dac56c8223e4e2675a83524b09f832589f5b486dfe094430ca64bf94fc324a56', 'Louise', 'De Filippis', 'female', '1998-06-22'),
('812-76-6654', 'cjanaudf2@unesco.org', '90e60a1be956e97181d7925298f84fe0b020f102a5ad8b7452c1a8851607ddcb', 'Claudius', 'Janaud', 'female', '2000-04-26'),
('813-01-6699', 'leamesp0@pagesperso-orange.fr', 'faa88c559dd42feb896c07dd0674cd763bb166f3ae3bc8b52246877d38fd2e24', 'Latrina', 'Eames', 'male', '2003-10-18'),
('813-04-0108', 'lhuckinpc@alibaba.com', 'f9976be599c323b84d3a23e6f7b5900ac6170acd131195f1fd24d79f578efbde', 'Leone', 'Huckin', 'female', '1994-07-16'),
('813-59-7740', 'kmackellarh1@businessinsider.com', 'c616a77c60a74c58000ad6f7536bc0e87741fdef1146d409d219824035ba879f', 'Kalindi', 'MacKellar', 'female', '1951-04-17'),
('814-80-4763', 'cyeeles67@gmpg.org', '10ce6579e0d93fb28f7c31a20e7a7a3400ca2e1a6922af85a80e38347c6f4f77', 'Corby', 'Yeeles', 'male', '1977-10-04'),
('814-87-9122', 'cfritchley65@amazon.co.jp', '9346c2468bf05ff11b56df4aec2a270b4e437a13936609e011e936ff79a91510', 'Claire', 'Fritchley', 'male', '1982-11-05'),
('815-08-3009', 'bwarlowe5g@msn.com', '17ee90f859209a4308bfd8024f7fc4cf3cfadd09dfaa7106193e7de29f75006f', 'Blair', 'Warlowe', 'male', '1994-10-19'),
('815-59-1270', 'kspeachley1@skype.com', '2ec7afa7145f2cd9096f3d4d7737114f546d29ed9b85353a35b14cdcb026b862', 'Kelley', 'Speachley', 'female', '1974-12-21'),
('815-71-4222', 'ccaplinp2@gnu.org', '4285cc2a8e373cb49761392bb51b206e279721547bd763056033f21bf3540d48', 'Codie', 'Caplin', 'female', '1960-08-05'),
('815-83-4009', 'apaolo5m@topsy.com', '3dc436907f0578e0253f50843326af6688913fcaf9608e6b049e67c31cc3fbc2', 'Antonietta', 'Paolo', 'male', '1969-06-24'),
('815-87-1136', 'rcondie68@furl.net', '91a9145f0ad72598dc798d698b5d09e5c6c9dcaab6cdf2da5a683335b13b2ad8', 'Rosalyn', 'Condie', 'female', '1965-06-10'),
('816-60-2103', 'jgavrielly1l@issuu.com', 'bf0aef9d7b9ad7273e04065148ec79b9767d03ca78b6e1ee6972b2d95bd7b3c5', 'Justino', 'Gavrielly', 'male', '1984-03-12'),
('816-75-0686', 'avowelspx@elegantthemes.com', '80f9c6a8b34260b34f9fd5ca063893d9b6746c04b0fa087f4d495ebf3dae6120', 'Allan', 'Vowels', 'male', '1974-08-12'),
('817-16-4883', 'bhadgkissq1@trellian.com', '338bdac5a28c18e375ec4806e5a9a12d5084b465a535237192fde9edbe1682b7', 'Birch', 'Hadgkiss', 'male', '1982-09-15'),
('817-49-7902', 'adunthorn2k@ezinearticles.com', '9b7e20ae84afbe46bee692c88a11cdb4fac766a7693fc588c3bd28eb32b11f67', 'Archibold', 'Dunthorn', 'female', '1988-07-15'),
('817-77-1636', 'splail8v@npr.org', 'efb8a14d328515a9b18dbc0b25b60c417819a567ab78ed38ebf6bb9591361474', 'Selie', 'Plail', 'female', '1975-09-29'),
('817-80-2432', 'jmarneyes@nps.gov', '3ba403ab26ba6afda181f2b24106388899481204c8df210b92f13ac93efd01e0', 'Jocelin', 'Marney', 'male', '1962-02-20'),
('817-86-1525', 'mrohlfsd2@spiegel.de', '7722ef3d572436585814bcdb2064efa5535e52662715b8948b9027671cfc67c9', 'Minnnie', 'Rohlfs', 'male', '1959-06-27'),
('818-22-6689', 'bborgarsb3@blogs.com', '2c78daf235bca6911959ce4de7389946c41c1fb5fe894e267b52e59ea05a6773', 'Broddy', 'Borgars', 'female', '1973-10-21'),
('818-34-8345', 'mthornley1x@washingtonpost.com', '8ddc6484eafddde5d9a9d54e9bd48107c2ac0bfe3060172aa5e9a86771e6d632', 'Marget', 'Thornley', 'male', '1988-07-25'),
('820-77-7760', 'ulabbetin@examiner.com', 'e75f24030b719973d1168471c4151d6c632d2a5bc7d2f65f13f338a4dbb12274', 'Ursula', 'LAbbet', 'female', '1999-09-24'),
('820-80-0850', 'tcairns4s@umn.edu', '2db6159ffe70b412a26f5e4e509bba5b9cee8782daa35c6271c53626622d5497', 'Theodor', 'Cairns', 'male', '1989-09-07'),
('822-28-0556', 'eyggo2q@blogs.com', '3cea1fbf8832dfeed046a80dd6313e964ada433c68d51fc3a18fbd9eb3057b4e', 'Ethe', 'Yggo', 'male', '1955-12-08'),
('822-32-9042', 'barrandalegj@marriott.com', '5f189e75edf7b163f3600cf1a767fda1b8f64dc807781a45e80e573a0650ae3b', 'Burlie', 'Arrandale', 'female', '1986-01-08'),
('822-43-8061', 'mgoodredgeoo@parallels.com', 'ffe4f44c946e179dea22fbe56cfb50abcc755c212256d2551a586a90784b1acb', 'Marco', 'Goodredge', 'female', '2000-01-21'),
('822-81-8144', 'ncottrellqz@census.gov', '08e0a1100d8c7e9299bcf204d0254c03c1e1f530867bc34cbe95021a0bbbc554', 'Norton', 'Cottrell', 'female', '2005-01-25'),
('822-82-8832', 'ganders1h@w3.org', '0d095d7cbf46454db6fa94b363a37331840623fd43834a748ca966b02012560a', 'Giordano', 'Anders', 'male', '1957-09-12'),
('823-22-6571', 'ckingejy@opensource.org', 'd263dd3ea568f3c1e6a8eb63570b4e95af472fb3d96c162ad1bdc8d906dbfbc2', 'Collette', 'Kinge', 'female', '1955-06-18'),
('823-53-3715', 'wdossettdq@reference.com', 'f0cd2419b85062c75f195220a3b277a01ff550034a88ff07e7df4fe7f40012b4', 'Willa', 'Dossett', 'female', '1983-12-10'),
('824-52-4219', 'abrider1@bandcamp.com', '8f70ce6e8609d6d1b2b240e300cc4704b7df268551102a9bedacd98ddc06f292', 'Ailbert', 'Bride', 'female', '1975-07-25'),
('824-91-7458', 'kpesslerqa@go.com', '22981b6512edbbba880423f2e392302c1d8325137328ec38f4e0995e157e9743', 'Karalynn', 'Pessler', 'female', '1951-10-02'),
('825-15-5253', 'pcordenax@youku.com', '645e55c7e2a014ffcd0dc0a5a3a40dc60984fe995403be759a0b4bf37483b1b5', 'Phyllida', 'Corden', 'female', '1983-04-15'),
('826-64-0774', 'mclayebc@cnbc.com', 'ed854d8c0fa7113431e87ab0ca1fe84392019fd86047920a97d3f9b9f9af1c83', 'Matthaeus', 'Claye', 'female', '1974-01-03'),
('827-01-4991', 'lwealthall1f@webeden.co.uk', '2c421002566e8a9b8d65d17d0e98f4a0eb021226d8328ad14aadd43e0cb1838a', 'Lynnelle', 'Wealthall', 'female', '1990-09-21'),
('827-91-3105', 'mdesimoneq6@bloglovin.com', 'aae95feffc0461191a16672bb93e7e2697b10c431ef369eb2ba660afc44f9d42', 'Mead', 'De Simone', 'female', '1968-02-09'),
('828-67-8176', 'apinsent86@oracle.com', '2119dd10e6cf67c3db9de5ba3444cc669705edbf79d1a8e8681f4958192d5427', 'Angele', 'Pinsent', 'male', '1980-10-07'),
('829-16-1649', 'gheed8m@sakura.ne.jp', '0cf763f45fe85f2f8180744399555ec0ae1ed17e817f0ecf742f6ccd632a9e35', 'Gabi', 'Heed', 'female', '2002-01-27'),
('829-29-9231', 'lhughlockcg@weather.com', 'c2fefee9694b43b41aa1ab140f01752b20810b5abbcb17c21dcc9df9c980d166', 'Lyndsay', 'Hughlock', 'female', '2000-01-30'),
('829-82-6944', 'zsighardkf@hexun.com', '930d972502202e20b374e11d9c88baec889012f21eeb247806199870cb3ada49', 'Zena', 'Sighard', 'male', '2002-04-24'),
('830-21-8351', 'lcapstick1u@rediff.com', 'be131b5909646fb00974d5c76086f380c55ac8c75d82c458ed279d89690fb049', 'Lisle', 'Capstick', 'male', '1974-09-18'),
('830-68-7425', 'cficken4d@dell.com', 'de7195e4cc7999c614045acbc0afda7df4fd20ec4c2c34f4ca5ac3a53b4e0674', 'Cobb', 'Ficken', 'female', '1973-01-18'),
('830-81-7261', 'adaviddif6@4shared.com', '946add751659a4a72c1c9e30af068a6ac97eddf48e30fd7ca2585803306cff55', 'Angel', 'Daviddi', 'male', '1952-12-23'),
('831-15-3183', 'etremonteir@mashable.com', '5645f6e2100546d81a1c0ee211f9be79b4c2eb1b05b4a32286cf054f6601c401', 'Eulalie', 'Tremonte', 'male', '2002-02-20'),
('831-60-4451', 'tgartan36@guardian.co.uk', '783eb1ed6e20a0b638e0f6918334f322e75011d690890b04056462cc164d6aea', 'Tamar', 'Gartan', 'male', '1958-09-10'),
('832-03-0528', 'bleggottgt@cnbc.com', 'f5219648e9ad6019ce55be0458cf38d7e0e2e19bee2bde2fdee3f57dd606ee09', 'Barny', 'Leggott', 'male', '1972-12-10'),
('832-28-2224', 'eetchesjx@sourceforge.net', '854d1f3d4bee24b5c0a8b64da4f3cf7820074fa686bfdfb109ab10a7ea585dc9', 'Evey', 'Etches', 'male', '1997-02-24'),
('832-61-0078', 'rmclaughlan4d@bloglines.com', '59b7d7e4301eee2d30444a71f5e6920dba9349d0b6ba7e7c3c3ab2fe73836f5d', 'Roldan', 'McLaughlan', 'female', '1978-03-10'),
('833-70-9820', 'fmixworthy1w@dmoz.org', '8dc792332e7e2edbb61e305f85d54daf66b748fcc8772210220c93132703741c', 'Florance', 'Mixworthy', 'male', '1998-03-31'),
('833-78-5947', 'adalgarnowch79@netlog.com', 'ab775b36683136411d4532747ca679624cdab27348fd932699fa647b5e5f32f0', 'Alwin', 'Dalgarnowch', 'female', '1968-02-29'),
('834-40-3199', 'yvlasov7@squidoo.com', 'ca1853e3a3b216c3874af7a176fee061016726f4e8baeef8643eead265e275c8', 'Yoko', 'Vlasov', 'female', '1999-06-25'),
('834-56-5869', 'apuleque5y@apple.com', 'a60f18b7d73048a152eb933070cd89fa6fb92ec16e2e4798dd8bef231701ff05', 'Agatha', 'Puleque', 'male', '1990-10-09'),
('835-98-2490', 'cmulfordhw@usgs.gov', 'b3904af981cec084064e2c3603f6293d4c5b928fd0ecfa253c85a27d5085e47d', 'Cathyleen', 'Mulford', 'female', '1989-05-14'),
('836-48-1910', 'amowatt6v@state.gov', 'c0cb00266ce52a72e8d7d9b5556fb5c03fe2a3dcbee2840d4933f776d6f03d1e', 'Allard', 'Mowatt', 'female', '1965-09-06'),
('837-43-9721', 'qdevonport3v@ifeng.com', '160e78bc198f86cbe1b6980253e51bc4faa143564b484744c545aadf417f47ae', 'Quill', 'Devonport', 'female', '1991-05-03'),
('838-16-9793', 'ctrickerl@xrea.com', '9a0e2db2f9ed98d1c093cc12d9d22fe62e4b944406598081ccfbe4f3b300fd4a', 'Christie', 'Tricker', 'female', '2000-10-19'),
('838-82-0912', 'rneevesiq@gizmodo.com', '11085316bec5d9fe6388ec740fce75ddf581a9454f1818e983d7c2fcd056c957', 'Rena', 'Neeves', 'male', '1956-06-10'),
('838-88-5785', 'ewroughtonfh@list-manage.com', '9029681f122bdff35e81b0294dba7b35b018b04c48196b1c7c25284eadb7ded6', 'Erena', 'Wroughton', 'female', '1973-02-16'),
('840-04-8597', 'hkilgallondb@google.es', '096aeb1116fbcd6387e8920d49a0f38eebb20b9dc46de264ad970a4ca86e0f13', 'Herc', 'Kilgallon', 'male', '1959-09-25'),
('840-29-4856', 'rclapson2s@barnesandnoble.com', '6ffa7b7ab64466d3d9c2a5b9226b0a5bfd098fbd091003f329139181f666ccf5', 'Reginald', 'Clapson', 'female', '2002-11-03'),
('840-55-2365', 'qhellard26@spiegel.de', '98e786277a4db8df006b927a4d7db7cc9b0a489bead675977143d6bebe7fdb67', 'Quintana', 'Hellard', 'male', '1990-04-04'),
('840-57-2999', 'tbecclesnt@tripod.com', '93b6373c940d83966051c7c191b7816f8462c03262af0f8c10e9e419034a0c7b', 'Thor', 'Beccles', 'male', '1965-04-10'),
('840-85-8092', 'demopatient@gmail.com', '$5$rounds=535000$HizRXBpTGa7DfhmH$kjF/f4WnY5nftZkd0tRn/0wJ2I7iyZXc9heM9NtBXF8', 'Aarika', 'Mumm', 'male', '1960-01-08'),
('841-29-5115', 'khedinghammy@answers.com', '3aa731650c91c929f14d5e8b3cf472daa874fc408350f480150a6e64ab217491', 'Kyle', 'Hedingham', 'female', '1989-04-08'),
('841-43-4082', 'malgierf@newyorker.com', '76400eb3e1e570eb2491dfdab6140b101d75cfd1292cc7d41bb0da6a64823dad', 'Meghan', 'Algie', 'male', '1993-12-05'),
('841-53-7003', 'mjewessju@dot.gov', 'b819bad2129947c73b1cdd2592090e3384d5ece76088482a265e67a8af4b9d06', 'Marillin', 'Jewess', 'female', '1997-02-05'),
('841-99-7410', 'areillyhm@howstuffworks.com', '91f53e06b17f8f06c394486fc01bbb57224e739b4ed16d1fe78714b39f6af64f', 'Audie', 'Reilly', 'male', '1960-06-30'),
('842-04-9083', 'sorwella7@vkontakte.ru', '77e229479eccc13bb17049729eb0c8f6659d93fb4aef76e775958cb1dcf0c273', 'Sherlock', 'Orwell', 'female', '1976-02-18'),
('842-82-6241', 'dknoxd@artisteer.com', '0f5c888466b0d1645ff7a5a979d422d5fb2726fa1fab1239b332842e78024acd', 'Desmond', 'Knox', 'male', '1953-05-28'),
('843-94-5802', 'cclarklr@google.co.jp', 'eb2645fb0ef2d310451e15cab2da9e989617b2d49120fbe9b4be8a40899630d1', 'Carly', 'Clark', 'female', '1971-08-17'),
('844-88-8671', 'fhaithwaiteou@cmu.edu', 'f18acaec68f4f2fba12f21bd7fb66d697b71e9d9fd906d4dae5b4885fa09012b', 'Fredric', 'Haithwaite', 'male', '1966-09-01'),
('845-11-6949', 'dhallardnj@kickstarter.com', 'e4796a1578ad7823c8aeebeb42a8fde1ef9168105f59b716fec42adfbb5fca7f', 'Darcee', 'Hallard', 'male', '1968-04-26'),
('845-18-3577', 'gkabos4b@sourceforge.net', '525c9b0652aa00c81d290c8e9848d4be780b9e15c8fba3b8784027d4e41ffbf5', 'Gina', 'Kabos', 'female', '1962-07-07'),
('845-58-9096', 'qcanwell8s@goo.ne.jp', '963dc37a7adf3fa40e0fb940d900a3e1bf249a49a55f64462a6b6dffcfa306c8', 'Quent', 'Canwell', 'male', '1982-12-17'),
('845-82-0631', 'bjaumek9@shareasale.com', '90d6436a893361da0a406c2ec081f30883dcc3e0cccf7a452654f1f6e144e86d', 'Braden', 'Jaume', 'male', '1965-12-27'),
('846-23-2515', 'gextanceey@mayoclinic.com', '62a5c04dadce1841677debc1560aa675ac26eac48601eb15db515909f9939896', 'Giselle', 'Extance', 'male', '1998-07-23'),
('846-64-1111', 'mjaquiss6m@statcounter.com', '62d0939640b9db08770c919d3a8c4824e272a42eff60ee7babef1452e7e983a7', 'Minne', 'Jaquiss', 'female', '2003-02-21'),
('846-93-4037', 'hupcotto3@independent.co.uk', '3850a37fc0ca9e661489730d82736d2d09a2a29e62b5437458a801c950bd66f4', 'Heinrik', 'Upcott', 'female', '1997-05-08'),
('847-20-3618', 'cgilardoni7o@spotify.com', 'babb54b56814c7d22f7cbbb43ffb6b6d4a81ba0e145f79582daf1e075ae480c6', 'Chlo', 'Gilardoni', 'male', '1950-10-31'),
('847-49-8582', 'macorsf5@yellowpages.com', '19a54d31809adc0f889f2a2d7afb8542cbf8b767301572e318e01ccadd578013', 'Moritz', 'Acors', 'female', '1955-09-13'),
('847-60-3183', 'pshallow6t@pen.io', '0b09d6847c31f463c017cec0542753e180a2e1e93f1c3a1ab2e5a37a5abf739f', 'Pall', 'Shallow', 'male', '1987-08-17'),
('848-20-1415', 'jlovelqo@bing.com', '0d3c2a77e670622aa523ea26dec1802569211b47e75a2d9b4ee2f41077da67c5', 'Jaime', 'Lovel', 'male', '1978-01-25'),
('848-52-2968', 'ecoppardhx@yellowpages.com', '97122235e1af967ecf2e717ed06d354483981fa2e9cb3924fb3c343810b768eb', 'Erl', 'Coppard', 'female', '1957-10-01'),
('848-92-0764', 'kjerzykp0@freewebs.com', '4924782584866d06c052b91181b84267bccba28e395c4f04fb3e14c344c723ac', 'Kylie', 'Jerzyk', 'female', '1978-09-19'),
('849-04-9440', 'dgrewerpl@dell.com', '88d683448e84b9128f0702bf1c5c70652fcddacafdbf9e25a2595a82d921be9b', 'Demetrius', 'Grewer', 'female', '1995-10-23'),
('849-06-3706', 'qfenckbt@usnews.com', 'd6d5b00916361e9511a040e00e59f9e81af119fcb86699c1f6e5616a75e4d2d7', 'Quent', 'Fenck', 'male', '1991-07-05'),
('849-76-2363', 'estqueninlz@imageshack.us', '867fb33032edcc32e343cda57c79e0d2c368732055127d68b675a22e4b23d622', 'Ev', 'St Quenin', 'female', '1953-02-04'),
('851-71-7263', 'jphillipll@clickbank.net', '64102e6060411d705045f232f87dc26aaa05d15fe7a9f4b00d3603547ad1ea72', 'Janeczka', 'Phillip', 'female', '1996-11-02'),
('851-78-2842', 'snolte2r@admin.ch', 'd8598cc4925278b3e44f781bb746a55042738c9145fbca58c66ebe06dd14132e', 'Sibyl', 'Nolte', 'male', '1952-08-12'),
('851-94-4663', 'rwallen35@cisco.com', '46946c504cf0052215ece84c52aad278126e3090072465b63fb39f40b1765431', 'Roxie', 'Wallen', 'female', '1999-05-17'),
('851-99-4622', 'wsammesi9@dedecms.com', 'ca086fbf0fdfbaa202fa23753585540b286606ff6a9c07b9085b0f1905caa4a0', 'Ward', 'Sammes', 'male', '1976-02-19'),
('852-44-0246', 'estilgogk@free.fr', 'f02f7e2d71b30f14c83d3fa789ba4cf0d31d6e02027eace6f778bf0869c2c380', 'Enrichetta', 'Stilgo', 'female', '1970-07-05'),
('852-59-3747', 'pratraymm@alexa.com', 'e2317c2b46db62d07b3767932bea96e1bfe2480e42cf551bbd0cfa49bc9b8a5d', 'Pennie', 'Ratray', 'male', '1951-06-13'),
('852-76-7965', 'ecabane6n@freewebs.com', 'ddc96d02fec448c0068f9bd5d9c881590b09c598139404f881357166fae0c04a', 'Erik', 'Cabane', 'female', '1954-06-28'),
('852-78-8121', 'hmamwell46@techcrunch.com', '083b5c1b89f0f20a0183efdb7aab9f34e6efe572b32d4488dd4e8b40a7351af7', 'Howard', 'Mamwell', 'male', '1984-09-25'),
('852-83-1134', 'dgreenardip@newsvine.com', '90093d5905f48e41a554f4c924e5f4295eda9252047d940c1f97f12216d58131', 'Demeter', 'Greenard', 'female', '1964-08-29'),
('853-05-9598', 'zhoylandgo@ucoz.com', '31466759b61c2be4de9526536133247df174e1869ae7b61f6f56e3ab5eacc478', 'Zack', 'Hoyland', 'female', '1985-06-19'),
('853-24-5498', 'jmaddockmn@addthis.com', '79ed28483aebc18448a1971775546d85f7c3c5e9318d10987bec09c603110561', 'Jackqueline', 'Maddock', 'male', '2004-10-07'),
('853-77-3237', 'hfrancescottinb@yale.edu', '6012fed239039779a1b9e80ce9c6d6f741f861db603404bedf442c2056e46b43', 'Haley', 'Francescotti', 'male', '1987-01-08'),
('854-25-1738', 'gconway8o@netvibes.com', '77ac429f44616fce127bfed86344fe478cb0e3eb4f053caef1cec6dcfb5f306b', 'Gibby', 'Conway', 'male', '1959-06-13'),
('854-48-6144', 'klarmordw@purevolume.com', '263e85675f87e9c0516325b0470e159b8fce71833e35e8dd08081098bdf7fa3f', 'Kelsey', 'Larmor', 'male', '1971-12-11'),
('855-01-7154', 'bdurdyh@domainmarket.com', 'f179822398de15146861e17322b0f9dc03fedf205eb60b01fc26783ce871f8f8', 'Berget', 'Durdy', 'male', '1989-08-31'),
('855-29-5727', 'hbeine2@youku.com', '342209dac81f251ba82535950f77816955f49b451aa144f61d79638aee7fbc4a', 'Haley', 'Bein', 'male', '1967-05-13'),
('855-52-0083', 'fmundall4x@tiny.cc', '56e3405668c8104753844a22d82c4ac221af4613c29b58e9ea23b0ba0b3a93a9', 'Fitzgerald', 'Mundall', 'male', '1973-10-07'),
('855-73-4379', 'ddodswell4n@xing.com', 'f5be1be386028c6eac95e9c996328e54d19d3eece63b9ac7fdfa4d0f4af88367', 'Donelle', 'Dodswell', 'female', '1958-08-22'),
('855-74-2413', 'cugolinijc@mail.ru', '748b89a65059634fb3d99f8b96dc04fdf4f6ee4440b7013ea31e04574b57604f', 'Clemmy', 'Ugolini', 'female', '1992-11-13'),
('855-78-2844', 'fohalleghanejf@tumblr.com', '6f883539436214841328cdb495a6ef36cd862a3021a6df5b8a9939b4e8921cf1', 'Florentia', 'O\'Halleghane', 'male', '2001-08-25'),
('856-56-6317', 'ctinstonml@moonfruit.com', 'ac58c8fc698c2b6bafc1aba7870f0473b2ac5ada2d1ede02fdc46c49535d472c', 'Caril', 'Tinston', 'female', '1988-06-26'),
('856-66-4937', 'cgotter4@foxnews.com', '425f5f59ff5ea3e0de1c71dc478aa90c1f7f03d3bb6ee49ac165b20a80db4489', 'Cordy', 'Gotter', 'female', '1969-12-21'),
('857-68-6817', 'bjocklea8@goodreads.com', '60a1e0bc5928fab75123361f6385ff78b5564730907fbfb2a93bd001ef0a5610', 'Bear', 'Jockle', 'female', '1960-11-18'),
('858-01-0997', 'fhassellfj@devhub.com', 'b61e2d82071cbeb9229dfd658a3bae7d05c088e46450957d7334bfcf01fd9a51', 'Franchot', 'Hassell', 'female', '1998-02-07'),
('858-30-3108', 'acamberal@china.com.cn', 'c2f54d3715e6fb7084186c9010749bafc4cedc6b80737b932cf8f02ba79e1ab4', 'Andre', 'Camber', 'female', '1972-11-19'),
('859-08-3796', 'mplayfordmg@rakuten.co.jp', '628147514266c3b4cc03624ea2ae6a313e9b064dc30af0a4d9f274d237596f8b', 'Marion', 'Playford', 'female', '1969-02-17'),
('859-09-1597', 'bbrunnera2@dmoz.org', 'df66a007adad6145560a2c4c6a0314db761ad8f3fc9e0d25581484de0e477f38', 'Bartholomeo', 'Brunner', 'female', '2002-03-22'),
('859-13-7308', 'mfaustinr6@xrea.com', 'c261b11bed8ebafb10380a26d06d2972aed921d3f64251def47601cd839449b4', 'Miguela', 'Faustin', 'male', '1985-05-14'),
('859-54-4864', 'sbrashfg@surveymonkey.com', '6b653e6e7590350ba6ceaa7088a070d6be682af5cba01a1ed41e474b7825c3c6', 'Selma', 'Brash', 'male', '1972-09-10'),
('860-01-4476', 'rempringhamhn@macromedia.com', '6327198ffa8dde63473b1dc6e6acde9b9e3bd89752ad3a06e51674270b960d09', 'Ruthanne', 'Empringham', 'female', '1994-12-15'),
('860-57-9211', 'ddykes42@pinterest.com', 'b1fbe15bdef4c64de324b81c902dd82674f352987cb41fb6cc556e6592a0af45', 'Deb', 'Dykes', 'male', '2004-12-11'),
('860-58-5749', 'sbaughnei@mapquest.com', '7741a3742dce45fc8fc9421fae0ff2e3d9b8a59d69bd37a430df81fa030a3f41', 'Sterne', 'Baughn', 'male', '1964-08-10'),
('860-93-3705', 'gbeauly8n@oakley.com', '0e0b731b8f0407e57cf54c5956122d71a40e36b0aa9f2c1d3a816af0fbea5bb8', 'Gilly', 'Beauly', 'female', '1968-04-21'),
('861-21-4806', 'hmakinsonqt@sciencedaily.com', 'b89ac492957e2a76d9b3acecf378751805c8f91bed092ce4efed5a7c9d32e17a', 'Henryetta', 'Makinson', 'male', '1956-08-27'),
('861-32-8731', 'mlotzekz@blog.com', 'bfbbdaefe13047104d413cad359f491f44c0597a3171b27023f53211ab61b3d9', 'Merrily', 'Lotze', 'male', '1964-10-11'),
('861-50-8531', 'ggeanee@cloudflare.com', '9d533b67b90f3b91528f19e491333b6597550e54699108e844d6269ffbcc9575', 'Gabriele', 'Geane', 'female', '1956-10-28'),
('861-98-7998', 'dfrayde@parallels.com', '5338fdc1ee8ec855d42071d477e63c931dd79baa6f07a6d01e6424a25514c6ed', 'Devan', 'Fray', 'female', '1996-03-31'),
('862-16-1755', 'measterlingqh@yahoo.co.jp', '805d37db3c97e68619d2b871f68494510f5cdb5f3d4a55c162602ccc9a6b31cd', 'Madelena', 'Easterling', 'male', '1963-09-17'),
('862-74-6151', 'dmcfetridgeiy@shinystat.com', 'c04b8bb07b52edd1e06944b130e40b4e395f13dd0e4ac2e3e7961fc3175b1619', 'Deedee', 'McFetridge', 'female', '1970-10-02'),
('863-36-2734', 'hhebronnw@about.me', '58b98ea9e446f1648d490e6ddf27fc6706d9213e1afb12e64ab20db60562237f', 'Harper', 'Hebron', 'female', '1978-01-31'),
('863-41-6121', 'fjoyew@barnesandnoble.com', '109e3e01b51a549d1cd6a3b9e4dd801c1f5356f7374965799121e3ea0b98ae4a', 'Frank', 'Joye', 'female', '1958-10-17'),
('863-53-8541', 'cknevetbx@foxnews.com', 'e2f6c73ad81cd3efe5bad3527964b12d0edd75c97a49c45af6841c71257cafb3', 'Cirillo', 'Knevet', 'female', '1971-01-26'),
('863-81-4444', 'bfound77@house.gov', 'c5d11f340bc5643c9ded634026eeafcbad3fa4360fbd1ac15214ae72f770e174', 'Blakeley', 'Found', 'female', '1981-04-04'),
('864-34-6918', 'fhaddingtonge@xing.com', '20bf263f4651bc0d982e411efe662c816fa8ad4af9f2ec629983e29261c91283', 'Filippo', 'Haddington', 'male', '1970-02-05'),
('864-64-2690', 'cillidgens@xing.com', '6df2e27556c5f8105256384ac01948187ae226eff6b46f4dc225bf318e70e54a', 'Calypso', 'Illidge', 'female', '1968-02-29'),
('865-62-1897', 'mgherardesci25@wikipedia.org', '50129b92902b9c0c284af8fe92543c573af2c8ef60e3e3bc05fc8ff8b99fd071', 'Marya', 'Gherardesci', 'female', '1964-11-22'),
('866-13-8514', 'sroydondn@nbcnews.com', 'cbe67a9327ac7f47a544b859bd2b41ea37636c3651c8952ad68bb73030323f84', 'Stoddard', 'Roydon', 'male', '1971-02-07'),
('866-95-8785', 'sdahmkeqs@cyberchimps.com', 'c24829493feec60dc0211bb9206fe58d06eb815225819f9b1dd3678dd8cfeb6d', 'Sunshine', 'Dahmke', 'female', '1979-07-25'),
('867-56-6002', 'vbunkerga@domainmarket.com', '74c90b8953d5d350ca9d2fefb747324b0ef1a4a3e12f12329406386d7ae5283b', 'Van', 'Bunker', 'female', '1985-12-14'),
('867-63-7494', 'hputtrelll2@sbwire.com', '440c28ff92624ebaa4350e22d8ceac26a6e4d651040a70d5b8e48ec39eeb37d8', 'Henrik', 'Puttrell', 'male', '1982-11-14'),
('867-97-5207', 'lolleax@domainmarket.com', '16ccebf3afaabaefb15c89497843e5ea5d557a47395f2839bb4f511493496b86', 'Luke', 'Olle', 'female', '1958-07-07'),
('868-13-4992', 'gcaulwell1@ameblo.jp', '94e694b7faa61620bb9076fc1531259fa5f3364eb814bd4a2b6386bcb9d62341', 'Germaine', 'Caulwell', 'male', '1988-10-23'),
('868-41-3969', 'jwoodgerfd@nasa.gov', '8348e3970654e6bc7b16241c668b83224575e1150945638ca580a790199830b0', 'Johnathon', 'Woodger', 'male', '1965-10-08'),
('868-60-5226', 'kraulstonec2@dmoz.org', '5855c580157f9863f645e39360dac9514a6abab6ac01652ce53ffd20930248a3', 'Karel', 'Raulstone', 'male', '1986-06-29'),
('868-66-6791', 'blemmerg@phpbb.com', '254477d04eff0fcdb3abe87818e1691b9f48382b75875ee096628fd717ecdaee', 'Buiron', 'Lemmer', 'female', '1973-04-15'),
('868-81-0753', 'svanbrughfx@ed.gov', '56fee17221b3ac87ac7c357864d7c23b28df07ea9277e01a409930fbe7c4cbd7', 'Spencer', 'VanBrugh', 'male', '1957-02-01'),
('870-04-7696', 'mpylkynytonl@angelfire.com', '7d26717a6a5bf8df61d07a5494020818c2c16781643afc533b6d1193413d57f6', 'Morena', 'Pylkynyton', 'female', '1997-11-18');
INSERT INTO `persons` (`ssn`, `email`, `password`, `first_name`, `last_name`, `gender`, `birth_date`) VALUES
('870-08-9284', 'djukubczak74@hp.com', '20fa4d8b72c45aeccfeee56514d3cf5284311942a4433984718711ea025501e9', 'Dedie', 'Jukubczak', 'male', '2003-05-17'),
('870-26-2132', 'kkealeyhg@sphinn.com', '3d75a100ac2d3ad0f4543894caf3f75b3344b12464bd4473dc8cf38b17ea9a9a', 'Kelcy', 'Kealey', 'male', '1967-05-28'),
('871-68-0788', 'aolyonovca@alibaba.com', '7ef051607888ab09c2fd7be37e13473c70c90ff9421d48abf6c7b3a9ba6c364d', 'Alica', 'Olyonov', 'female', '1972-09-23'),
('872-23-3292', 'htregale6t@plala.or.jp', '5aee5647ed4d72faadb57cfac30f0171f36833b1cdc4545fadd8bcb1073ff3a5', 'Hedy', 'Tregale', 'male', '1965-08-30'),
('872-25-3364', 'gvigneae@miibeian.gov.cn', '8c06669d0af3ab4ee2c2f386df80cb5b6ad13e0bb714ec2f66b8c9b850733945', 'Garner', 'Vigne', 'male', '1965-05-13'),
('872-86-8882', 'mleetas@guardian.co.uk', 'c8e35528a4661a93610a90a7399a436c3863b01763601f27c4814890eb6f0917', 'Minne', 'Leet', 'male', '1996-01-16'),
('873-39-9708', 'hstjohnci@wunderground.com', '366a78965ce5571df4aa48a9ae1bfc74c84e06d5da98f4622615c9a1c58f146d', 'Haskell', 'St. John', 'female', '1973-09-07'),
('873-74-7696', 'leaklypu@usgs.gov', 'acd278a2006ef3587091486994296b41ef75182e242d4893635f0c3121e4e006', 'Lance', 'Eakly', 'female', '1989-03-24'),
('874-17-7631', 'dflaunee1@bizjournals.com', 'b9676ccb5726bec81a32742501b9d65b35f6e20e9f7337032e58476e0fcf1d98', 'Deanna', 'Flaune', 'male', '1982-03-04'),
('874-32-1766', 'ustanluck5l@freewebs.com', 'af54909436d436f81951726bdd28272eebfcdae0c4bcf91977ce8ca0b2f6e13a', 'Ulrika', 'Stanluck', 'female', '1979-10-31'),
('874-43-6011', 'klafflinacz@youtube.com', 'b1c0ce2b158d4bf6d1703da837efef9ff6b96b512e3164d0cff7661691ec46bf', 'Kirsteni', 'Lafflina', 'female', '1964-03-21'),
('875-17-0579', 'sbleythingdj@whitehouse.gov', '1ea540e93963a1351f7470b15f370e686dd475786fb17ec4fb61f529693cb63c', 'Suki', 'Bleything', 'female', '1974-08-19'),
('876-08-3247', 'llemonniern@salon.com', 'eb403ef814e37a923ee610d2f17ba23079819d17e676bae5a9335f2b27d108d5', 'Laina', 'Lemonnier', 'male', '1990-03-07'),
('876-60-7488', 'laleksankovah@nifty.com', '1e77663b9e424c13453602bd3997beaa0ff65b6e54c0926ff89844d0841b4380', 'Lewes', 'Aleksankov', 'female', '1968-12-07'),
('876-69-8302', 'sstannislawski9@technorati.com', '8bb0b1f9d42ae0c0c98b8c1e10c39c7752862bbb075b4ff0f238a19b80e95f2a', 'Seline', 'Stannislawski', 'male', '1999-05-09'),
('876-90-5898', 'mbowra7t@ustream.tv', 'a7197b1b4a1dd3900722616ffdf2bd9bccf36558fc2bb64abf72789f377918d0', 'Marybelle', 'Bowra', 'male', '1975-06-09'),
('877-11-8067', 'srawetgx@unc.edu', 'b53de77caea4962b74ce91b8c0e61ba2ab82c5fd0722575990adef3b36f2e1fd', 'Sib', 'Rawet', 'female', '1980-10-31'),
('877-39-0080', 'hspinkbg@mit.edu', 'd34c54c64fab4091b7f181dce73100e32d9c84e80a291048bf945d82a783a123', 'Hedi', 'Spink', 'female', '1956-09-01'),
('879-68-4980', 'ylanigankg@chicagotribune.com', '8e913483ba242e02f9c345bfbbf2dd268131c553052b1d1ae81c3fc2d6caa58e', 'Yale', 'Lanigan', 'male', '1967-03-11'),
('879-84-4608', 'mwollardgd@nhs.uk', 'b3559398670871b8c859be13be3928667156d477f965054d4904fd0683dc754d', 'Melicent', 'Wollard', 'male', '1978-07-27'),
('880-43-2775', 'kmearns3c@foxnews.com', '3de7690616b3a1187e999a2b3e3126dd7df2fcbd26e1f2f893979e9bf6d62f46', 'Karney', 'Mearns', 'female', '1989-07-22'),
('880-97-3375', 'apassby82@1688.com', '64b6555066ef6822c81c5db994291556820421ab0042a378e5a07737a394c2f9', 'Annmarie', 'Passby', 'male', '1999-10-15'),
('881-14-5309', 'skilfeather8k@twitpic.com', '7104d3863b0ce8fcb778baa3120956cadd2ff8e9e05edd0e395373fcacdef56c', 'Sibyl', 'Kilfeather', 'female', '2004-01-28'),
('881-33-8846', 'pcassella92@state.tx.us', '1cab87d908bd935a6b06aff01d1d3526f3656ca8bed4213394774f2e934ad213', 'Paige', 'Cassella', 'male', '2003-02-08'),
('881-43-8505', 'bcolstondy@google.ru', 'f5e48485c0184c490e546f478748d174d63c02afb4ec515fd0da609c61c8a495', 'Blair', 'Colston', 'male', '1995-12-30'),
('881-94-8827', 'bfidgeon20@surveymonkey.com', '3317f94a0b13dc4402846c230f5c6e7f42595d1e6c4b97579d44f729fdaa52b7', 'Brian', 'Fidgeon', 'male', '1959-05-05'),
('882-40-7949', 'adavysev@harvard.edu', 'c8915f2bf235a119b424abbf3205627e8e226c9bd2fc5a90365683e4ee090274', 'Amandy', 'Davys', 'female', '1964-07-13'),
('882-98-6449', 'dpaxefordr2@biglobe.ne.jp', '7af42ebf8f78a9c9113171c9ef28e9ff770ef74f1f7a2586135677edf8714e89', 'Davis', 'Paxeford', 'female', '1951-06-05'),
('883-48-1646', 'tbenesevicham@buzzfeed.com', '5d4129e97958a85d7320a870e383a8c6879aa0e3b95a0365a208577e3a34c4bb', 'Tonye', 'Benesevich', 'female', '2001-06-25'),
('883-98-7678', 'nodgerij@independent.co.uk', '0aaaf198c09685a70cf9c36684f3e763f959eb8023df57765f7333c0ed429fcb', 'Nady', 'Odger', 'female', '1954-08-21'),
('884-03-5280', 'ewhitefootcm@rediff.com', '3b2e5956e269978e121b728f37c1435ab088863e82262a92599b6b7a50fcf32a', 'Edd', 'Whitefoot', 'female', '1959-12-14'),
('884-73-0996', 'scumberlidgeo8@guardian.co.uk', 'd73d232a63af389e8ce3517e2fcf9bd8c3a6ed1f7f2abb1f3bdb879ccf035e59', 'Silas', 'Cumberlidge', 'male', '1974-12-14'),
('885-66-7865', 'jchansonqz@jimdo.com', '2e647328e46ed714cb68bbb9e1ababc3c1f4b73e1060604f914ed8fc5f1a5edf', 'Jacky', 'Chanson', 'male', '1957-05-12'),
('885-97-7624', 'gfosbraey9o@github.com', '6ae7382023017863847e0000c47145a1d53807f29002bee0823e475de32628c4', 'Gaspar', 'Fosbraey', 'female', '1956-06-14'),
('886-09-3227', 'gduffy5s@drupal.org', '8ba1369c3fbd92ba6d5ec0156c4839b07de50c42533dfde460fa7afcb5308218', 'Glenn', 'Duffy', 'male', '1950-10-08'),
('886-79-6217', 'takroyd5x@livejournal.com', '0df021a384aca4025fe98375a19470f6ca594130d636a3dcad7f23d124b8b43e', 'Trude', 'Akroyd', 'male', '1968-03-18'),
('886-89-7338', 'lsidworthig@noaa.gov', '2211f63b1ec72cc8d434c155dfa79d39a6fbe30e266ebe1412c9c8d48edbbb25', 'Licha', 'Sidworth', 'male', '1968-09-18'),
('887-06-3338', 'mberan6a@creativecommons.org', 'e28f5e1a5f7d168b5469b1153151513f35140a1e8c03d531e71a8a5ada54148d', 'Morse', 'Beran', 'male', '1974-02-11'),
('887-15-9476', 'tblaw5x@shutterfly.com', '189db488da840829afc4df041f86214f4c05b5723ba4afdc30bdca5035285504', 'Tulley', 'Blaw', 'female', '1971-01-28'),
('888-33-9535', 'lagutter3r@seesaa.net', '2aaf4b8a32da7ea21dd9515e006dd04ea4f9dd842ed6cacfd87d89c6693b5752', 'Lorna', 'Agutter', 'female', '1972-12-09'),
('888-72-7266', 'iragsdallhi@twitpic.com', 'a9dc424158e59b92df760bc9a5304edd7fffefb9d3d9d10c71e24f1d11a742f3', 'Ianthe', 'Ragsdall', 'male', '1958-03-28'),
('888-77-7305', 'dlackeyfb@mayoclinic.com', 'ebf35d212ac7caac481b922d956d6ce7fc29dc8229924f268d0ea9b8cfb7f957', 'Dasie', 'Lackey', 'male', '1967-09-20'),
('888-86-6227', 'ajepp3d@scribd.com', '822b2fa78e9fa0e692ba5770a42336b07a604d75e216539579287e7332cdb126', 'Alfie', 'Jepp', 'male', '1997-02-20'),
('889-24-1260', 'kdufero0@booking.com', '1d9520f97b4884be2e6653075e11b6776b6587e7350a288e211b02a72c26d88a', 'Kristal', 'Dufer', 'male', '1956-04-14'),
('889-31-5962', 'dgillon3y@php.net', 'a77ec0bfb2d5ce56b6818b32c492a2090897d3b56f77f76f40190b04bcf83a0b', 'Darn', 'Gillon', 'male', '1959-11-13'),
('889-38-6932', 'tcaudelier3g@aboutads.info', '73fdd118b389a5b0f77e8715e7e39652b8bd3b91a77f9b43f595adf1d25de547', 'Tynan', 'Caudelier', 'male', '1991-08-27'),
('889-71-8023', 'cdartonfu@economist.com', 'ffcca095c4cf2610c6ab15f00f53921dd759590cfee86023ee44a460983c2382', 'Clint', 'Darton', 'male', '1952-01-21'),
('889-71-9182', 'fhoogendorpbf@de.vu', '0298e23175bec9321eed45208a4d822abf767e93bae57347d6da9140b928c8f4', 'Francyne', 'Hoogendorp', 'female', '1961-07-26'),
('889-75-7874', 'eandrey1o@engadget.com', '11c79a65953ee85154d02b606ab758f90932103a5564142e2c062d5c29206310', 'Enrica', 'Andrey', 'female', '1997-04-24'),
('890-45-8893', 'reydel27@devhub.com', 'd75a5c8ec558edc13f96796f28cf6ae34ea28954f0855352e58d454b0990ca1a', 'Rosalynd', 'Eydel', 'male', '1979-03-11'),
('891-05-7554', 'sclemanceaufb@earthlink.net', '013b39c6d92de218b66312e2610b3c8e72a246087cffe3a9f0159a4e23c3ec0c', 'Sile', 'Clemanceau', 'male', '1974-03-02'),
('891-05-9249', 'praincinjh@washington.edu', '1e15de4438faad2a71710a8a10f87c4b43888c6971965a3fbdb6fe7d239bc05f', 'Petrina', 'Raincin', 'female', '1995-10-16'),
('891-14-0839', 'bromidv@examiner.com', '83019e82d12774d1a7388597b979a4dc17f0af7564db31b26a63a46f609f9b4e', 'Bellina', 'Romi', 'female', '1996-12-23'),
('891-58-5084', 'ajeandetok@biglobe.ne.jp', '4f000b5f00ba5a9dd7c3d489477092d61da4c801bc12da509a6793a137c98929', 'Ambur', 'Jeandet', 'male', '1967-09-05'),
('891-79-3700', 'ddanslow92@canalblog.com', '0f85d8b495c632be30d31f668e50b1d060d528ac29c1b34158e432437c9d3a19', 'Deeann', 'Danslow', 'male', '1957-05-12'),
('891-84-8931', 'mgiggku@live.com', 'a8a328ff627c27ee849b7ed81c5664e5da9cf3247f39cc7db96cfa4330a32cc1', 'Marven', 'Gigg', 'female', '1951-09-13'),
('892-09-4576', 'kseviour1k@phoca.cz', '526e92a23f671d3ddf78ddadb0fbbdaee27970692a0b376d6bfc68a5045a9f3f', 'Kyrstin', 'Seviour', 'male', '1966-03-29'),
('892-97-1136', 'fsharplingb5@irs.gov', 'd44bd7174a8cb3709f160b015d7260af5d4990ba304a3733c9279bee8b39d23b', 'Franny', 'Sharpling', 'male', '1963-08-10'),
('893-01-5340', 'jdannqb@abc.net.au', '7bab4670104e2f46dd25c1c9bb4a108779aafc43f0cb29aaf683c098693ff2f3', 'Jewelle', 'Dann', 'male', '2001-10-29'),
('893-26-5785', 'omcneicea6@alexa.com', '70169d4dd1ec02dff7fdb556a36c7b55479d5500d9d47ff7df28a30d15dc8b94', 'Obadiah', 'McNeice', 'male', '1982-03-25'),
('893-51-9514', 'jsherrum29@house.gov', '37e68cddff8e3d01dc4b45de2e3b4f089ee6591e4fc6762895cf12c548bd0c30', 'Janka', 'Sherrum', 'female', '1956-12-26'),
('893-81-3515', 'vnewbandk7@usa.gov', 'a303184d343a2e8913bf9d5d202897ba39a6d067c0a8806acc82db45b60d0cc0', 'Vernen', 'Newband', 'female', '1976-07-15'),
('894-36-3558', 'davesonbw@toplist.cz', '706d6e3bbe936aa7c2089a96825c499b835375362e7a9ca85cfc177d0dddd5dc', 'Darby', 'Aveson', 'male', '1958-12-05'),
('894-89-4252', 'elarkworthy41@disqus.com', '7f7b29565d9fa59255a917268bfdc976b950c9206215224b12932e2436e82fe5', 'Elaine', 'Larkworthy', 'female', '1984-05-23'),
('895-07-2249', 'mglennpt@netlog.com', '8fc7438a73d3ecbc547012ea9acb34845e4a0888f631e71f43aa9c721ada4fee', 'Maddie', 'Glenn', 'male', '1999-02-14'),
('895-67-1086', 'fbrodesteu@discuz.net', '21e548fc977ee63aa58f3f34db4abbc64587cb1c0051c453444191cc56bcfe50', 'Fidela', 'Brodest', 'female', '1975-03-15'),
('896-05-9913', 'tarchbuttfn@livejournal.com', '0405d7ac01c4f9c68f8f0ab49706cdf373fcbc45438018549c0393da2177a902', 'Tammy', 'Archbutt', 'female', '1977-06-18'),
('896-12-3024', 'kwehner3l@cargocollective.com', 'c3aad0574235607a7ed02786697195b36cdf80eebbec944e5220e7913da086ff', 'Kahaleel', 'Wehner', 'male', '1959-08-22'),
('897-43-0397', 'asinkinsl7@cyberchimps.com', '612cb6eb5b34df6ad1c2163d98b51414d18a31e57d8ad2b0182bd57806761a03', 'Akim', 'Sinkins', 'female', '1996-11-19'),
('897-98-1273', 'eagarje@instagram.com', '37d8c02921f272f60df964e791c0ce8e9f31d7d111385f7d6afa2360714f1f28', 'Ebony', 'Agar', 'female', '1956-01-04'),
('898-32-5331', 'pbentleyew@php.net', 'e0b2ed86c330d2af1940c2e02b9464e9d8db6d56d0531abcf52216e9072f8f11', 'Poppy', 'Bentley', 'male', '1971-04-09'),
('898-96-1982', 'dgentric8x@rediff.com', '3cb3435924e874459aacd3a7195e90469316abfc47bb133dccee783a71974a17', 'Dugald', 'Gentric', 'male', '1991-12-24');

-- --------------------------------------------------------

--
-- Table structure for table `person_contact_numbers`
--

CREATE TABLE `person_contact_numbers` (
  `contact_number` varchar(15) NOT NULL,
  `contact_ssn` varchar(15) NOT NULL
) ENGINE=InnoDB DEFAULT CHARSET=utf8;

--
-- Dumping data for table `person_contact_numbers`
--

INSERT INTO `person_contact_numbers` (`contact_number`, `contact_ssn`) VALUES
('103 610 9649', '418-20-0967'),
('103 939 9236', '257-82-9962'),
('108 591 6278', '876-69-8302'),
('108 819 3530', '148-34-9768'),
('108 959 6166', '164-27-4140'),
('109 459 6462', '342-38-0500'),
('109 950 1626', '817-80-2432'),
('113 561 0837', '386-71-3024'),
('114 336 4573', '333-29-0388'),
('117 713 6996', '487-11-8367'),
('117 954 4952', '254-28-1542'),
('120 279 8890', '486-51-7401'),
('121 881 0702', '896-12-3024'),
('122 967 1039', '326-05-5212'),
('123 579 4570', '297-24-4700'),
('127 400 7773', '198-89-8524'),
('127 579 7590', '487-06-9083'),
('129 360 6092', '823-22-6571'),
('129 583 1180', '561-01-4458'),
('130 117 2346', '409-74-3965'),
('130 273 3075', '161-97-7963'),
('130 500 3872', '192-87-6273'),
('131 455 1030', '375-90-3367'),
('131 511 4343', '767-43-3886'),
('131 684 2075', '234-67-4530'),
('131 876 5841', '631-57-1854'),
('132 188 2676', '189-11-8402'),
('132 572 3637', '743-52-6654'),
('132 637 8209', '656-93-0054'),
('132 883 6691', '377-18-0853'),
('133 283 4358', '417-19-9631'),
('133 658 3243', '830-68-7425'),
('135 691 9013', '797-52-2780'),
('136 266 0176', '681-31-3894'),
('137 433 4909', '724-96-7512'),
('139 965 5162', '161-30-9436'),
('141 505 9406', '777-03-9298'),
('141 944 6194', '527-55-9195'),
('142 216 3940', '529-46-9783'),
('143 881 6662', '237-61-6103'),
('144 733 1151', '853-77-3237'),
('144 760 3871', '372-85-7919'),
('144 824 7811', '156-41-8694'),
('148 124 6783', '510-47-9934'),
('151 117 3803', '250-61-2985'),
('153 132 0623', '642-62-5698'),
('153 311 8763', '421-16-0869'),
('155 116 0117', '348-17-8332'),
('155 513 1892', '818-34-8345'),
('156 738 7642', '853-24-5498'),
('157 149 1600', '733-43-3608'),
('158 380 8665', '345-88-5962'),
('158 719 6774', '597-57-1774'),
('159 147 7826', '783-52-1079'),
('159 981 2569', '691-16-5002'),
('160 148 6690', '704-17-5049'),
('160 288 3365', '555-88-3194'),
('160 652 2096', '271-05-4953'),
('161 974 6120', '459-34-5021'),
('163 106 1713', '691-33-4870'),
('164 334 4754', '636-31-0799'),
('165 661 5079', '625-38-7971'),
('167 310 7996', '492-18-2850'),
('168 102 8894', '417-53-2287'),
('170 103 3088', '565-23-3692'),
('170 605 1744', '884-03-5280'),
('170 771 0565', '287-75-5259'),
('171 290 8536', '798-21-0991'),
('171 721 5470', '438-96-5024'),
('172 470 7928', '813-01-6699'),
('176 825 0301', '645-92-4560'),
('177 447 7942', '743-95-1482'),
('180 311 8391', '544-54-2565'),
('180 486 6733', '380-78-2221'),
('181 935 1055', '787-83-6039'),
('183 722 9741', '395-13-4270'),
('184 119 2153', '190-48-0909'),
('184 763 4298', '581-88-0628'),
('185 730 8233', '211-49-0369'),
('187 903 8995', '157-23-0922'),
('187 943 1142', '818-22-6689'),
('188 215 4497', '202-72-3604'),
('188 229 5271', '250-53-1893'),
('188 245 5049', '106-13-2714'),
('188 981 1715', '125-94-5466'),
('189 379 4871', '761-09-6439'),
('191 584 3446', '434-05-1317'),
('191 934 9632', '870-08-9284'),
('192 581 7630', '359-12-8801'),
('192 747 6320', '184-34-8585'),
('192 900 0750', '295-41-3174'),
('193 132 0749', '125-10-7895'),
('193 742 2873', '432-52-3170'),
('196 439 2641', '855-29-5727'),
('196 922 3870', '604-43-8982'),
('197 248 5110', '341-58-4352'),
('197 809 5360', '681-44-2988'),
('198 354 6832', '118-98-7157'),
('200 888 5041', '468-43-4167'),
('201 851 0272', '663-15-8644'),
('202 324 4288', '603-06-6955'),
('202 658 4327', '678-49-6929'),
('202 781 2644', '183-48-7202'),
('202 786 1982', '724-56-4588'),
('202 861 6683', '691-79-3603'),
('203 198 4708', '732-36-5188'),
('203 520 0210', '759-12-9489'),
('203 710 6867', '451-57-5903'),
('206 545 1290', '225-05-6497'),
('207 949 9648', '384-45-9153'),
('208 492 6104', '208-22-5340'),
('210 699 5270', '537-53-2806'),
('213 276 0390', '705-39-5668'),
('213 737 3880', '131-59-0059'),
('214 537 3888', '175-84-9669'),
('215 308 2934', '215-54-5800'),
('215 330 4922', '225-16-7919'),
('215 984 6882', '297-26-5008'),
('217 589 1429', '310-41-7947'),
('217 640 4897', '222-45-3479'),
('218 351 7131', '570-30-3481'),
('218 938 4287', '832-28-2224'),
('220 579 8158', '852-59-3747'),
('220 641 8117', '351-50-0817'),
('221 538 1470', '883-98-7678'),
('221 657 1334', '118-76-3468'),
('222 365 8182', '516-18-4635'),
('224 968 5728', '444-16-0959'),
('225 597 1303', '855-73-4379'),
('225 622 7693', '319-13-0608'),
('226 834 6565', '734-70-6994'),
('227 172 1842', '796-40-1529'),
('227 964 4966', '852-76-7965'),
('229 108 5362', '886-89-7338'),
('229 181 6759', '505-52-3560'),
('229 248 3269', '346-41-1191'),
('229 899 3606', '465-86-7503'),
('231 149 1341', '552-17-2356'),
('233 412 9962', '112-93-5065'),
('234 334 7780', '546-96-1446'),
('236 114 7745', '577-29-3521'),
('236 337 4593', '510-96-7564'),
('237 203 9685', '455-73-7943'),
('237 605 1201', '444-47-5938'),
('237 775 7785', '876-08-3247'),
('237 837 0133', '872-23-3292'),
('238 266 5231', '866-95-8785'),
('242 272 3229', '724-06-4077'),
('244 185 3608', '738-62-8528'),
('244 518 4871', '128-27-0031'),
('245 745 2435', '394-72-2829'),
('246 190 6565', '408-34-7588'),
('246 326 4705', '550-85-9422'),
('246 850 0551', '686-97-2501'),
('247 536 9725', '484-04-3221'),
('247 836 5218', '305-71-5288'),
('248 488 4591', '378-15-2108'),
('252 833 5698', '305-38-0194'),
('252 953 5249', '720-52-8972'),
('253 153 9585', '290-38-6905'),
('254 127 0552', '263-30-5235'),
('254 747 3388', '754-85-4941'),
('255 752 9663', '608-21-4931'),
('257 237 0033', '769-93-7303'),
('257 381 6208', '512-24-8190'),
('257 803 0462', '115-91-6600'),
('259 184 3495', '672-97-1189'),
('259 540 1195', '814-80-4763'),
('259 743 6112', '833-70-9820'),
('259 974 0399', '466-69-7958'),
('259 976 1240', '535-22-7557'),
('260 413 7178', '683-42-5177'),
('260 845 2778', '734-02-6926'),
('261 674 9717', '603-75-5338'),
('263 372 2429', '644-41-8006'),
('263 899 0385', '585-47-5039'),
('265 569 0881', '269-63-2975'),
('267 143 5855', '715-08-6020'),
('267 965 8308', '693-71-3610'),
('268 233 0909', '824-52-4219'),
('269 165 0298', '116-62-1863'),
('271 437 1126', '300-25-7396'),
('273 314 0141', '650-53-2947'),
('273 370 2365', '396-11-6371'),
('273 984 9387', '732-76-7488'),
('275 293 6090', '681-10-3556'),
('276 313 6049', '703-63-1713'),
('276 565 4264', '430-05-5942'),
('277 355 5345', '499-63-2903'),
('279 304 7736', '196-50-1976'),
('279 408 9611', '555-32-0178'),
('280 275 1362', '467-98-4939'),
('281 556 0443', '432-35-1103'),
('282 256 7764', '820-77-7760'),
('282 574 8309', '697-90-3616'),
('283 401 2385', '503-93-5052'),
('283 487 1467', '454-46-0906'),
('283 589 4120', '629-26-2083'),
('283 805 5664', '511-64-5187'),
('284 184 8019', '548-03-7813'),
('286 110 2750', '510-73-8074'),
('286 228 9252', '606-86-9856'),
('286 491 3613', '272-59-9377'),
('287 122 3156', '293-44-0293'),
('287 371 0038', '885-97-7624'),
('290 406 4097', '618-56-1618'),
('291 539 1804', '867-56-6002'),
('291 812 1958', '202-34-7844'),
('292 124 7970', '255-02-7008'),
('295 937 0084', '166-48-9399'),
('296 224 8015', '436-42-8650'),
('296 232 7802', '685-33-0744'),
('297 345 1733', '273-30-2610'),
('297 904 6234', '331-95-3762'),
('297 969 1262', '709-21-1568'),
('298 172 9098', '651-86-7200'),
('298 567 9490', '184-93-4911'),
('299 543 0987', '510-13-2879'),
('300 167 2920', '320-96-1164'),
('301 627 4433', '261-75-8530'),
('302 226 0285', '380-86-9806'),
('302 536 5038', '541-21-1660'),
('303 599 2570', '236-55-6794'),
('303 620 3432', '804-93-8560'),
('303 921 5988', '800-26-7360'),
('304 358 6409', '245-62-6501'),
('305 271 5097', '679-50-2711'),
('305 494 8292', '812-76-6654'),
('307 100 8358', '684-62-3046'),
('307 773 9389', '483-43-9848'),
('309 141 3149', '614-39-9420'),
('309 901 9267', '891-79-3700'),
('310 996 1247', '668-77-1261'),
('312 466 5983', '893-26-5785'),
('313 989 5688', '658-81-9464'),
('315 794 1185', '758-07-3298'),
('315 843 1310', '596-28-7551'),
('316 396 9131', '590-36-9528'),
('316 487 1417', '852-78-8121'),
('316 628 9788', '403-24-1276'),
('317 912 4144', '827-91-3105'),
('318 401 7717', '208-64-5756'),
('319 228 7695', '301-48-0967'),
('319 703 4049', '355-46-4434'),
('324 588 9038', '104-46-9870'),
('325 150 4986', '697-58-5169'),
('327 596 4304', '326-02-1865'),
('327 596 8675', '711-96-5574'),
('329 545 7130', '815-71-4222'),
('331 213 9410', '414-07-9755'),
('331 677 8486', '771-93-9651'),
('332 767 0117', '227-35-2943'),
('334 646 9662', '662-67-1811'),
('334 981 9105', '338-55-0022'),
('335 475 8692', '171-34-0185'),
('335 671 7988', '714-02-1327'),
('336 254 9545', '407-45-9469'),
('336 303 7921', '623-70-3071'),
('337 754 4615', '241-98-5233'),
('338 107 8581', '716-65-9180'),
('338 279 3747', '273-17-7002'),
('339 612 9040', '820-80-0850'),
('339 749 5782', '460-98-6093'),
('339 982 1250', '862-74-6151'),
('340 224 7344', '476-15-2697'),
('340 230 5176', '316-18-6147'),
('340 278 0052', '634-53-8423'),
('342 288 4000', '106-75-2595'),
('344 297 2866', '587-34-1220'),
('344 390 4024', '789-41-9299'),
('344 481 7617', '687-58-8017'),
('344 699 1708', '465-54-0898'),
('345 874 1849', '639-79-3062'),
('346 146 7413', '779-40-6788'),
('348 881 8101', '626-72-8849'),
('350 231 1416', '591-37-2912'),
('351 370 0186', '105-66-6671'),
('351 737 5962', '604-49-5942'),
('352 367 3842', '811-36-4889'),
('352 453 7234', '626-41-2554'),
('352 741 8242', '363-85-6401'),
('354 599 6215', '739-66-5168'),
('357 665 7686', '851-78-2842'),
('357 791 6312', '669-92-8649'),
('359 295 1187', '661-27-2229'),
('359 385 2966', '391-19-2204'),
('359 442 1520', '612-20-5024'),
('360 213 4120', '896-05-9913'),
('360 825 1659', '111-26-7367'),
('364 938 9799', '289-10-7693'),
('365 156 4444', '488-14-7157'),
('365 178 0010', '189-34-9137'),
('365 204 9323', '118-44-1381'),
('365 991 2476', '785-82-3343'),
('366 297 1747', '467-56-8301'),
('366 473 7776', '182-62-2648'),
('370 299 0293', '266-32-8627'),
('370 957 5340', '174-40-0221'),
('372 358 8676', '756-82-0402'),
('373 288 9295', '660-25-5678'),
('373 311 9296', '554-74-2177'),
('377 272 0740', '524-96-7077'),
('377 660 7478', '645-12-7778'),
('377 822 7569', '277-88-8125'),
('378 600 6264', '287-31-1781'),
('378 709 2739', '236-44-1064'),
('380 572 2108', '642-19-0102'),
('381 338 9106', '602-46-5799'),
('382 314 8577', '385-47-4340'),
('383 552 3694', '805-14-1069'),
('385 403 4957', '650-60-1849'),
('386 330 6601', '450-82-1380'),
('388 635 0593', '897-98-1273'),
('388 682 8545', '457-38-5550'),
('388 725 3609', '115-90-0204'),
('390 970 2558', '103-99-6905'),
('391 384 9583', '424-81-8687'),
('391 684 5762', '685-67-2225'),
('393 557 6451', '891-05-7554'),
('394 683 8791', '191-91-1128'),
('395 344 9773', '398-78-0483'),
('395 795 9997', '145-51-7290'),
('398 557 8337', '702-85-4920'),
('399 303 7949', '864-34-6918'),
('399 727 4892', '564-71-4406'),
('403 140 6774', '811-37-5545'),
('404 150 0826', '544-02-6992'),
('405 307 0501', '549-14-1516'),
('405 628 6187', '425-35-0265'),
('407 484 0905', '256-21-0282'),
('407 737 8507', '695-33-1585'),
('408 784 8148', '572-33-3745'),
('409 528 1936', '669-08-4073'),
('410 527 4582', '165-44-0842'),
('411 699 4141', '507-81-6480'),
('411 750 0634', '225-87-8017'),
('413 913 2245', '147-59-5262'),
('414 265 1994', '682-89-4191'),
('414 331 2821', '682-68-2938'),
('415 157 0286', '636-76-2699'),
('415 486 5611', '725-92-8067'),
('415 587 3077', '846-64-1111'),
('416 764 3114', '222-02-4088'),
('420 134 9187', '543-10-1410'),
('420 253 4377', '490-19-0344'),
('421 669 5482', '221-18-2753'),
('422 823 3492', '316-51-0637'),
('423 228 3275', '203-16-7719'),
('423 745 0652', '786-45-9024'),
('425 265 0931', '325-85-0423'),
('425 748 2848', '264-94-9024'),
('426 140 7741', '863-36-2734'),
('426 385 9801', '274-38-0040'),
('426 466 2802', '393-11-2962'),
('426 714 7960', '100-50-1722'),
('427 117 0058', '401-41-9415'),
('428 362 5628', '775-17-4708'),
('428 682 9486', '310-48-7574'),
('429 448 6236', '431-16-8238'),
('431 303 3706', '191-27-3930'),
('431 362 9635', '570-23-7351'),
('432 774 2664', '341-32-5974'),
('432 866 6345', '285-84-3811'),
('435 209 5374', '636-45-4607'),
('435 662 3392', '108-20-7064'),
('435 898 3693', '866-13-8514'),
('435 960 0932', '679-02-7109'),
('436 194 3452', '787-01-6737'),
('436 508 9559', '378-12-7643'),
('436 661 7506', '196-96-2007'),
('437 364 7152', '593-92-2736'),
('437 827 2739', '801-85-1527'),
('437 920 6874', '355-95-9668'),
('440 544 2531', '715-42-9813'),
('442 872 2229', '153-43-1521'),
('443 503 8615', '777-70-3464'),
('445 279 8836', '258-36-6081'),
('445 468 6791', '513-45-7867'),
('446 904 3666', '760-12-6117'),
('447 950 6613', '652-50-6648'),
('448 778 5855', '802-10-3029'),
('449 834 4533', '291-36-5545'),
('450 107 2441', '331-05-4778'),
('451 481 3964', '467-71-5567'),
('452 258 5680', '394-98-4477'),
('452 487 8849', '845-58-9096'),
('452 884 7427', '669-14-0893'),
('454 468 1071', '840-29-4856'),
('454 639 7379', '283-38-6340'),
('456 261 9094', '700-85-1756'),
('456 601 0164', '793-77-9794'),
('456 783 0343', '150-61-0211'),
('457 191 1136', '539-34-3809'),
('457 372 3738', '565-89-1196'),
('458 240 1229', '112-59-9525'),
('462 249 0360', '731-80-1386'),
('462 382 2841', '223-09-5658'),
('463 693 9644', '512-65-1226'),
('464 942 3793', '125-42-2363'),
('465 248 5004', '138-86-5248'),
('466 938 0348', '559-02-8501'),
('467 106 2814', '385-83-8044'),
('467 871 0058', '682-59-9824'),
('468 297 9696', '402-56-6960'),
('468 404 6290', '606-83-1174'),
('469 457 3267', '179-67-3780'),
('470 867 1678', '258-04-7487'),
('470 929 5173', '403-58-7791'),
('472 252 9546', '279-59-0147'),
('475 646 7721', '426-62-1490'),
('477 937 8219', '332-36-0976'),
('478 815 9570', '732-82-9776'),
('479 541 3093', '217-07-0123'),
('479 604 5985', '240-67-9349'),
('479 985 3111', '847-49-8582'),
('481 422 7287', '453-01-4331'),
('481 433 1115', '889-24-1260'),
('481 662 4269', '463-38-1101'),
('481 866 6995', '797-49-7929'),
('481 961 1481', '129-74-3140'),
('484 219 3367', '857-68-6817'),
('484 284 1021', '232-22-3735'),
('484 369 1417', '593-46-2743'),
('484 478 1307', '533-27-5991'),
('484 485 0873', '349-81-2585'),
('486 270 4879', '235-26-3773'),
('486 605 2354', '221-80-2299'),
('488 229 1140', '160-58-6094'),
('488 462 9678', '476-72-6066'),
('488 850 4378', '227-86-8435'),
('490 132 5782', '480-24-9450'),
('490 768 5414', '329-92-6978'),
('491 140 6698', '589-96-6735'),
('492 185 5558', '539-95-1168'),
('492 464 5548', '151-06-2503'),
('493 401 7140', '446-14-0262'),
('493 585 2960', '785-70-4434'),
('493 623 6431', '774-42-9197'),
('493 757 2306', '578-02-8765'),
('495 189 3131', '473-90-5942'),
('497 549 6520', '169-17-3188'),
('497 725 2540', '500-35-9100'),
('499 746 9030', '373-26-8081'),
('500 109 1020', '532-37-8192'),
('500 523 6229', '702-16-3462'),
('500 781 6342', '551-32-2772'),
('500 921 1907', '773-81-7597'),
('501 314 2618', '337-22-8435'),
('502 188 2731', '486-89-5167'),
('502 939 6591', '561-27-5730'),
('504 497 6061', '897-43-0397'),
('504 913 0040', '552-11-1988'),
('508 933 4967', '617-61-4655'),
('512 885 8320', '287-23-7266'),
('513 869 5055', '247-89-4796'),
('514 472 8765', '177-48-6187'),
('514 542 9673', '313-40-5866'),
('516 269 3715', '497-20-2207'),
('517 499 1071', '618-13-9793'),
('517 907 6793', '148-59-1209'),
('519 207 7623', '141-39-2601'),
('519 588 8055', '426-35-3632'),
('521 405 0539', '843-94-5802'),
('521 717 3728', '757-76-0463'),
('5232323231', '12312312312'),
('525 677 6892', '813-04-0108'),
('526 380 7878', '765-93-8279'),
('526 760 7131', '425-54-6038'),
('528 410 0814', '586-76-8316'),
('530 181 4858', '637-52-3517'),
('531 412 8230', '161-46-6918'),
('532 159 4104', '331-44-0651'),
('532 439 6968', '880-43-2775'),
('534 201 7268', '466-73-7683'),
('534 799 1006', '804-23-9849'),
('535 673 6673', '483-78-9589'),
('537 528 0582', '255-75-2639'),
('537 638 9925', '724-08-3206'),
('540 446 4543', '185-61-7711'),
('540 786 0238', '227-77-9015'),
('541 149 0324', '889-31-5962'),
('542 881 7266', '466-25-0078'),
('543 678 6093', '150-69-0141'),
('544 863 3459', '564-18-3798'),
('545 259 8718', '292-57-7157'),
('547 259 2050', '373-91-9159'),
('547 716 6829', '377-21-0549'),
('549 351 5899', '617-46-4601'),
('549 385 5939', '887-15-9476'),
('550 132 6941', '549-64-9836'),
('550 659 9714', '456-99-7580'),
('551 244 6306', '284-04-6863'),
('552 733 2987', '208-55-1100'),
('554 452 1317', '369-93-6607'),
('555 379 9292', '211-72-2537'),
('555 468 0885', '326-56-0290'),
('556 651 7997', '349-46-0988'),
('556 666 7490', '678-48-1857'),
('557 156 4093', '782-86-3376'),
('559 697 8664', '512-48-2055'),
('560 597 5994', '333-23-6528'),
('562 389 3361', '774-16-6708'),
('563 131 1529', '273-04-7352'),
('564 332 9777', '679-32-9670'),
('565 251 1313', '382-80-4282'),
('565 682 0021', '319-14-2138'),
('566 269 9705', '312-38-5603'),
('567 600 5548', '862-16-1755'),
('567 777 1295', '781-14-8946'),
('571 245 2899', '125-90-6382'),
('571 872 4171', '838-88-5785'),
('573 814 8615', '870-26-2132'),
('575 918 8516', '879-68-4980'),
('576 261 3206', '187-01-8377'),
('577 164 9682', '737-38-2968'),
('577 626 8279', '304-60-0820'),
('579 125 3513', '337-33-1219'),
('579 401 6632', '146-62-4335'),
('580 647 5156', '240-77-8677'),
('581 111 1756', '617-50-0708'),
('581 337 1317', '432-57-5814'),
('583 468 7701', '220-14-2018'),
('584 607 1828', '840-85-8092'),
('584 717 0576', '709-60-7531'),
('584 877 5931', '251-54-6723'),
('585 888 5278', '435-78-2413'),
('586 155 8907', '452-06-5236'),
('587 363 9140', '256-63-0507'),
('587 755 2231', '402-97-9660'),
('587 840 3010', '507-13-1729'),
('587 928 0076', '807-42-5551'),
('588 820 6473', '155-31-4795'),
('590 449 6027', '164-63-9224'),
('591 788 9927', '382-25-7091'),
('593 392 4336', '888-72-7266'),
('596 229 5079', '623-45-3659'),
('596 421 9553', '219-11-6383'),
('596 777 6053', '262-63-8830'),
('597 879 1098', '506-58-6334'),
('599 684 3448', '604-51-6600'),
('599 732 8032', '760-80-8812'),
('600 110 5849', '813-59-7740'),
('601 172 4662', '766-73-3359'),
('601 235 6558', '597-26-7228'),
('602 347 5568', '556-34-4032'),
('602 354 9507', '394-35-2681'),
('602 599 7593', '226-61-8476'),
('604 649 9122', '203-22-4674'),
('604 937 2737', '781-31-0045'),
('605 794 2264', '756-39-0669'),
('606 130 8031', '884-73-0996'),
('606 170 1331', '113-15-0898'),
('607 694 8638', '634-59-6404'),
('608 123 8536', '703-92-7371'),
('608 601 6068', '801-47-8290'),
('610 204 4244', '851-71-7263'),
('610 359 1442', '301-48-8272'),
('610 943 0286', '214-09-9897'),
('611 157 3075', '709-65-3199'),
('612 513 7160', '434-43-8049'),
('613 468 3767', '852-83-1134'),
('614 956 1725', '105-63-8664'),
('615 339 5418', '457-82-7343'),
('615 470 5997', '836-48-1910'),
('615 534 3527', '250-84-7293'),
('617 603 8419', '852-44-0246'),
('619 837 1993', '605-99-4513'),
('621 456 9389', '637-30-9717'),
('623 317 0851', '467-01-7184'),
('623 631 7887', '442-86-1284'),
('623 806 0608', '249-87-9777'),
('623 818 7501', '823-53-3715'),
('624 157 9577', '160-08-9107'),
('624 260 2830', '425-19-2062'),
('624 649 6207', '528-94-3153'),
('625 906 1484', '494-56-7710'),
('626 389 2305', '512-96-9065'),
('626 499 2335', '879-84-4608'),
('628 134 3199', '132-02-8587'),
('628 277 3004', '351-22-4813'),
('628 425 3423', '472-13-1344'),
('629 418 0732', '863-81-4444'),
('630 351 1656', '663-51-6583'),
('631 675 3669', '414-11-8433'),
('632 221 2372', '644-17-1240'),
('633 719 3497', '437-01-8495'),
('635 243 1916', '203-49-4665'),
('636 406 4170', '792-28-1025'),
('638 537 8583', '332-68-3093'),
('638 652 4297', '729-98-9671'),
('639 853 1980', '892-09-4576'),
('639 861 8892', '178-33-4013'),
('641 456 7720', '275-31-9451'),
('642 795 7566', '265-63-3385'),
('643 810 2855', '552-44-4303'),
('646 677 7860', '112-09-4449'),
('646 754 3531', '195-16-4905'),
('649 747 7390', '243-81-1229'),
('650 892 5769', '327-66-0994'),
('652 750 2059', '889-75-7874'),
('652 915 3136', '309-93-8249'),
('652 926 6626', '416-62-7302'),
('654 204 4710', '623-33-1862'),
('654 322 1329', '402-73-4363'),
('655 935 1892', '270-93-6006'),
('657 508 2705', '175-77-7823'),
('657 553 1187', '751-36-3383'),
('658 557 8169', '517-40-7912'),
('658 906 3048', '499-75-3016'),
('659 288 6433', '259-26-4030'),
('659 639 1797', '347-01-2457'),
('660 622 3148', '480-43-6165'),
('660 912 5857', '457-37-6128'),
('661 162 9201', '771-82-4988'),
('661 666 4436', '751-30-7378'),
('661 997 9236', '610-93-3910'),
('662 890 9623', '643-09-3027'),
('663 762 8845', '277-69-3008'),
('664 690 0798', '251-59-8030'),
('664 836 6591', '465-79-1765'),
('665 203 8619', '379-29-8189'),
('665 694 5726', '471-45-2246'),
('665 905 3108', '131-72-0750'),
('666 374 5579', '697-59-2285'),
('667 393 1920', '638-41-5151'),
('667 513 8534', '117-30-3504'),
('667 847 8028', '745-83-5147'),
('668 730 1911', '876-90-5898'),
('669 433 2950', '445-78-7130'),
('671 565 2488', '495-27-5999'),
('672 417 9628', '107-03-6561'),
('672 563 3147', '295-43-7642'),
('673 333 9600', '893-81-3515'),
('673 490 0647', '208-04-6584'),
('675 275 8113', '262-84-1557'),
('675 319 7787', '674-22-5493'),
('675 604 2481', '822-82-8832'),
('676 471 3302', '524-31-0241'),
('676 889 8954', '563-56-8835'),
('677 633 6885', '535-16-9276'),
('678 779 9030', '309-15-2265'),
('680 340 1310', '203-38-6399'),
('681 329 9742', '756-96-3446'),
('681 815 6195', '641-24-5810'),
('682 757 8078', '768-43-1024'),
('683 879 4715', '847-20-3618'),
('684 360 2903', '574-32-0666'),
('684 371 1922', '804-96-7203'),
('685 124 1753', '505-94-6839'),
('685 361 2645', '796-91-3736'),
('685 565 6768', '808-60-5254'),
('689 784 7740', '653-09-8892'),
('691 251 6686', '485-63-9973'),
('692 275 5480', '209-64-2920'),
('692 690 8647', '330-83-6556'),
('693 260 6968', '695-47-8197'),
('696 196 6118', '596-82-6362'),
('697 315 1073', '898-32-5331'),
('698 570 9809', '414-88-3295'),
('701 339 1016', '652-02-8840'),
('701 450 0179', '743-36-9780'),
('701 982 2725', '451-73-7602'),
('702 509 6838', '529-32-9145'),
('702 800 4799', '268-98-7012'),
('702 918 4514', '141-68-0561'),
('703 276 8060', '785-75-4072'),
('703 846 5308', '613-14-0404'),
('705 464 6293', '520-88-8981'),
('707 110 3056', '888-33-9535'),
('707 444 4929', '605-52-4702'),
('707 612 5120', '755-04-1927'),
('708 880 5238', '211-61-4868'),
('710 459 4286', '476-62-6662'),
('713 176 1501', '883-48-1646'),
('713 744 3930', '726-43-0278'),
('717 212 1155', '106-09-0996'),
('718 227 7437', '739-58-7746'),
('719 859 9425', '135-35-4802'),
('720 972 7324', '761-66-6026'),
('721 508 3882', '480-16-5021'),
('722 582 5551', '470-79-9698'),
('723 683 8207', '540-91-0732'),
('724 592 4478', '876-60-7488'),
('727 225 0720', '756-51-4341'),
('727 553 2409', '297-75-8331'),
('728 128 2623', '451-23-9048'),
('728 474 1034', '214-68-7594'),
('728 486 1877', '853-05-9598'),
('728 571 3230', '423-01-8442'),
('728 891 9879', '693-18-7521'),
('728 920 2509', '538-49-7646'),
('728 991 4881', '741-35-5997'),
('729 345 8883', '761-18-7735'),
('729 370 4684', '139-08-4534'),
('730 689 3143', '751-84-4766'),
('732 654 2854', '503-27-0092'),
('732 850 2210', '505-88-5463'),
('734 356 3088', '386-29-7428'),
('737 242 4474', '295-89-1479'),
('737 256 7232', '620-02-5627'),
('739 271 3991', '352-59-1937'),
('739 446 1415', '775-45-9628'),
('739 912 7759', '885-66-7865'),
('740 247 2326', '834-56-5869'),
('740 813 3789', '385-72-3298'),
('741 723 0306', '516-89-3752'),
('742 566 2144', '592-48-6373'),
('745 629 7404', '249-63-1376'),
('745 762 9425', '622-84-2600'),
('748 765 9286', '756-87-4256'),
('750 109 9053', '543-54-3315'),
('751 209 9431', '608-73-1214'),
('751 365 8931', '183-04-4116'),
('752 130 4655', '415-69-0176'),
('752 310 0281', '527-72-5288'),
('752 480 8262', '371-34-5525'),
('753 137 0178', '417-35-5751'),
('753 244 1621', '747-66-2205'),
('753 545 2869', '329-99-9542'),
('754 870 2904', '571-01-7964'),
('755 943 4838', '173-67-8954'),
('757 746 6221', '263-61-0061'),
('757 956 1163', '357-72-9952'),
('760 607 0022', '842-82-6241'),
('761 443 5855', '571-86-9059'),
('761 716 9763', '117-39-8781'),
('762 148 1640', '791-69-1783'),
('762 385 0293', '386-71-2125'),
('764 651 7035', '653-80-6219'),
('764 687 7489', '289-73-2848'),
('764 984 9894', '249-65-7775'),
('766 247 9478', '842-04-9083'),
('766 724 3421', '288-76-4758'),
('766 813 8620', '542-71-0842'),
('767 703 2427', '232-49-1854'),
('768 591 7734', '482-73-0698'),
('769 459 3121', '515-91-8667'),
('769 550 2158', '743-40-1988'),
('769 927 5880', '565-73-4465'),
('769 972 0420', '413-99-6299'),
('771 221 9122', '339-77-9936'),
('771 341 0592', '372-57-7187'),
('771 391 6161', '360-86-8467'),
('772 498 7205', '569-49-9496'),
('774 350 8831', '395-32-7304'),
('775 729 6285', '413-25-4328'),
('776 277 0202', '451-81-9101'),
('777 892 7020', '100-45-1173'),
('777 898 0136', '368-42-8392'),
('779 509 3045', '694-99-3056'),
('779 827 9377', '253-74-4909'),
('780 308 8762', '861-50-8531'),
('781 660 8344', '432-17-6991'),
('782 642 0767', '486-46-0533'),
('782 650 8606', '833-78-5947'),
('783 369 4358', '163-60-9082'),
('785 628 0799', '577-56-0680'),
('787 155 6421', '580-72-6655'),
('787 575 7239', '602-63-5736'),
('790 567 0474', '445-74-7964'),
('791 998 4510', '450-57-4676'),
('793 538 8387', '728-08-5491'),
('793 771 9488', '892-97-1136'),
('793 994 6798', '158-56-6288'),
('794 513 3740', '790-43-7498'),
('795 908 9389', '304-18-4278'),
('797 160 0752', '578-31-8831'),
('800 598 5057', '106-91-9649'),
('801 791 6090', '374-79-9908'),
('803 323 9001', '340-44-6723'),
('803 418 1061', '849-76-2363'),
('803 774 0033', '441-74-2740'),
('803 800 0761', '207-21-0767'),
('803 814 0720', '359-77-2367'),
('803 878 8151', '693-72-1886'),
('804 948 4796', '560-51-3785'),
('805 370 2960', '768-76-8705'),
('806 576 3250', '678-32-3955'),
('806 595 2500', '521-06-2339'),
('807 180 0210', '639-37-2985'),
('809 355 3761', '322-63-3278'),
('809 964 3254', '597-74-7846'),
('810 241 9006', '191-52-6602'),
('810 789 3609', '260-50-0904'),
('811 989 1378', '706-01-5290'),
('813 361 4732', '739-67-1940'),
('815 253 3767', '589-15-7125'),
('815 816 0918', '824-91-7458'),
('816 749 2702', '538-25-2185'),
('817 544 3346', '552-90-1812'),
('817 608 6436', '817-49-7902'),
('817 638 4760', '664-83-3704'),
('818 526 0496', '215-38-4091'),
('819 187 6278', '784-96-3180'),
('819 734 2176', '428-72-7411'),
('820 699 6448', '248-37-9632'),
('820 947 9786', '881-94-8827'),
('821 814 0920', '160-30-8677'),
('822 154 1057', '377-99-8885'),
('823 170 3181', '815-08-3009'),
('823 536 9714', '739-92-1260'),
('823 767 1413', '394-89-3790'),
('823 964 0290', '744-01-1652'),
('825 455 2593', '708-88-8361'),
('826 256 1392', '474-74-1685'),
('827 119 2373', '199-28-7671'),
('828 815 5054', '352-73-7856'),
('829 216 0586', '508-29-1069'),
('830 129 1023', '577-05-9599'),
('830 235 9511', '354-42-0625'),
('831 691 7480', '276-98-3901'),
('832 612 9225', '463-09-8446'),
('833 769 6401', '474-33-2932'),
('834 600 0333', '195-21-6074'),
('837 582 5818', '515-62-7632'),
('837 713 5626', '312-90-0021'),
('840 204 5302', '511-65-8142'),
('840 489 8231', '580-89-1809'),
('840 882 7211', '600-96-9050'),
('841 297 8035', '406-57-2927'),
('841 743 9586', '416-58-8737'),
('842 679 7321', '214-69-9486'),
('843 843 2666', '630-56-0269'),
('845 523 6137', '790-03-1388'),
('845 582 6055', '533-98-9625'),
('846 746 0360', '292-54-1436'),
('846 877 1417', '754-51-3356'),
('850 358 2626', '429-20-0478'),
('850 430 8477', '450-99-2719'),
('850 497 5882', '577-10-3406'),
('851 333 7383', '807-08-3911'),
('853 407 1923', '344-03-2321'),
('855 501 5108', '515-80-1326'),
('855 534 9236', '431-97-8443'),
('856 160 5487', '797-19-9061'),
('858 287 6783', '501-68-4212'),
('859 579 6208', '651-91-0897'),
('860 427 4514', '107-05-6857'),
('860 985 5229', '359-11-3115'),
('861 438 1528', '761-45-1110'),
('862 732 9148', '636-33-8184'),
('862 974 4776', '305-40-4439'),
('863 115 9087', '575-08-7466'),
('863 486 5968', '578-29-3237'),
('864 909 5717', '809-74-6201'),
('865 104 2075', '510-35-4648'),
('865 170 2906', '828-67-8176'),
('865 174 7323', '205-92-2122'),
('865 603 6825', '763-95-9097'),
('866 706 8348', '633-40-6990'),
('867 927 5487', '617-58-5528'),
('869 443 1929', '258-58-3790'),
('871 826 9751', '688-32-5987'),
('871 831 5149', '276-95-5577'),
('872 399 3586', '457-13-0933'),
('873 322 5048', '764-81-4706'),
('873 872 0068', '247-13-5373'),
('874 359 0954', '409-30-8316'),
('874 425 3372', '702-48-4976'),
('874 613 8389', '262-64-1484'),
('874 793 0098', '830-21-8351'),
('875 158 8485', '475-72-9152'),
('875 471 2512', '521-55-9114'),
('877 176 0710', '153-83-6478'),
('878 320 9943', '207-58-1716'),
('878 797 7321', '337-08-2557'),
('879 520 7794', '494-77-3423'),
('880 190 1415', '171-28-6103'),
('881 211 5439', '603-79-0086'),
('881 400 5634', '537-78-6072'),
('881 985 2384', '662-98-9550'),
('882 293 5295', '518-67-8017'),
('883 311 1800', '875-17-0579'),
('884 380 3036', '606-04-2470'),
('885 227 7840', '758-36-2605'),
('886 141 1257', '223-38-4069'),
('887 610 9574', '187-62-9554'),
('888 297 2659', '187-72-0600'),
('888 977 4336', '679-82-5040'),
('889 592 9142', '154-81-9152'),
('890 104 1700', '441-41-1761'),
('890 452 8696', '289-88-6058'),
('891 647 9243', '162-70-8170'),
('891 940 1994', '615-63-0884'),
('894 326 6524', '787-87-4709'),
('894 989 5132', '192-93-0694'),
('896 204 0213', '595-91-8282'),
('896 641 7538', '730-55-1286'),
('898 189 6287', '682-83-5336'),
('898 552 5325', '702-40-0846'),
('899 537 1928', '873-39-9708'),
('899 649 9165', '538-50-6249'),
('900 747 1645', '173-11-2345'),
('902 725 8399', '527-66-6049'),
('903 589 1323', '769-41-4283'),
('904 811 7248', '646-01-0268'),
('905 195 6304', '786-11-7629'),
('905 664 9601', '209-04-5724'),
('905 703 9635', '364-88-8369'),
('905 714 5288', '746-23-8842'),
('907 418 8833', '405-36-4810'),
('907 734 0786', '313-02-6506'),
('908 521 1054', '297-42-3074'),
('909 331 1573', '311-61-6765'),
('909 947 7700', '684-84-8132'),
('910 734 4947', '425-01-1885'),
('911 396 1189', '755-25-9182'),
('911 457 6432', '867-97-5207'),
('912 568 6954', '243-59-6337'),
('913 939 8201', '284-02-0666'),
('915 511 0923', '809-87-8719'),
('915 882 1333', '252-47-1182'),
('916 695 0656', '145-72-1463'),
('916 981 6087', '170-68-8098'),
('917 272 6365', '199-26-3344'),
('917 960 0808', '553-35-4784'),
('920 456 1081', '154-29-4386'),
('921 412 7835', '257-69-1654'),
('921 680 6838', '698-56-0233'),
('921 882 8360', '521-75-7690'),
('922 104 2670', '159-11-6268'),
('925 130 7558', '194-05-7994'),
('927 403 3577', '431-32-9368'),
('928 315 0178', '455-51-9442'),
('929 320 3085', '322-65-5648'),
('929 653 7396', '446-91-0723'),
('930 353 4026', '425-21-5198'),
('930 689 5760', '122-66-8997'),
('930 738 6202', '891-05-9249'),
('931 577 2513', '657-38-1136'),
('931 692 0216', '275-62-2289'),
('931 887 6050', '651-21-1371'),
('933 135 5929', '371-33-3055'),
('934 416 8303', '340-91-2496'),
('935 555 4390', '891-84-8931'),
('936 635 8929', '381-61-4435'),
('937 457 9040', '697-06-4338'),
('938 863 8427', '586-61-8598'),
('940 189 9372', '339-20-3042'),
('940 813 8837', '236-63-2125'),
('940 928 2050', '118-53-2970'),
('941 282 6330', '735-03-3141'),
('941 829 5528', '717-36-9136'),
('943 227 4912', '572-37-0732'),
('944 439 1002', '888-86-6227'),
('944 464 4577', '501-28-3011'),
('945 267 5831', '203-98-7500'),
('946 282 3247', '571-69-7762'),
('948 973 1664', '355-07-5198'),
('949 910 3831', '316-89-3353'),
('950 113 2905', '871-68-0788'),
('950 526 6158', '858-30-3108'),
('951 844 4439', '238-36-7153'),
('952 774 9024', '314-16-6340'),
('953 191 4205', '805-78-6950'),
('954 389 8570', '215-89-8871'),
('955 504 0933', '440-64-1426'),
('956 338 5653', '472-33-4608'),
('956 872 6912', '731-81-3739'),
('956 920 5446', '765-95-0286'),
('959 186 7743', '873-74-7696'),
('960 624 3705', '412-23-7351'),
('961 340 2412', '293-90-3888'),
('963 558 0684', '493-77-2287'),
('964 434 5454', '844-88-8671'),
('967 953 7571', '271-54-4443'),
('968 956 9552', '267-88-8001'),
('969 470 8511', '263-85-7697'),
('972 187 2825', '481-81-3680'),
('974 337 7482', '265-46-3165'),
('975 783 4880', '233-42-6148'),
('976 541 1522', '382-87-4732'),
('977 414 1902', '773-77-0310'),
('978 199 9429', '161-63-1632'),
('978 499 0907', '346-84-8686'),
('979 466 5108', '216-67-5182'),
('979 800 0919', '276-22-5143'),
('980 770 6833', '482-26-3919'),
('982 228 5007', '299-62-3583'),
('982 440 7122', '859-13-7308'),
('982 903 7777', '748-97-7451'),
('983 307 7539', '832-03-0528'),
('983 456 8198', '676-29-4142'),
('983 620 3780', '504-04-0030'),
('983 635 2332', '744-73-5680'),
('984 958 2326', '577-62-3066'),
('987 280 1120', '401-14-4630'),
('989 159 9221', '800-59-9489'),
('990 956 3605', '116-14-7741'),
('991 303 4997', '708-69-7072'),
('991 621 6424', '855-74-2413'),
('994 318 9765', '803-51-4877'),
('995 187 2812', '506-38-6137'),
('995 444 4554', '252-45-2928'),
('995 606 6159', '703-14-9621'),
('996 202 3160', '738-73-4064'),
('996 827 6999', '499-11-6991'),
('997 845 7954', '626-20-9234'),
('998 504 8203', '851-94-4663'),
('998 672 8307', '768-02-3100'),
('999 928 2330', '419-49-2373');

-- --------------------------------------------------------

--
-- Table structure for table `treatments`
--

CREATE TABLE `treatments` (
  `treatment_id` int(11) NOT NULL,
  `description` varchar(50) DEFAULT NULL,
  `charge` int(11) NOT NULL,
  `action` varchar(25) NOT NULL,
  `complaint` varchar(25) NOT NULL,
  `a_id` int(11) NOT NULL,
  `treator_id` int(11) NOT NULL
) ENGINE=InnoDB DEFAULT CHARSET=utf8;

--
-- Dumping data for table `treatments`
--

INSERT INTO `treatments` (`treatment_id`, `description`, `charge`, `action`, `complaint`, `a_id`, `treator_id`) VALUES
(1, NULL, 389, 'teeth whitening', 'general inspection', 6, 9),
(2, 'control after this treatment requested', 412, 'tooth decay treatment', 'inspection after treatmen', 11, 24),
(3, NULL, 62, 'dental filling', 'general inspection', 18, 23),
(4, NULL, 141, 'dental filling', 'general inspection', 21, 10),
(5, 'control after this treatment requested', 326, 'tooth decay treatment', 'general inspection', 28, 17),
(6, 'blood test requested', 334, 'root canal treatment', 'inspection after treatmen', 30, 1),
(7, NULL, 277, 'root canal treatment', 'inspection after treatmen', 33, 19),
(8, NULL, 486, 'tooth decay treatment', 'annual inspection', 34, 18),
(9, NULL, 116, 'root canal treatment', 'inspection after treatmen', 35, 23),
(10, 'control after this treatment requested', 50, 'root canal treatment', 'annual inspection', 36, 2),
(11, NULL, 94, 'tooth decay treatment', 'toothache', 41, 3),
(12, NULL, 408, 'teeth whitening', 'inspection after treatmen', 42, 10),
(13, NULL, 326, 'dental filling', 'annual inspection', 43, 5),
(14, NULL, 315, 'teeth whitening', 'toothache', 45, 5),
(15, NULL, 137, 'tooth decay treatment', 'toothache', 47, 15),
(16, 'control after this treatment requested', 114, 'dental filling', 'inspection after treatmen', 50, 12),
(17, NULL, 82, 'dental implant', 'general inspection', 51, 16),
(18, 'blood test requested', 425, 'root canal treatment', 'annual inspection', 55, 25),
(19, NULL, 368, 'dental implant', 'general inspection', 56, 7),
(20, NULL, 262, 'teeth whitening', 'inspection after treatmen', 57, 24),
(21, NULL, 247, 'teeth whitening', 'annual inspection', 59, 14),
(22, NULL, 185, 'root canal treatment', 'general inspection', 60, 15),
(23, NULL, 53, 'root canal treatment', 'general inspection', 62, 21),
(24, NULL, 262, 'dental filling', 'general inspection', 63, 5),
(25, NULL, 178, 'tooth decay treatment', 'toothache', 65, 22),
(26, NULL, 180, 'tooth decay treatment', 'inspection after treatmen', 67, 11),
(27, 'blood test requested', 132, 'teeth whitening', 'toothache', 68, 21),
(28, NULL, 386, 'tooth decay treatment', 'general inspection', 70, 21),
(29, NULL, 135, 'tooth decay treatment', 'toothache', 74, 19),
(30, NULL, 248, 'teeth whitening', 'toothache', 77, 12),
(31, 'blood test requested', 463, 'teeth whitening', 'annual inspection', 82, 3),
(32, NULL, 65, 'teeth whitening', 'inspection after treatmen', 84, 10),
(33, NULL, 424, 'teeth whitening', 'general inspection', 86, 7),
(34, NULL, 251, 'teeth whitening', 'annual inspection', 87, 3),
(35, NULL, 490, 'root canal treatment', 'toothache', 89, 10),
(36, NULL, 188, 'dental implant', 'toothache', 90, 15),
(37, NULL, 452, 'tooth decay treatment', 'general inspection', 91, 7),
(38, NULL, 425, 'tooth decay treatment', 'general inspection', 93, 5),
(39, NULL, 243, 'root canal treatment', 'inspection after treatmen', 98, 9),
(40, NULL, 306, 'root canal treatment', 'toothache', 99, 14),
(41, NULL, 451, 'root canal treatment', 'annual inspection', 102, 13),
(42, NULL, 472, 'root canal treatment', 'general inspection', 103, 20),
(43, NULL, 198, 'tooth decay treatment', 'inspection after treatmen', 105, 8),
(44, NULL, 230, 'tooth decay treatment', 'toothache', 107, 4),
(45, NULL, 306, 'dental filling', 'inspection after treatmen', 114, 10),
(46, NULL, 85, 'dental filling', 'inspection after treatmen', 115, 25),
(47, NULL, 273, 'root canal treatment', 'general inspection', 116, 5),
(48, NULL, 367, 'tooth decay treatment', 'general inspection', 120, 10),
(49, NULL, 264, 'dental filling', 'inspection after treatmen', 121, 20),
(50, NULL, 52, 'teeth whitening', 'inspection after treatmen', 126, 17),
(51, NULL, 283, 'dental filling', 'toothache', 127, 19),
(52, 'x-ray requested', 476, 'dental filling', 'toothache', 128, 2),
(53, NULL, 229, 'tooth decay treatment', 'inspection after treatmen', 129, 10),
(54, NULL, 165, 'root canal treatment', 'annual inspection', 134, 11),
(55, NULL, 165, 'teeth whitening', 'toothache', 135, 4),
(56, 'control after this treatment requested', 108, 'teeth whitening', 'inspection after treatmen', 142, 4),
(57, 'blood test requested', 448, 'dental implant', 'toothache', 146, 8),
(58, NULL, 240, 'dental filling', 'inspection after treatmen', 147, 14),
(59, NULL, 466, 'dental implant', 'inspection after treatmen', 152, 23),
(60, NULL, 485, 'dental implant', 'general inspection', 155, 13),
(61, NULL, 384, 'teeth whitening', 'inspection after treatmen', 156, 5),
(62, NULL, 245, 'dental implant', 'general inspection', 160, 6),
(63, NULL, 210, 'dental filling', 'general inspection', 164, 1),
(64, NULL, 464, 'dental filling', 'toothache', 166, 21),
(65, NULL, 243, 'teeth whitening', 'inspection after treatmen', 170, 15),
(66, 'x-ray requested', 347, 'tooth decay treatment', 'toothache', 171, 23),
(67, NULL, 343, 'root canal treatment', 'inspection after treatmen', 172, 18),
(68, NULL, 343, 'teeth whitening', 'toothache', 173, 20),
(69, NULL, 218, 'teeth whitening', 'annual inspection', 175, 25),
(70, NULL, 74, 'dental implant', 'annual inspection', 183, 20),
(71, NULL, 376, 'dental implant', 'annual inspection', 188, 16),
(72, NULL, 427, 'dental filling', 'toothache', 189, 11),
(73, NULL, 113, 'dental implant', 'annual inspection', 190, 4),
(74, NULL, 148, 'dental filling', 'annual inspection', 194, 6),
(75, NULL, 423, 'dental implant', 'annual inspection', 196, 20),
(76, NULL, 60, 'dental filling', 'annual inspection', 198, 15),
(77, NULL, 99, 'teeth whitening', 'general inspection', 199, 25),
(78, NULL, 96, 'root canal treatment', 'inspection after treatmen', 202, 10),
(79, NULL, 223, 'tooth decay treatment', 'toothache', 204, 14),
(80, NULL, 178, 'root canal treatment', 'annual inspection', 207, 18),
(81, 'x-ray requested', 150, 'teeth whitening', 'annual inspection', 208, 21),
(82, NULL, 360, 'tooth decay treatment', 'general inspection', 213, 18),
(83, NULL, 210, 'dental filling', 'general inspection', 214, 15),
(84, NULL, 364, 'tooth decay treatment', 'inspection after treatmen', 218, 1),
(85, NULL, 253, 'tooth decay treatment', 'general inspection', 219, 6),
(86, NULL, 278, 'dental filling', 'toothache', 220, 7),
(87, NULL, 216, 'teeth whitening', 'general inspection', 221, 16),
(88, 'control after this treatment requested', 362, 'root canal treatment', 'toothache', 223, 15),
(89, NULL, 130, 'tooth decay treatment', 'toothache', 229, 9),
(90, NULL, 385, 'tooth decay treatment', 'inspection after treatmen', 230, 3),
(91, NULL, 136, 'dental implant', 'toothache', 233, 18),
(92, NULL, 278, 'root canal treatment', 'annual inspection', 236, 22),
(93, NULL, 184, 'tooth decay treatment', 'annual inspection', 244, 23),
(94, NULL, 431, 'root canal treatment', 'general inspection', 245, 16),
(95, NULL, 59, 'dental implant', 'general inspection', 246, 5),
(96, NULL, 164, 'teeth whitening', 'general inspection', 247, 6),
(97, NULL, 298, 'dental filling', 'inspection after treatmen', 250, 21),
(98, NULL, 410, 'teeth whitening', 'annual inspection', 252, 24),
(99, NULL, 466, 'root canal treatment', 'inspection after treatmen', 253, 25),
(100, NULL, 310, 'dental implant', 'inspection after treatmen', 256, 23),
(101, NULL, 176, 'dental implant', 'inspection after treatmen', 257, 17),
(102, NULL, 175, 'dental filling', 'toothache', 259, 19),
(103, NULL, 447, 'teeth whitening', 'inspection after treatmen', 261, 14),
(104, 'x-ray requested', 437, 'root canal treatment', 'inspection after treatmen', 264, 5),
(105, NULL, 442, 'dental filling', 'inspection after treatmen', 265, 15),
(106, NULL, 418, 'dental filling', 'inspection after treatmen', 268, 7),
(107, NULL, 135, 'dental implant', 'annual inspection', 270, 23),
(108, NULL, 404, 'dental filling', 'annual inspection', 273, 19),
(109, NULL, 99, 'teeth whitening', 'toothache', 277, 13),
(110, NULL, 353, 'root canal treatment', 'annual inspection', 280, 1),
(111, NULL, 215, 'tooth decay treatment', 'annual inspection', 282, 10),
(112, NULL, 82, 'dental filling', 'general inspection', 285, 15),
(113, NULL, 232, 'root canal treatment', 'annual inspection', 290, 18),
(114, NULL, 307, 'teeth whitening', 'annual inspection', 291, 17),
(115, NULL, 375, 'teeth whitening', 'general inspection', 293, 12),
(116, NULL, 283, 'dental implant', 'toothache', 295, 19),
(117, NULL, 432, 'root canal treatment', 'toothache', 299, 13),
(118, 'blood test requested', 136, 'tooth decay treatment', 'inspection after treatmen', 304, 4),
(119, NULL, 263, 'tooth decay treatment', 'annual inspection', 305, 10),
(120, 'x-ray requested', 408, 'teeth whitening', 'annual inspection', 306, 17),
(121, NULL, 231, 'root canal treatment', 'general inspection', 309, 10),
(122, NULL, 305, 'dental filling', 'general inspection', 310, 23),
(123, NULL, 371, 'tooth decay treatment', 'annual inspection', 313, 5),
(124, NULL, 363, 'dental implant', 'inspection after treatmen', 314, 22),
(125, NULL, 221, 'dental filling', 'general inspection', 316, 6),
(126, NULL, 415, 'root canal treatment', 'general inspection', 318, 16),
(127, 'x-ray requested', 396, 'dental filling', 'inspection after treatmen', 319, 19),
(128, NULL, 388, 'teeth whitening', 'annual inspection', 321, 1),
(129, 'x-ray requested', 342, 'dental implant', 'annual inspection', 324, 10),
(130, 'x-ray requested', 183, 'dental filling', 'general inspection', 325, 17),
(131, NULL, 408, 'root canal treatment', 'annual inspection', 327, 22),
(132, NULL, 237, 'dental filling', 'general inspection', 328, 2),
(133, NULL, 280, 'dental filling', 'toothache', 330, 8),
(134, 'blood test requested', 374, 'root canal treatment', 'toothache', 331, 5),
(135, NULL, 398, 'root canal treatment', 'annual inspection', 336, 25),
(136, NULL, 231, 'root canal treatment', 'inspection after treatmen', 337, 16),
(137, NULL, 284, 'root canal treatment', 'toothache', 342, 4),
(138, NULL, 466, 'root canal treatment', 'general inspection', 343, 13),
(139, NULL, 286, 'tooth decay treatment', 'inspection after treatmen', 348, 17),
(140, NULL, 259, 'teeth whitening', 'general inspection', 350, 13),
(141, NULL, 343, 'dental filling', 'toothache', 352, 10),
(142, 'control after this treatment requested', 381, 'dental filling', 'toothache', 353, 2),
(143, NULL, 480, 'teeth whitening', 'toothache', 355, 18),
(144, 'x-ray requested', 209, 'tooth decay treatment', 'annual inspection', 356, 9),
(145, NULL, 314, 'root canal treatment', 'inspection after treatmen', 357, 17),
(146, NULL, 238, 'dental filling', 'annual inspection', 360, 23),
(147, 'x-ray requested', 191, 'dental implant', 'inspection after treatmen', 361, 15),
(148, NULL, 320, 'tooth decay treatment', 'general inspection', 363, 24),
(149, NULL, 50, 'teeth whitening', 'annual inspection', 366, 13),
(150, NULL, 197, 'tooth decay treatment', 'general inspection', 367, 10),
(151, 'x-ray requested', 419, 'dental filling', 'toothache', 368, 3),
(152, NULL, 335, 'tooth decay treatment', 'toothache', 371, 18),
(153, NULL, 90, 'dental filling', 'annual inspection', 372, 7),
(154, 'control after this treatment requested', 332, 'root canal treatment', 'general inspection', 374, 11),
(155, NULL, 141, 'tooth decay treatment', 'toothache', 376, 23),
(156, NULL, 327, 'dental implant', 'toothache', 377, 18),
(157, 'blood test requested', 442, 'dental filling', 'toothache', 378, 15),
(158, 'control after this treatment requested', 377, 'dental filling', 'general inspection', 379, 18),
(159, NULL, 315, 'teeth whitening', 'inspection after treatmen', 381, 21),
(160, NULL, 404, 'dental implant', 'inspection after treatmen', 383, 5),
(161, NULL, 470, 'tooth decay treatment', 'annual inspection', 384, 2),
(162, NULL, 235, 'root canal treatment', 'general inspection', 386, 13),
(163, NULL, 224, 'root canal treatment', 'general inspection', 387, 24),
(164, NULL, 185, 'dental implant', 'inspection after treatmen', 393, 21),
(165, NULL, 378, 'dental implant', 'inspection after treatmen', 394, 9),
(166, NULL, 247, 'dental implant', 'annual inspection', 395, 25),
(167, NULL, 211, 'dental filling', 'toothache', 396, 10),
(168, NULL, 370, 'dental filling', 'inspection after treatmen', 402, 21),
(169, NULL, 195, 'dental filling', 'general inspection', 404, 5),
(170, NULL, 499, 'dental filling', 'annual inspection', 407, 23),
(171, NULL, 314, 'teeth whitening', 'toothache', 409, 3),
(172, NULL, 179, 'root canal treatment', 'toothache', 412, 18),
(173, 'blood test requested', 124, 'root canal treatment', 'annual inspection', 413, 10),
(174, 'control after this treatment requested', 401, 'root canal treatment', 'general inspection', 414, 1),
(175, NULL, 107, 'root canal treatment', 'annual inspection', 416, 3),
(176, NULL, 437, 'dental filling', 'toothache', 420, 5),
(177, NULL, 229, 'root canal treatment', 'toothache', 421, 3),
(178, 'x-ray requested', 132, 'tooth decay treatment', 'inspection after treatmen', 422, 25),
(179, NULL, 399, 'teeth whitening', 'toothache', 425, 23),
(180, NULL, 279, 'dental filling', 'general inspection', 426, 2),
(181, NULL, 297, 'root canal treatment', 'toothache', 427, 7),
(182, NULL, 419, 'root canal treatment', 'annual inspection', 431, 22),
(183, 'x-ray requested', 403, 'teeth whitening', 'general inspection', 434, 5),
(184, 'blood test requested', 74, 'tooth decay treatment', 'general inspection', 438, 6),
(185, NULL, 399, 'tooth decay treatment', 'annual inspection', 444, 22),
(186, NULL, 414, 'root canal treatment', 'general inspection', 445, 18),
(187, 'control after this treatment requested', 322, 'dental implant', 'inspection after treatmen', 448, 2),
(188, 'control after this treatment requested', 213, 'dental implant', 'toothache', 450, 12),
(189, NULL, 249, 'dental filling', 'general inspection', 459, 24),
(190, NULL, 497, 'dental implant', 'annual inspection', 461, 13),
(191, NULL, 153, 'teeth whitening', 'toothache', 463, 13),
(192, NULL, 243, 'tooth decay treatment', 'toothache', 465, 22),
(193, NULL, 277, 'teeth whitening', 'general inspection', 466, 7),
(194, NULL, 318, 'dental filling', 'annual inspection', 468, 12),
(195, 'control after this treatment requested', 290, 'root canal treatment', 'inspection after treatmen', 474, 21),
(196, NULL, 228, 'teeth whitening', 'annual inspection', 475, 10),
(197, NULL, 221, 'teeth whitening', 'general inspection', 476, 3),
(198, 'control after this treatment requested', 157, 'root canal treatment', 'annual inspection', 479, 12),
(199, NULL, 158, 'root canal treatment', 'general inspection', 481, 15),
(200, NULL, 251, 'dental implant', 'inspection after treatmen', 484, 24),
(201, 'control after this treatment requested', 210, 'teeth whitening', 'annual inspection', 485, 13),
(202, NULL, 316, 'tooth decay treatment', 'inspection after treatmen', 486, 10),
(203, NULL, 483, 'tooth decay treatment', 'annual inspection', 487, 16),
(204, NULL, 416, 'teeth whitening', 'general inspection', 489, 4),
(205, NULL, 208, 'dental implant', 'annual inspection', 491, 6),
(206, NULL, 361, 'tooth decay treatment', 'general inspection', 493, 21),
(207, NULL, 500, 'dental implant', 'annual inspection', 495, 19),
(208, NULL, 261, 'root canal treatment', 'inspection after treatmen', 497, 19),
(209, NULL, 297, 'dental implant', 'annual inspection', 501, 19),
(210, NULL, 345, 'root canal treatment', 'annual inspection', 505, 13),
(211, NULL, 304, 'dental filling', 'inspection after treatmen', 506, 18),
(212, NULL, 416, 'dental filling', 'annual inspection', 507, 14),
(213, NULL, 420, 'dental implant', 'inspection after treatmen', 512, 21),
(214, 'blood test requested', 439, 'tooth decay treatment', 'annual inspection', 514, 9),
(215, 'control after this treatment requested', 443, 'tooth decay treatment', 'toothache', 515, 19),
(216, NULL, 80, 'root canal treatment', 'toothache', 520, 6),
(217, NULL, 70, 'dental implant', 'general inspection', 521, 11),
(218, NULL, 75, 'dental filling', 'toothache', 522, 11),
(219, 'blood test requested', 171, 'dental implant', 'toothache', 523, 20),
(220, 'x-ray requested', 345, 'root canal treatment', 'general inspection', 525, 1),
(221, NULL, 155, 'root canal treatment', 'general inspection', 527, 14),
(222, NULL, 216, 'tooth decay treatment', 'annual inspection', 529, 25),
(223, NULL, 123, 'teeth whitening', 'toothache', 533, 9),
(224, NULL, 142, 'dental implant', 'annual inspection', 535, 17),
(225, NULL, 220, 'teeth whitening', 'annual inspection', 539, 14),
(226, NULL, 473, 'root canal treatment', 'toothache', 544, 6),
(227, NULL, 199, 'root canal treatment', 'inspection after treatmen', 554, 9),
(228, NULL, 469, 'root canal treatment', 'inspection after treatmen', 556, 25),
(229, NULL, 468, 'dental filling', 'general inspection', 558, 24),
(230, NULL, 138, 'root canal treatment', 'inspection after treatmen', 559, 15),
(231, NULL, 162, 'dental filling', 'annual inspection', 561, 2),
(232, NULL, 306, 'root canal treatment', 'general inspection', 562, 23),
(233, NULL, 339, 'root canal treatment', 'annual inspection', 563, 18),
(234, 'blood test requested', 55, 'tooth decay treatment', 'inspection after treatmen', 565, 9),
(235, 'x-ray requested', 310, 'tooth decay treatment', 'inspection after treatmen', 567, 22),
(236, NULL, 261, 'teeth whitening', 'general inspection', 568, 21),
(237, 'control after this treatment requested', 365, 'dental filling', 'general inspection', 569, 17),
(238, NULL, 181, 'dental filling', 'annual inspection', 570, 8),
(239, NULL, 219, 'root canal treatment', 'general inspection', 571, 18),
(240, NULL, 212, 'root canal treatment', 'annual inspection', 572, 12),
(241, NULL, 282, 'teeth whitening', 'general inspection', 575, 14),
(242, NULL, 86, 'dental implant', 'annual inspection', 576, 22),
(243, 'blood test requested', 454, 'dental filling', 'annual inspection', 577, 10),
(244, NULL, 69, 'teeth whitening', 'inspection after treatmen', 580, 16),
(245, NULL, 166, 'teeth whitening', 'toothache', 588, 15),
(246, NULL, 492, 'dental filling', 'toothache', 590, 9),
(247, NULL, 496, 'dental filling', 'general inspection', 591, 13),
(248, 'control after this treatment requested', 365, 'dental filling', 'annual inspection', 593, 12),
(249, NULL, 318, 'root canal treatment', 'general inspection', 595, 21),
(250, NULL, 379, 'tooth decay treatment', 'inspection after treatmen', 600, 25),
(251, NULL, 162, 'teeth whitening', 'toothache', 603, 19),
(252, NULL, 394, 'dental implant', 'annual inspection', 605, 3),
(253, NULL, 489, 'dental filling', 'annual inspection', 609, 24),
(254, 'control after this treatment requested', 218, 'root canal treatment', 'general inspection', 610, 7),
(255, NULL, 115, 'root canal treatment', 'annual inspection', 611, 10),
(256, NULL, 285, 'dental implant', 'general inspection', 613, 6),
(257, NULL, 99, 'tooth decay treatment', 'inspection after treatmen', 615, 7),
(258, NULL, 460, 'dental filling', 'annual inspection', 616, 21),
(259, NULL, 131, 'dental filling', 'annual inspection', 618, 23),
(260, 'x-ray requested', 357, 'dental filling', 'inspection after treatmen', 619, 21),
(261, NULL, 438, 'root canal treatment', 'toothache', 623, 13),
(262, 'x-ray requested', 372, 'root canal treatment', 'annual inspection', 627, 6),
(263, 'blood test requested', 414, 'dental implant', 'general inspection', 629, 22),
(264, 'blood test requested', 138, 'teeth whitening', 'toothache', 631, 2),
(265, 'control after this treatment requested', 367, 'root canal treatment', 'annual inspection', 633, 5),
(266, NULL, 165, 'teeth whitening', 'inspection after treatmen', 636, 23),
(267, NULL, 169, 'root canal treatment', 'general inspection', 640, 14),
(268, NULL, 139, 'root canal treatment', 'inspection after treatmen', 644, 9),
(269, 'blood test requested', 357, 'dental filling', 'annual inspection', 646, 2),
(270, NULL, 200, 'tooth decay treatment', 'toothache', 648, 12),
(271, NULL, 236, 'teeth whitening', 'general inspection', 649, 17),
(272, NULL, 287, 'root canal treatment', 'annual inspection', 651, 18),
(273, NULL, 433, 'teeth whitening', 'annual inspection', 652, 16),
(274, NULL, 317, 'root canal treatment', 'toothache', 657, 20),
(275, NULL, 145, 'dental filling', 'toothache', 658, 14),
(276, NULL, 244, 'root canal treatment', 'toothache', 662, 6),
(277, 'blood test requested', 228, 'dental filling', 'inspection after treatmen', 664, 1),
(278, NULL, 120, 'dental filling', 'inspection after treatmen', 667, 21),
(279, NULL, 411, 'root canal treatment', 'inspection after treatmen', 677, 20),
(280, NULL, 316, 'root canal treatment', 'general inspection', 679, 19),
(281, NULL, 312, 'tooth decay treatment', 'annual inspection', 680, 21),
(282, NULL, 294, 'root canal treatment', 'inspection after treatmen', 684, 15),
(283, 'blood test requested', 66, 'tooth decay treatment', 'toothache', 685, 11),
(284, NULL, 131, 'teeth whitening', 'annual inspection', 687, 21),
(285, NULL, 286, 'dental filling', 'toothache', 692, 14),
(286, NULL, 363, 'dental filling', 'annual inspection', 694, 23),
(287, NULL, 381, 'tooth decay treatment', 'general inspection', 696, 13),
(288, NULL, 465, 'root canal treatment', 'inspection after treatmen', 697, 19),
(289, NULL, 105, 'teeth whitening', 'annual inspection', 699, 25),
(290, NULL, 443, 'root canal treatment', 'annual inspection', 700, 13),
(291, 'x-ray requested', 462, 'dental implant', 'general inspection', 702, 16),
(292, NULL, 434, 'tooth decay treatment', 'general inspection', 708, 24),
(293, NULL, 327, 'dental filling', 'general inspection', 715, 5),
(294, NULL, 66, 'teeth whitening', 'inspection after treatmen', 717, 14),
(295, NULL, 67, 'tooth decay treatment', 'annual inspection', 718, 16),
(296, NULL, 482, 'tooth decay treatment', 'annual inspection', 719, 9),
(297, NULL, 79, 'teeth whitening', 'inspection after treatmen', 721, 12),
(298, NULL, 125, 'tooth decay treatment', 'general inspection', 722, 10),
(299, 'control after this treatment requested', 300, 'root canal treatment', 'general inspection', 724, 7),
(300, NULL, 117, 'tooth decay treatment', 'inspection after treatmen', 728, 17);

--
-- Indexes for dumped tables
--

--
-- Indexes for table `addresses`
--
ALTER TABLE `addresses`
  ADD PRIMARY KEY (`address_id`),
  ADD KEY `p_ssn` (`p_ssn`);

--
-- Indexes for table `appointments`
--
ALTER TABLE `appointments`
  ADD PRIMARY KEY (`appointment_id`),
  ADD KEY `d_id` (`d_id`),
  ADD KEY `p_id` (`p_id`);

--
-- Indexes for table `chronic_diseases`
--
ALTER TABLE `chronic_diseases`
  ADD PRIMARY KEY (`chronic_disease`,`chronic_ssn`),
  ADD KEY `chronic_ssn` (`chronic_ssn`);

--
-- Indexes for table `dentists`
--
ALTER TABLE `dentists`
  ADD PRIMARY KEY (`dentist_id`),
  ADD KEY `dentist_ssn` (`dentist_ssn`);

--
-- Indexes for table `holiday_dates`
--
ALTER TABLE `holiday_dates`
  ADD PRIMARY KEY (`holiday_id`),
  ADD KEY `resting_id` (`resting_id`);

--
-- Indexes for table `medicines`
--
ALTER TABLE `medicines`
  ADD PRIMARY KEY (`medicine_id`),
  ADD KEY `t_id` (`t_id`);

--
-- Indexes for table `patients`
--
ALTER TABLE `patients`
  ADD PRIMARY KEY (`patient_id`),
  ADD KEY `patient_ssn` (`patient_ssn`);

--
-- Indexes for table `persons`
--
ALTER TABLE `persons`
  ADD PRIMARY KEY (`ssn`);

--
-- Indexes for table `person_contact_numbers`
--
ALTER TABLE `person_contact_numbers`
  ADD PRIMARY KEY (`contact_number`,`contact_ssn`),
  ADD KEY `contact_ssn` (`contact_ssn`);

--
-- Indexes for table `treatments`
--
ALTER TABLE `treatments`
  ADD PRIMARY KEY (`treatment_id`),
  ADD KEY `a_id` (`a_id`),
  ADD KEY `treator_id` (`treator_id`);

--
-- AUTO_INCREMENT for dumped tables
--

--
-- AUTO_INCREMENT for table `addresses`
--
ALTER TABLE `addresses`
  MODIFY `address_id` int(11) NOT NULL AUTO_INCREMENT, AUTO_INCREMENT=1003;

--
-- AUTO_INCREMENT for table `appointments`
--
ALTER TABLE `appointments`
  MODIFY `appointment_id` int(11) NOT NULL AUTO_INCREMENT, AUTO_INCREMENT=1014;

--
-- AUTO_INCREMENT for table `dentists`
--
ALTER TABLE `dentists`
  MODIFY `dentist_id` int(11) NOT NULL AUTO_INCREMENT, AUTO_INCREMENT=26;

--
-- AUTO_INCREMENT for table `holiday_dates`
--
ALTER TABLE `holiday_dates`
  MODIFY `holiday_id` int(11) NOT NULL AUTO_INCREMENT, AUTO_INCREMENT=28;

--
-- AUTO_INCREMENT for table `medicines`
--
ALTER TABLE `medicines`
  MODIFY `medicine_id` int(11) NOT NULL AUTO_INCREMENT, AUTO_INCREMENT=53;

--
-- AUTO_INCREMENT for table `patients`
--
ALTER TABLE `patients`
  MODIFY `patient_id` int(11) NOT NULL AUTO_INCREMENT, AUTO_INCREMENT=1003;

--
-- AUTO_INCREMENT for table `treatments`
--
ALTER TABLE `treatments`
  MODIFY `treatment_id` int(11) NOT NULL AUTO_INCREMENT, AUTO_INCREMENT=304;

--
-- Constraints for dumped tables
--

--
-- Constraints for table `addresses`
--
ALTER TABLE `addresses`
  ADD CONSTRAINT `addresses_ibfk_1` FOREIGN KEY (`p_ssn`) REFERENCES `persons` (`ssn`);

--
-- Constraints for table `appointments`
--
ALTER TABLE `appointments`
  ADD CONSTRAINT `appointments_ibfk_1` FOREIGN KEY (`d_id`) REFERENCES `dentists` (`dentist_id`),
  ADD CONSTRAINT `appointments_ibfk_2` FOREIGN KEY (`p_id`) REFERENCES `patients` (`patient_id`);

--
-- Constraints for table `chronic_diseases`
--
ALTER TABLE `chronic_diseases`
  ADD CONSTRAINT `chronic_diseases_ibfk_1` FOREIGN KEY (`chronic_ssn`) REFERENCES `persons` (`ssn`);

--
-- Constraints for table `dentists`
--
ALTER TABLE `dentists`
  ADD CONSTRAINT `dentists_ibfk_1` FOREIGN KEY (`dentist_ssn`) REFERENCES `persons` (`ssn`);

--
-- Constraints for table `holiday_dates`
--
ALTER TABLE `holiday_dates`
  ADD CONSTRAINT `holiday_dates_ibfk_1` FOREIGN KEY (`resting_id`) REFERENCES `dentists` (`dentist_id`);

--
-- Constraints for table `medicines`
--
ALTER TABLE `medicines`
  ADD CONSTRAINT `medicines_ibfk_1` FOREIGN KEY (`t_id`) REFERENCES `treatments` (`treatment_id`);

--
-- Constraints for table `patients`
--
ALTER TABLE `patients`
  ADD CONSTRAINT `patients_ibfk_1` FOREIGN KEY (`patient_ssn`) REFERENCES `persons` (`ssn`);

--
-- Constraints for table `person_contact_numbers`
--
ALTER TABLE `person_contact_numbers`
  ADD CONSTRAINT `person_contact_numbers_ibfk_1` FOREIGN KEY (`contact_ssn`) REFERENCES `persons` (`ssn`);

--
-- Constraints for table `treatments`
--
ALTER TABLE `treatments`
  ADD CONSTRAINT `treatments_ibfk_1` FOREIGN KEY (`a_id`) REFERENCES `appointments` (`appointment_id`),
  ADD CONSTRAINT `treatments_ibfk_2` FOREIGN KEY (`treator_id`) REFERENCES `dentists` (`dentist_id`);
COMMIT;

/*!40101 SET CHARACTER_SET_CLIENT=@OLD_CHARACTER_SET_CLIENT */;
/*!40101 SET CHARACTER_SET_RESULTS=@OLD_CHARACTER_SET_RESULTS */;
/*!40101 SET COLLATION_CONNECTION=@OLD_COLLATION_CONNECTION */;
